{
"type": "FeatureCollection",
"name": "communities_enriched",
"crs": { "type": "name", "properties": { "name": "urn:ogc:def:crs:OGC:1.3:CRS84" } },
"features": [
{ "type": "Feature", "properties": { "id": "kml_1", "description": "<center><table><tr><th colspan='2' align='center'><em>Attributes</em></th></tr><tr bgcolor=\"#E3E3F3\">\n<th>OBJECTID</th>\n<td>29</td>\n</tr><tr bgcolor=\"\">\n<th>CNAME_E</th>\n<td>AL THANYAH  FOURTH</td>\n</tr><tr bgcolor=\"#E3E3F3\">\n<th>CNAME_A</th>\n<td>الثنيه الرابعة</td>\n</tr><tr bgcolor=\"\">\n<th>LABEL_E</th>\n<td>AL THANYAH  FOURTH</td>\n</tr><tr bgcolor=\"#E3E3F3\">\n<th>LABEL_A</th>\n<td>الثنيه الرابعة</td>\n</tr><tr bgcolor=\"\">\n<th>C_PREFIX_E</th>\n<td>Community:</td>\n</tr><tr bgcolor=\"#E3E3F3\">\n<th>C_PREFIX_A</th>\n<td>:???????</td>\n</tr><tr bgcolor=\"\">\n<th>COMMUNITY_E</th>\n<td>AL THANYAH  FOURTH - 394</td>\n</tr><tr bgcolor=\"#E3E3F3\">\n<th>COMMUNITY_A</th>\n<td>الثنيه الرابعة - 394</td>\n</tr><tr bgcolor=\"\">\n<th>DGIS_ID</th>\n<td>0000148</td>\n</tr><tr bgcolor=\"#E3E3F3\">\n<th>COMM_NUM</th>\n<td>394</td>\n</tr><tr bgcolor=\"\">\n<th>NDGIS_ID</th>\n<td>148</td>\n</tr></table></center>", "COMM_NUM": 394, "CNAME_E": "AL THANYAH  FOURTH", "population": 36908.0, "area_km2": 11.078799924921, "pop_density": 3331.407756, "anomaly_morning_mean": 1.0875, "anomaly_morning_median": 0.8856, "anomaly_morning_std": 2.8972, "anomaly_morning_min": -8.7555, "anomaly_morning_max": 8.1112, "anomaly_morning_count": 12312, "anomaly_morning_extreme_pct": 0.0002, "anomaly_afternoon_mean": -3.8742, "anomaly_afternoon_median": -3.6431, "anomaly_afternoon_std": 2.7657, "anomaly_afternoon_min": -13.0951, "anomaly_afternoon_max": 2.4125, "anomaly_afternoon_count": 12312, "anomaly_afternoon_extreme_pct": 0.0001, "anomaly_night_mean": 0.4527, "anomaly_night_median": 0.5198, "anomaly_night_std": 0.9781, "anomaly_night_min": -2.3089, "anomaly_night_max": 3.126, "anomaly_night_count": 12312, "anomaly_night_extreme_pct": 0.0, "diurnal_range_mean": -4.3269, "diurnal_range_std": 2.9644, "ndvi_mean": 0.134, "green_fraction": 0.2028, "albedo_mean": 0.3384, "building_density_mean": 0.1382, "building_height_mean": 0.8413, "road_density_mean": 0.0299, "sand_fraction_mean": 0.1027, "water_fraction_mean": 0.0552, "dist_to_coast_mean": 4213.923 }, "geometry": { "type": "Polygon", "coordinates": [ [ [ 55.198228705947407, 25.064081427714999, 0.0 ], [ 55.176041718096599, 25.039145524646102, 0.0 ], [ 55.169557142389401, 25.043932685309702, 0.0 ], [ 55.171375547136499, 25.045809083275401, 0.0 ], [ 55.172092526548397, 25.0475710366897, 0.0 ], [ 55.172155967288397, 25.0496561906773, 0.0 ], [ 55.171893220749702, 25.050675315007197, 0.0 ], [ 55.171428355832099, 25.051663751095898, 0.0 ], [ 55.166880512602198, 25.055033641482101, 0.0 ], [ 55.165403243917105, 25.055574172497398, 0.0 ], [ 55.146434864286, 25.070752309240103, 0.0 ], [ 55.149888948274302, 25.074336426888198, 0.0 ], [ 55.150841468782502, 25.075082692125203, 0.0 ], [ 55.158332709029601, 25.077638267879504, 0.0 ], [ 55.158494522864899, 25.077499437252001, 0.0 ], [ 55.159508834337402, 25.078076384472801, 0.0 ], [ 55.16269349628201, 25.075262992634997, 0.0 ], [ 55.1640922912419, 25.0751206617687, 0.0 ], [ 55.165964130065397, 25.075472341685298, 0.0 ], [ 55.168896704196001, 25.075455073017405, 0.0 ], [ 55.172708136729803, 25.076137806245598, 0.0 ], [ 55.174400052950098, 25.076098498789602, 0.0 ], [ 55.174986378372402, 25.076243066760401, 0.0 ], [ 55.17726338286851, 25.077335297963195, 0.0 ], [ 55.177916774245901, 25.077973432808996, 0.0 ], [ 55.1785706647821, 25.079418367750399, 0.0 ], [ 55.179185574888308, 25.079201348923792, 0.0 ], [ 55.183915815509899, 25.075560908768793, 0.0 ], [ 55.187645407235699, 25.072219641050495, 0.0 ], [ 55.198228705947407, 25.064081427714999, 0.0 ] ] ] } },
{ "type": "Feature", "properties": { "id": "kml_2", "description": "<center><table><tr><th colspan='2' align='center'><em>Attributes</em></th></tr><tr bgcolor=\"#E3E3F3\">\n<th>OBJECTID</th>\n<td>30</td>\n</tr><tr bgcolor=\"\">\n<th>CNAME_E</th>\n<td>NADD AL SHIBA THIRD</td>\n</tr><tr bgcolor=\"#E3E3F3\">\n<th>CNAME_A</th>\n<td>ند الشبا الثالثة</td>\n</tr><tr bgcolor=\"\">\n<th>LABEL_E</th>\n<td>NADD AL SHIBA THIRD</td>\n</tr><tr bgcolor=\"#E3E3F3\">\n<th>LABEL_A</th>\n<td>ند الشبا الثالثة</td>\n</tr><tr bgcolor=\"\">\n<th>C_PREFIX_E</th>\n<td>Community:</td>\n</tr><tr bgcolor=\"#E3E3F3\">\n<th>C_PREFIX_A</th>\n<td>:???????</td>\n</tr><tr bgcolor=\"\">\n<th>COMMUNITY_E</th>\n<td>NADD AL SHIBA THIRD - 616</td>\n</tr><tr bgcolor=\"#E3E3F3\">\n<th>COMMUNITY_A</th>\n<td>ند الشبا الثالثة - 616</td>\n</tr><tr bgcolor=\"\">\n<th>DGIS_ID</th>\n<td>0000105</td>\n</tr><tr bgcolor=\"#E3E3F3\">\n<th>COMM_NUM</th>\n<td>616</td>\n</tr><tr bgcolor=\"\">\n<th>NDGIS_ID</th>\n<td>105</td>\n</tr></table></center>", "COMM_NUM": 616, "CNAME_E": "NADD AL SHIBA THIRD", "population": 1392.0, "area_km2": 6.3204202495009998, "pop_density": 220.2385198, "anomaly_morning_mean": 6.1897, "anomaly_morning_median": 6.4313, "anomaly_morning_std": 1.9224, "anomaly_morning_min": -5.896, "anomaly_morning_max": 9.2156, "anomaly_morning_count": 7020, "anomaly_morning_extreme_pct": 0.1342, "anomaly_afternoon_mean": 0.4189, "anomaly_afternoon_median": 2.0732, "anomaly_afternoon_std": 3.0467, "anomaly_afternoon_min": -15.1665, "anomaly_afternoon_max": 3.7597, "anomaly_afternoon_count": 7020, "anomaly_afternoon_extreme_pct": 0.3866, "anomaly_night_mean": 0.1432, "anomaly_night_median": 0.0435, "anomaly_night_std": 1.3498, "anomaly_night_min": -2.4248, "anomaly_night_max": 3.9461, "anomaly_night_count": 7020, "anomaly_night_extreme_pct": 0.0019, "diurnal_range_mean": 0.2757, "diurnal_range_std": 3.9231, "ndvi_mean": 0.0538, "green_fraction": 0.0272, "albedo_mean": 0.4162, "building_density_mean": 0.0964, "building_height_mean": 0.4307, "road_density_mean": 0.0531, "sand_fraction_mean": 0.5621, "water_fraction_mean": 0.0145, "dist_to_coast_mean": 14477.3402 }, "geometry": { "type": "Polygon", "coordinates": [ [ [ 55.371898036448599, 25.1670570029675, 0.0 ], [ 55.378444247347097, 25.165556625221001, 0.0 ], [ 55.385049564687399, 25.163469164174, 0.0 ], [ 55.388233020399802, 25.162222253478191, 0.0 ], [ 55.391108710278203, 25.160515003266404, 0.0 ], [ 55.386124198434999, 25.148266832187097, 0.0 ], [ 55.381974755583798, 25.138690284082095, 0.0 ], [ 55.370016190083099, 25.143342790565502, 0.0 ], [ 55.3683403854983, 25.144182735305495, 0.0 ], [ 55.367507474831697, 25.144751649884896, 0.0 ], [ 55.366079713573399, 25.146115094983795, 0.0 ], [ 55.361538656377199, 25.151442135180591, 0.0 ], [ 55.361935575099203, 25.152281597448098, 0.0 ], [ 55.3639512405205, 25.1614258374983, 0.0 ], [ 55.365857413708198, 25.168015344432693, 0.0 ], [ 55.371898036448599, 25.1670570029675, 0.0 ] ] ] } },
{ "type": "Feature", "properties": { "id": "kml_3", "description": "<center><table><tr><th colspan='2' align='center'><em>Attributes</em></th></tr><tr bgcolor=\"#E3E3F3\">\n<th>OBJECTID</th>\n<td>31</td>\n</tr><tr bgcolor=\"\">\n<th>CNAME_E</th>\n<td>AYAL NASIR</td>\n</tr><tr bgcolor=\"#E3E3F3\">\n<th>CNAME_A</th>\n<td>عيال ناصر</td>\n</tr><tr bgcolor=\"\">\n<th>LABEL_E</th>\n<td>AYAL NASIR</td>\n</tr><tr bgcolor=\"#E3E3F3\">\n<th>LABEL_A</th>\n<td>عيال ناصر</td>\n</tr><tr bgcolor=\"\">\n<th>C_PREFIX_E</th>\n<td>Community:</td>\n</tr><tr bgcolor=\"#E3E3F3\">\n<th>C_PREFIX_A</th>\n<td>:???????</td>\n</tr><tr bgcolor=\"\">\n<th>COMMUNITY_E</th>\n<td>AYAL NASIR - 116</td>\n</tr><tr bgcolor=\"#E3E3F3\">\n<th>COMMUNITY_A</th>\n<td>عيال ناصر - 116</td>\n</tr><tr bgcolor=\"\">\n<th>DGIS_ID</th>\n<td>0000028</td>\n</tr><tr bgcolor=\"#E3E3F3\">\n<th>COMM_NUM</th>\n<td>116</td>\n</tr><tr bgcolor=\"\">\n<th>NDGIS_ID</th>\n<td>28</td>\n</tr></table></center>", "COMM_NUM": 116, "CNAME_E": "AYAL NASIR", "population": 21870.0, "area_km2": 0.1731000775, "pop_density": 126343.0977, "anomaly_morning_mean": 1.7742, "anomaly_morning_median": 1.6455, "anomaly_morning_std": 0.6662, "anomaly_morning_min": 0.5388, "anomaly_morning_max": 3.9511, "anomaly_morning_count": 192, "anomaly_morning_extreme_pct": 0.0, "anomaly_afternoon_mean": -1.6319, "anomaly_afternoon_median": -1.7271, "anomaly_afternoon_std": 0.646, "anomaly_afternoon_min": -2.7084, "anomaly_afternoon_max": 0.5537, "anomaly_afternoon_count": 192, "anomaly_afternoon_extreme_pct": 0.0, "anomaly_night_mean": 2.4615, "anomaly_night_median": 2.4977, "anomaly_night_std": 0.6115, "anomaly_night_min": 0.4048, "anomaly_night_max": 3.779, "anomaly_night_count": 192, "anomaly_night_extreme_pct": 0.0833, "diurnal_range_mean": -4.0934, "diurnal_range_std": 0.9588, "ndvi_mean": 0.0056, "green_fraction": 0.0, "albedo_mean": 0.3432, "building_density_mean": 0.4941, "building_height_mean": 6.2375, "road_density_mean": 0.1766, "sand_fraction_mean": 0.0104, "water_fraction_mean": 0.0, "dist_to_coast_mean": 618.2163 }, "geometry": { "type": "Polygon", "coordinates": [ [ [ 55.305969814798203, 25.274979794249894, 0.0 ], [ 55.3065062673071, 25.273454305203494, 0.0 ], [ 55.302376728707202, 25.271494605916196, 0.0 ], [ 55.301849737265499, 25.274663022807097, 0.0 ], [ 55.301551768250803, 25.275150424723002, 0.0 ], [ 55.304807780345499, 25.276893328538598, 0.0 ], [ 55.305969814798203, 25.274979794249894, 0.0 ] ] ] } },
{ "type": "Feature", "properties": { "id": "kml_5", "description": "<center><table><tr><th colspan='2' align='center'><em>Attributes</em></th></tr><tr bgcolor=\"#E3E3F3\">\n<th>OBJECTID</th>\n<td>33</td>\n</tr><tr bgcolor=\"\">\n<th>CNAME_E</th>\n<td>AL KHWANEEJ FIRST</td>\n</tr><tr bgcolor=\"#E3E3F3\">\n<th>CNAME_A</th>\n<td>الخوانيج الأولى</td>\n</tr><tr bgcolor=\"\">\n<th>LABEL_E</th>\n<td>AL KHWANEEJ FIRST</td>\n</tr><tr bgcolor=\"#E3E3F3\">\n<th>LABEL_A</th>\n<td>الخوانيج الأولى</td>\n</tr><tr bgcolor=\"\">\n<th>C_PREFIX_E</th>\n<td>Community:</td>\n</tr><tr bgcolor=\"#E3E3F3\">\n<th>C_PREFIX_A</th>\n<td>:???????</td>\n</tr><tr bgcolor=\"\">\n<th>COMMUNITY_E</th>\n<td>AL KHWANEEJ FIRST - 281</td>\n</tr><tr bgcolor=\"#E3E3F3\">\n<th>COMMUNITY_A</th>\n<td>الخوانيج الأولى - 281</td>\n</tr><tr bgcolor=\"\">\n<th>DGIS_ID</th>\n<td>0000041</td>\n</tr><tr bgcolor=\"#E3E3F3\">\n<th>COMM_NUM</th>\n<td>281</td>\n</tr><tr bgcolor=\"\">\n<th>NDGIS_ID</th>\n<td>41</td>\n</tr></table></center>", "COMM_NUM": 281, "CNAME_E": "AL KHWANEEJ FIRST", "population": 14973.0, "area_km2": 16.411872561321001, "pop_density": 912.3273377, "anomaly_morning_mean": 5.3631, "anomaly_morning_median": 5.5922, "anomaly_morning_std": 1.744, "anomaly_morning_min": -2.3865, "anomaly_morning_max": 8.9318, "anomaly_morning_count": 18228, "anomaly_morning_extreme_pct": 0.0299, "anomaly_afternoon_mean": 0.0791, "anomaly_afternoon_median": 1.9262, "anomaly_afternoon_std": 2.9437, "anomaly_afternoon_min": -15.6988, "anomaly_afternoon_max": 3.5334, "anomaly_afternoon_count": 18228, "anomaly_afternoon_extreme_pct": 0.3311, "anomaly_night_mean": -0.0356, "anomaly_night_median": -0.0969, "anomaly_night_std": 1.0701, "anomaly_night_min": -2.354, "anomaly_night_max": 3.1828, "anomaly_night_count": 18228, "anomaly_night_extreme_pct": 0.0, "diurnal_range_mean": 0.1147, "diurnal_range_std": 3.472, "ndvi_mean": 0.0842, "green_fraction": 0.086, "albedo_mean": 0.4007, "building_density_mean": 0.0849, "building_height_mean": 0.475, "road_density_mean": 0.062, "sand_fraction_mean": 0.5654, "water_fraction_mean": 0.0002, "dist_to_coast_mean": 13642.3112 }, "geometry": { "type": "Polygon", "coordinates": [ [ [ 55.512225804975998, 25.254653142317292, 0.0 ], [ 55.503905669150001, 25.232031902191995, 0.0 ], [ 55.503426866290802, 25.230290209734296, 0.0 ], [ 55.503175859138402, 25.228205220933699, 0.0 ], [ 55.503585375664699, 25.2229599583282, 0.0 ], [ 55.485547526826998, 25.225931524551697, 0.0 ], [ 55.477460255424198, 25.226661807292597, 0.0 ], [ 55.464898381592803, 25.228614369146001, 0.0 ], [ 55.468680462955405, 25.247369421174191, 0.0 ], [ 55.469010200696999, 25.249337039796298, 0.0 ], [ 55.469084267393598, 25.253462382700896, 0.0 ], [ 55.469393924190598, 25.255204338413296, 0.0 ], [ 55.472616688531097, 25.269680880447702, 0.0 ], [ 55.512225804975998, 25.254653142317292, 0.0 ] ] ] } },
{ "type": "Feature", "properties": { "id": "kml_6", "description": "<center><table><tr><th colspan='2' align='center'><em>Attributes</em></th></tr><tr bgcolor=\"#E3E3F3\">\n<th>OBJECTID</th>\n<td>34</td>\n</tr><tr bgcolor=\"\">\n<th>CNAME_E</th>\n<td>JABAL ALI INDUSTRIAL THIRD</td>\n</tr><tr bgcolor=\"#E3E3F3\">\n<th>CNAME_A</th>\n<td>جبل علي الصناعية الثالثة</td>\n</tr><tr bgcolor=\"\">\n<th>LABEL_E</th>\n<td>JABAL ALI INDUSTRIAL THIRD</td>\n</tr><tr bgcolor=\"#E3E3F3\">\n<th>LABEL_A</th>\n<td>جبل علي الصناعية الثالثة</td>\n</tr><tr bgcolor=\"\">\n<th>C_PREFIX_E</th>\n<td>Community:</td>\n</tr><tr bgcolor=\"#E3E3F3\">\n<th>C_PREFIX_A</th>\n<td>:???????</td>\n</tr><tr bgcolor=\"\">\n<th>COMMUNITY_E</th>\n<td>JABAL ALI INDUSTRIAL THIRD - 516</td>\n</tr><tr bgcolor=\"#E3E3F3\">\n<th>COMMUNITY_A</th>\n<td>جبل علي الصناعية الثالثة - 516</td>\n</tr><tr bgcolor=\"\">\n<th>DGIS_ID</th>\n<td>0000174</td>\n</tr><tr bgcolor=\"#E3E3F3\">\n<th>COMM_NUM</th>\n<td>516</td>\n</tr><tr bgcolor=\"\">\n<th>NDGIS_ID</th>\n<td>174</td>\n</tr></table></center>", "COMM_NUM": 516, "CNAME_E": "JABAL ALI INDUSTRIAL THIRD", "population": 0.0, "area_km2": 30.005970400338999, "pop_density": 0.0, "anomaly_morning_mean": 7.9786, "anomaly_morning_median": 8.0086, "anomaly_morning_std": 0.9508, "anomaly_morning_min": -0.6271, "anomaly_morning_max": 12.8814, "anomaly_morning_count": 33344, "anomaly_morning_extreme_pct": 0.4489, "anomaly_afternoon_mean": 0.4771, "anomaly_afternoon_median": 0.6666, "anomaly_afternoon_std": 0.961, "anomaly_afternoon_min": -6.3165, "anomaly_afternoon_max": 4.1756, "anomaly_afternoon_count": 33344, "anomaly_afternoon_extreme_pct": 0.0074, "anomaly_night_mean": -1.2436, "anomaly_night_median": -1.8024, "anomaly_night_std": 1.2721, "anomaly_night_min": -2.8287, "anomaly_night_max": 4.6088, "anomaly_night_count": 33344, "anomaly_night_extreme_pct": 0.0019, "diurnal_range_mean": 1.7208, "diurnal_range_std": 1.6192, "ndvi_mean": 0.0335, "green_fraction": 0.0016, "albedo_mean": 0.4825, "building_density_mean": 0.0667, "building_height_mean": 0.4987, "road_density_mean": 0.0254, "sand_fraction_mean": 0.7973, "water_fraction_mean": 0.0, "dist_to_coast_mean": 6027.632 }, "geometry": { "type": "Polygon", "coordinates": [ [ [ 55.103912102870602, 24.9195924344064, 0.0 ], [ 55.098782746223399, 24.916107871232192, 0.0 ], [ 55.0607748635856, 24.891839277215094, 0.0 ], [ 55.054836450882, 24.896417047510703, 0.0 ], [ 55.041890966218503, 24.903999530876895, 0.0 ], [ 55.028171677996099, 24.911230702591102, 0.0 ], [ 55.020881706439098, 24.916846582606802, 0.0 ], [ 55.0101995307297, 24.929062535755403, 0.0 ], [ 55.0623646131667, 24.947020130730301, 0.0 ], [ 55.066443973180299, 24.943122890772404, 0.0 ], [ 55.103912102870602, 24.9195924344064, 0.0 ] ] ] } },
{ "type": "Feature", "properties": { "id": "kml_7", "description": "<center><table><tr><th colspan='2' align='center'><em>Attributes</em></th></tr><tr bgcolor=\"#E3E3F3\">\n<th>OBJECTID</th>\n<td>35</td>\n</tr><tr bgcolor=\"\">\n<th>CNAME_E</th>\n<td>MADINAT AL MATAAR</td>\n</tr><tr bgcolor=\"#E3E3F3\">\n<th>CNAME_A</th>\n<td>مدينة المطار</td>\n</tr><tr bgcolor=\"\">\n<th>LABEL_E</th>\n<td>MADINAT AL MATAAR</td>\n</tr><tr bgcolor=\"#E3E3F3\">\n<th>LABEL_A</th>\n<td>مدينة المطار</td>\n</tr><tr bgcolor=\"\">\n<th>C_PREFIX_E</th>\n<td>Community:</td>\n</tr><tr bgcolor=\"#E3E3F3\">\n<th>C_PREFIX_A</th>\n<td>:???????</td>\n</tr><tr bgcolor=\"\">\n<th>COMMUNITY_E</th>\n<td>MADINAT AL MATAAR - 521</td>\n</tr><tr bgcolor=\"#E3E3F3\">\n<th>COMMUNITY_A</th>\n<td>مدينة المطار - 521</td>\n</tr><tr bgcolor=\"\">\n<th>DGIS_ID</th>\n<td>0000172</td>\n</tr><tr bgcolor=\"#E3E3F3\">\n<th>COMM_NUM</th>\n<td>521</td>\n</tr><tr bgcolor=\"\">\n<th>NDGIS_ID</th>\n<td>172</td>\n</tr></table></center>", "COMM_NUM": 521, "CNAME_E": "MADINAT AL MATAAR", "population": 22927.0, "area_km2": 141.83517357334301, "pop_density": 161.6453763, "anomaly_morning_mean": 5.8738, "anomaly_morning_median": 6.2318, "anomaly_morning_std": 2.0013, "anomaly_morning_min": -7.9466, "anomaly_morning_max": 11.1767, "anomaly_morning_count": 157602, "anomaly_morning_extreme_pct": 0.1096, "anomaly_afternoon_mean": 0.7564, "anomaly_afternoon_median": 1.0288, "anomaly_afternoon_std": 1.9645, "anomaly_afternoon_min": -16.1764, "anomaly_afternoon_max": 5.456, "anomaly_afternoon_count": 157602, "anomaly_afternoon_extreme_pct": 0.1832, "anomaly_night_mean": -1.2347, "anomaly_night_median": -1.9777, "anomaly_night_std": 1.5831, "anomaly_night_min": -3.0397, "anomaly_night_max": 4.9932, "anomaly_night_count": 157602, "anomaly_night_extreme_pct": 0.0177, "diurnal_range_mean": 1.9911, "diurnal_range_std": 2.5444, "ndvi_mean": 0.039, "green_fraction": 0.0121, "albedo_mean": 0.5037, "building_density_mean": 0.029, "building_height_mean": 0.1791, "road_density_mean": 0.0239, "sand_fraction_mean": 0.7713, "water_fraction_mean": 0.0031, "dist_to_coast_mean": 12559.8065 }, "geometry": { "type": "Polygon", "coordinates": [ [ [ 55.1732270678527, 24.966233687320504, 0.0 ], [ 55.185460364435698, 24.963808912022202, 0.0 ], [ 55.204339711531098, 24.959691861416697, 0.0 ], [ 55.2063208585948, 24.959088720576592, 0.0 ], [ 55.213473165320998, 24.956368337509399, 0.0 ], [ 55.216147522974303, 24.955612153725095, 0.0 ], [ 55.219821751960602, 24.955100430153092, 0.0 ], [ 55.229189574587799, 24.9547822832136, 0.0 ], [ 55.230912752450799, 24.954557789835693, 0.0 ], [ 55.234438574014298, 24.953774777490498, 0.0 ], [ 55.231565997340397, 24.942876610080301, 0.0 ], [ 55.228563438899499, 24.934081691734701, 0.0 ], [ 55.225915690070302, 24.927607060330498, 0.0 ], [ 55.222299078631998, 24.919994176454498, 0.0 ], [ 55.217743081876705, 24.9117756257378, 0.0 ], [ 55.213878550146298, 24.905642855387395, 0.0 ], [ 55.208066850859502, 24.897206323736395, 0.0 ], [ 55.202996468994598, 24.890431276922101, 0.0 ], [ 55.197283689432503, 24.883357576473998, 0.0 ], [ 55.190048912987898, 24.875126656642504, 0.0 ], [ 55.183298553927699, 24.868060431008601, 0.0 ], [ 55.176241905359397, 24.861246348131697, 0.0 ], [ 55.168434260869802, 24.854286659545899, 0.0 ], [ 55.162247516305001, 24.849170062598404, 0.0 ], [ 55.154894651007901, 24.843501134286303, 0.0 ], [ 55.148846390687602, 24.839133448643597, 0.0 ], [ 55.141622109815003, 24.834258447777401, 0.0 ], [ 55.128829235015303, 24.826006573214201, 0.0 ], [ 55.072160776525898, 24.899111365598305, 0.0 ], [ 55.098782746223399, 24.916107871232192, 0.0 ], [ 55.103912102870602, 24.9195924344064, 0.0 ], [ 55.107916839012397, 24.922629661745304, 0.0 ], [ 55.111756977363903, 24.9258388903596, 0.0 ], [ 55.1158693423668, 24.929645614873497, 0.0 ], [ 55.119330712200501, 24.933195271647797, 0.0 ], [ 55.123387918618299, 24.9378388930824, 0.0 ], [ 55.127132025052198, 24.942696346129804, 0.0 ], [ 55.130565318362201, 24.947775212977099, 0.0 ], [ 55.1336656668784, 24.953051065468902, 0.0 ], [ 55.1364099568369, 24.958488424218402, 0.0 ], [ 55.138788082207803, 24.964067326342001, 0.0 ], [ 55.140608029832499, 24.969192439676199, 0.0 ], [ 55.142267369847502, 24.974983477580295, 0.0 ], [ 55.1608639629493, 24.969081596747305, 0.0 ], [ 55.1732270678527, 24.966233687320504, 0.0 ] ] ] } },
{ "type": "Feature", "properties": { "id": "kml_8", "description": "<center><table><tr><th colspan='2' align='center'><em>Attributes</em></th></tr><tr bgcolor=\"#E3E3F3\">\n<th>OBJECTID</th>\n<td>36</td>\n</tr><tr bgcolor=\"\">\n<th>CNAME_E</th>\n<td>AL QOUZ IND.SECOND</td>\n</tr><tr bgcolor=\"#E3E3F3\">\n<th>CNAME_A</th>\n<td>القوز الصناعية الثانية</td>\n</tr><tr bgcolor=\"\">\n<th>LABEL_E</th>\n<td>AL QOUZ IND.SECOND</td>\n</tr><tr bgcolor=\"#E3E3F3\">\n<th>LABEL_A</th>\n<td>القوز الصناعية الثانية</td>\n</tr><tr bgcolor=\"\">\n<th>C_PREFIX_E</th>\n<td>Community:</td>\n</tr><tr bgcolor=\"#E3E3F3\">\n<th>C_PREFIX_A</th>\n<td>:???????</td>\n</tr><tr bgcolor=\"\">\n<th>COMMUNITY_E</th>\n<td>AL QOUZ IND.SECOND - 365</td>\n</tr><tr bgcolor=\"#E3E3F3\">\n<th>COMMUNITY_A</th>\n<td>القوز الصناعية الثانية - 365</td>\n</tr><tr bgcolor=\"\">\n<th>DGIS_ID</th>\n<td>0000112</td>\n</tr><tr bgcolor=\"#E3E3F3\">\n<th>COMM_NUM</th>\n<td>365</td>\n</tr><tr bgcolor=\"\">\n<th>NDGIS_ID</th>\n<td>112</td>\n</tr></table></center>", "COMM_NUM": 365, "CNAME_E": "AL QOUZ IND.SECOND", "population": 144327.0, "area_km2": 5.051233367, "pop_density": 28572.62564, "anomaly_morning_mean": 6.0849, "anomaly_morning_median": 6.358, "anomaly_morning_std": 1.239, "anomaly_morning_min": 1.6121, "anomaly_morning_max": 8.4028, "anomaly_morning_count": 5619, "anomaly_morning_extreme_pct": 0.0043, "anomaly_afternoon_mean": -0.1597, "anomaly_afternoon_median": 0.0964, "anomaly_afternoon_std": 1.4377, "anomaly_afternoon_min": -5.0195, "anomaly_afternoon_max": 2.7065, "anomaly_afternoon_count": 5619, "anomaly_afternoon_extreme_pct": 0.0055, "anomaly_night_mean": 0.7738, "anomaly_night_median": 0.719, "anomaly_night_std": 1.1514, "anomaly_night_min": -2.1335, "anomaly_night_max": 3.4683, "anomaly_night_count": 5619, "anomaly_night_extreme_pct": 0.0018, "diurnal_range_mean": -0.9335, "diurnal_range_std": 1.911, "ndvi_mean": 0.0296, "green_fraction": 0.0071, "albedo_mean": 0.3938, "building_density_mean": 0.2709, "building_height_mean": 2.4431, "road_density_mean": 0.0718, "sand_fraction_mean": 0.273, "water_fraction_mean": 0.0, "dist_to_coast_mean": 5307.2771 }, "geometry": { "type": "Polygon", "coordinates": [ [ [ 55.253991736505, 25.144192706756499, 0.0 ], [ 55.261062800378397, 25.1443678437739, 0.0 ], [ 55.260836622660001, 25.141108877362701, 0.0 ], [ 55.2603323253078, 25.138617093532101, 0.0 ], [ 55.259956319722306, 25.137208647841192, 0.0 ], [ 55.257639327833203, 25.1314209756525, 0.0 ], [ 55.256272426617997, 25.1289197045534, 0.0 ], [ 55.253260594158498, 25.124765540752797, 0.0 ], [ 55.248375751416397, 25.119409617673895, 0.0 ], [ 55.232532055197098, 25.129979709689199, 0.0 ], [ 55.246917960754701, 25.147898967864997, 0.0 ], [ 55.251065420124199, 25.145175086072697, 0.0 ], [ 55.252722109202303, 25.144480894892492, 0.0 ], [ 55.253991736505, 25.144192706756499, 0.0 ] ] ] } },
{ "type": "Feature", "properties": { "id": "kml_9", "description": "<center><table><tr><th colspan='2' align='center'><em>Attributes</em></th></tr><tr bgcolor=\"#E3E3F3\">\n<th>OBJECTID</th>\n<td>37</td>\n</tr><tr bgcolor=\"\">\n<th>CNAME_E</th>\n<td>UMM RAMOOL</td>\n</tr><tr bgcolor=\"#E3E3F3\">\n<th>CNAME_A</th>\n<td>أم رمول</td>\n</tr><tr bgcolor=\"\">\n<th>LABEL_E</th>\n<td>UMM RAMOOL</td>\n</tr><tr bgcolor=\"#E3E3F3\">\n<th>LABEL_A</th>\n<td>أم رمول</td>\n</tr><tr bgcolor=\"\">\n<th>C_PREFIX_E</th>\n<td>Community:</td>\n</tr><tr bgcolor=\"#E3E3F3\">\n<th>C_PREFIX_A</th>\n<td>:???????</td>\n</tr><tr bgcolor=\"\">\n<th>COMMUNITY_E</th>\n<td>UMM RAMOOL - 215</td>\n</tr><tr bgcolor=\"#E3E3F3\">\n<th>COMMUNITY_A</th>\n<td>أم رمول - 215</td>\n</tr><tr bgcolor=\"\">\n<th>DGIS_ID</th>\n<td>0000062</td>\n</tr><tr bgcolor=\"#E3E3F3\">\n<th>COMM_NUM</th>\n<td>215</td>\n</tr><tr bgcolor=\"\">\n<th>NDGIS_ID</th>\n<td>62</td>\n</tr></table></center>", "COMM_NUM": 215, "CNAME_E": "UMM RAMOOL", "population": 3588.0, "area_km2": 3.6468858155000001, "pop_density": 983.8531233, "anomaly_morning_mean": 7.6795, "anomaly_morning_median": 7.8136, "anomaly_morning_std": 1.1542, "anomaly_morning_min": 3.188, "anomaly_morning_max": 11.0839, "anomaly_morning_count": 4056, "anomaly_morning_extreme_pct": 0.3819, "anomaly_afternoon_mean": 0.3387, "anomaly_afternoon_median": 0.7652, "anomaly_afternoon_std": 1.5726, "anomaly_afternoon_min": -5.3413, "anomaly_afternoon_max": 3.1452, "anomaly_afternoon_count": 4056, "anomaly_afternoon_extreme_pct": 0.0185, "anomaly_night_mean": 1.0436, "anomaly_night_median": 0.8583, "anomaly_night_std": 0.9216, "anomaly_night_min": -1.7762, "anomaly_night_max": 4.0028, "anomaly_night_count": 4056, "anomaly_night_extreme_pct": 0.0118, "diurnal_range_mean": -0.7049, "diurnal_range_std": 1.6396, "ndvi_mean": 0.0226, "green_fraction": 0.0249, "albedo_mean": 0.3935, "building_density_mean": 0.3804, "building_height_mean": 2.8577, "road_density_mean": 0.1056, "sand_fraction_mean": 0.1072, "water_fraction_mean": 0.0, "dist_to_coast_mean": 8228.1203 }, "geometry": { "type": "Polygon", "coordinates": [ [ [ 55.369033159727806, 25.241315717440596, 0.0 ], [ 55.377825477448901, 25.237061526053598, 0.0 ], [ 55.377773653561697, 25.231013322223898, 0.0 ], [ 55.376301931680104, 25.222780940231701, 0.0 ], [ 55.376371026991301, 25.221724745858197, 0.0 ], [ 55.375834227746601, 25.219088955868493, 0.0 ], [ 55.375982517662301, 25.217473042111695, 0.0 ], [ 55.372946544260301, 25.219306410983002, 0.0 ], [ 55.356375708192999, 25.227416355128497, 0.0 ], [ 55.354897163558498, 25.228355416296502, 0.0 ], [ 55.353200369809301, 25.229971514007701, 0.0 ], [ 55.369033159727806, 25.241315717440596, 0.0 ] ] ] } },
{ "type": "Feature", "properties": { "id": "kml_10", "description": "<center><table><tr><th colspan='2' align='center'><em>Attributes</em></th></tr><tr bgcolor=\"#E3E3F3\">\n<th>OBJECTID</th>\n<td>38</td>\n</tr><tr bgcolor=\"\">\n<th>CNAME_E</th>\n<td>AL WARQA'A FOURTH</td>\n</tr><tr bgcolor=\"#E3E3F3\">\n<th>CNAME_A</th>\n<td>الورقاء الرابعة</td>\n</tr><tr bgcolor=\"\">\n<th>LABEL_E</th>\n<td>AL WARQA'A FOURTH</td>\n</tr><tr bgcolor=\"#E3E3F3\">\n<th>LABEL_A</th>\n<td>الورقاء الرابعة</td>\n</tr><tr bgcolor=\"\">\n<th>C_PREFIX_E</th>\n<td>Community:</td>\n</tr><tr bgcolor=\"#E3E3F3\">\n<th>C_PREFIX_A</th>\n<td>:???????</td>\n</tr><tr bgcolor=\"\">\n<th>COMMUNITY_E</th>\n<td>AL WARQA'A FOURTH - 424</td>\n</tr><tr bgcolor=\"#E3E3F3\">\n<th>COMMUNITY_A</th>\n<td>الورقاء الرابعة - 424</td>\n</tr><tr bgcolor=\"\">\n<th>DGIS_ID</th>\n<td>0000084</td>\n</tr><tr bgcolor=\"#E3E3F3\">\n<th>COMM_NUM</th>\n<td>424</td>\n</tr><tr bgcolor=\"\">\n<th>NDGIS_ID</th>\n<td>84</td>\n</tr></table></center>", "COMM_NUM": 424, "CNAME_E": "AL WARQA'A FOURTH", "population": 15592.0, "area_km2": 5.1454109594999995, "pop_density": 3030.273019, "anomaly_morning_mean": 6.0009, "anomaly_morning_median": 5.8074, "anomaly_morning_std": 0.8391, "anomaly_morning_min": 2.322, "anomaly_morning_max": 8.5153, "anomaly_morning_count": 5715, "anomaly_morning_extreme_pct": 0.0121, "anomaly_afternoon_mean": 0.6258, "anomaly_afternoon_median": 2.0609, "anomaly_afternoon_std": 2.3938, "anomaly_afternoon_min": -5.1493, "anomaly_afternoon_max": 3.7475, "anomaly_afternoon_count": 5715, "anomaly_afternoon_extreme_pct": 0.4383, "anomaly_night_mean": 0.7371, "anomaly_night_median": 0.8202, "anomaly_night_std": 1.277, "anomaly_night_min": -2.1825, "anomaly_night_max": 3.256, "anomaly_night_count": 5715, "anomaly_night_extreme_pct": 0.0002, "diurnal_range_mean": -0.1113, "diurnal_range_std": 3.3827, "ndvi_mean": 0.0522, "green_fraction": 0.0068, "albedo_mean": 0.4067, "building_density_mean": 0.1418, "building_height_mean": 0.6863, "road_density_mean": 0.0893, "sand_fraction_mean": 0.5249, "water_fraction_mean": 0.0, "dist_to_coast_mean": 15404.0077 }, "geometry": { "type": "Polygon", "coordinates": [ [ [ 55.440203243734999, 25.2019498647972, 0.0 ], [ 55.443929966980498, 25.197514756945104, 0.0 ], [ 55.445208698018298, 25.196222901524891, 0.0 ], [ 55.447607984249103, 25.194334376221796, 0.0 ], [ 55.449849012685902, 25.193032706621697, 0.0 ], [ 55.446708787849005, 25.187573668226101, 0.0 ], [ 55.446241478374503, 25.1864636749225, 0.0 ], [ 55.442725889349703, 25.171327614830098, 0.0 ], [ 55.427719611807198, 25.174172504113294, 0.0 ], [ 55.428356669043403, 25.1769886010911, 0.0 ], [ 55.4284071450544, 25.178116975660199, 0.0 ], [ 55.428209600252302, 25.179227454740396, 0.0 ], [ 55.4275067358546, 25.1811507085167, 0.0 ], [ 55.427418630003999, 25.182685397181302, 0.0 ], [ 55.428775432975399, 25.192442978643399, 0.0 ], [ 55.429252889460109, 25.194013409011998, 0.0 ], [ 55.430305910379602, 25.195718869784098, 0.0 ], [ 55.431725789110899, 25.197053962539396, 0.0 ], [ 55.434356394260007, 25.198677090721603, 0.0 ], [ 55.439479490512603, 25.202600337093198, 0.0 ], [ 55.440203243734999, 25.2019498647972, 0.0 ] ] ] } },
{ "type": "Feature", "properties": { "id": "kml_11", "description": "<center><table><tr><th colspan='2' align='center'><em>Attributes</em></th></tr><tr bgcolor=\"#E3E3F3\">\n<th>OBJECTID</th>\n<td>39</td>\n</tr><tr bgcolor=\"\">\n<th>CNAME_E</th>\n<td>ALEYAS</td>\n</tr><tr bgcolor=\"#E3E3F3\">\n<th>CNAME_A</th>\n<td>العياص</td>\n</tr><tr bgcolor=\"\">\n<th>LABEL_E</th>\n<td>ALEYAS</td>\n</tr><tr bgcolor=\"#E3E3F3\">\n<th>LABEL_A</th>\n<td>العياص</td>\n</tr><tr bgcolor=\"\">\n<th>C_PREFIX_E</th>\n<td>Community:</td>\n</tr><tr bgcolor=\"#E3E3F3\">\n<th>C_PREFIX_A</th>\n<td>:???????</td>\n</tr><tr bgcolor=\"\">\n<th>COMMUNITY_E</th>\n<td>ALEYAS - 283</td>\n</tr><tr bgcolor=\"#E3E3F3\">\n<th>COMMUNITY_A</th>\n<td>العياص - 283</td>\n</tr><tr bgcolor=\"\">\n<th>DGIS_ID</th>\n<td>0000073</td>\n</tr><tr bgcolor=\"#E3E3F3\">\n<th>COMM_NUM</th>\n<td>283</td>\n</tr><tr bgcolor=\"\">\n<th>NDGIS_ID</th>\n<td>73</td>\n</tr></table></center>", "COMM_NUM": 283, "CNAME_E": "ALEYAS", "population": 2346.0, "area_km2": 10.519148573550002, "pop_density": 223.0218523, "anomaly_morning_mean": 7.7632, "anomaly_morning_median": 8.2234, "anomaly_morning_std": 1.4483, "anomaly_morning_min": 1.8532, "anomaly_morning_max": 9.9446, "anomaly_morning_count": 11685, "anomaly_morning_extreme_pct": 0.5315, "anomaly_afternoon_mean": 2.0214, "anomaly_afternoon_median": 3.2016, "anomaly_afternoon_std": 2.8794, "anomaly_afternoon_min": -5.7995, "anomaly_afternoon_max": 4.6914, "anomaly_afternoon_count": 11685, "anomaly_afternoon_extreme_pct": 0.7694, "anomaly_night_mean": -1.0572, "anomaly_night_median": -1.3371, "anomaly_night_std": 0.9864, "anomaly_night_min": -2.5886, "anomaly_night_max": 3.5066, "anomaly_night_count": 11685, "anomaly_night_extreme_pct": 0.0006, "diurnal_range_mean": 3.0786, "diurnal_range_std": 3.571, "ndvi_mean": 0.0821, "green_fraction": 0.0678, "albedo_mean": 0.421, "building_density_mean": 0.0426, "building_height_mean": 0.251, "road_density_mean": 0.0521, "sand_fraction_mean": 0.8178, "water_fraction_mean": 0.0, "dist_to_coast_mean": 19909.8632 }, "geometry": { "type": "Polygon", "coordinates": [ [ [ 55.556339100734299, 25.227656111935399, 0.0 ], [ 55.560500514407302, 25.2260950806041, 0.0 ], [ 55.556708847822605, 25.218186067005199, 0.0 ], [ 55.554448631488903, 25.213982802100798, 0.0 ], [ 55.551115063249497, 25.208733930966702, 0.0 ], [ 55.5469884101472, 25.203729861538008, 0.0 ], [ 55.543568942574701, 25.200114856882895, 0.0 ], [ 55.540051354386506, 25.197023485302797, 0.0 ], [ 55.532362306837399, 25.191103154962498, 0.0 ], [ 55.528524094894003, 25.191944540779495, 0.0 ], [ 55.526602189141201, 25.192794737400693, 0.0 ], [ 55.525698998827508, 25.193504180650201, 0.0 ], [ 55.512850693351609, 25.207016005700499, 0.0 ], [ 55.518572903176299, 25.211531572956691, 0.0 ], [ 55.524970152126798, 25.215928687229699, 0.0 ], [ 55.549358266921899, 25.231099076379401, 0.0 ], [ 55.556339100734299, 25.227656111935399, 0.0 ] ] ] } },
{ "type": "Feature", "properties": { "id": "kml_12", "description": "<center><table><tr><th colspan='2' align='center'><em>Attributes</em></th></tr><tr bgcolor=\"#E3E3F3\">\n<th>OBJECTID</th>\n<td>1</td>\n</tr><tr bgcolor=\"\">\n<th>CNAME_E</th>\n<td>AL QOUZ IND.FOURTH</td>\n</tr><tr bgcolor=\"#E3E3F3\">\n<th>CNAME_A</th>\n<td>القوز الصناعية الرابعة</td>\n</tr><tr bgcolor=\"\">\n<th>LABEL_E</th>\n<td>AL QOUZ IND.FOURTH</td>\n</tr><tr bgcolor=\"#E3E3F3\">\n<th>LABEL_A</th>\n<td>القوز الصناعية الرابعة</td>\n</tr><tr bgcolor=\"\">\n<th>C_PREFIX_E</th>\n<td>Community:</td>\n</tr><tr bgcolor=\"#E3E3F3\">\n<th>C_PREFIX_A</th>\n<td>:???????</td>\n</tr><tr bgcolor=\"\">\n<th>COMMUNITY_E</th>\n<td>AL QOUZ IND.FOURTH - 369</td>\n</tr><tr bgcolor=\"#E3E3F3\">\n<th>COMMUNITY_A</th>\n<td>القوز الصناعية الرابعة - 369</td>\n</tr><tr bgcolor=\"\">\n<th>DGIS_ID</th>\n<td>0000119</td>\n</tr><tr bgcolor=\"#E3E3F3\">\n<th>COMM_NUM</th>\n<td>369</td>\n</tr><tr bgcolor=\"\">\n<th>NDGIS_ID</th>\n<td>119</td>\n</tr></table></center>", "COMM_NUM": 369, "CNAME_E": "AL QOUZ IND.FOURTH", "population": 48926.0, "area_km2": 4.689056936499, "pop_density": 10434.08102, "anomaly_morning_mean": 6.8777, "anomaly_morning_median": 6.9649, "anomaly_morning_std": 0.6273, "anomaly_morning_min": 4.0632, "anomaly_morning_max": 8.7124, "anomaly_morning_count": 5214, "anomaly_morning_extreme_pct": 0.0046, "anomaly_afternoon_mean": 0.1665, "anomaly_afternoon_median": 0.3474, "anomaly_afternoon_std": 1.1814, "anomaly_afternoon_min": -5.1111, "anomaly_afternoon_max": 2.6642, "anomaly_afternoon_count": 5214, "anomaly_afternoon_extreme_pct": 0.0048, "anomaly_night_mean": 0.772, "anomaly_night_median": 0.6905, "anomaly_night_std": 1.1028, "anomaly_night_min": -1.8607, "anomaly_night_max": 3.6715, "anomaly_night_count": 5214, "anomaly_night_extreme_pct": 0.0025, "diurnal_range_mean": -0.6055, "diurnal_range_std": 1.657, "ndvi_mean": 0.0204, "green_fraction": 0.0019, "albedo_mean": 0.3947, "building_density_mean": 0.2996, "building_height_mean": 2.1041, "road_density_mean": 0.0611, "sand_fraction_mean": 0.2658, "water_fraction_mean": 0.0, "dist_to_coast_mean": 5324.1112 }, "geometry": { "type": "Polygon", "coordinates": [ [ [ 55.232532055197098, 25.129979709689199, 0.0 ], [ 55.248375751416397, 25.119409617673895, 0.0 ], [ 55.233308070855102, 25.102492016449894, 0.0 ], [ 55.233030593582598, 25.102347391521601, 0.0 ], [ 55.218209670954202, 25.112230599633399, 0.0 ], [ 55.232532055197098, 25.129979709689199, 0.0 ] ] ] } },
{ "type": "Feature", "properties": { "id": "kml_13", "description": "<center><table><tr><th colspan='2' align='center'><em>Attributes</em></th></tr><tr bgcolor=\"#E3E3F3\">\n<th>OBJECTID</th>\n<td>2</td>\n</tr><tr bgcolor=\"\">\n<th>CNAME_E</th>\n<td>AL BARSHA SOUTH FOURTH</td>\n</tr><tr bgcolor=\"#E3E3F3\">\n<th>CNAME_A</th>\n<td>البرشاء جنوب الرابعة</td>\n</tr><tr bgcolor=\"\">\n<th>LABEL_E</th>\n<td>AL BARSHA SOUTH FOURTH</td>\n</tr><tr bgcolor=\"#E3E3F3\">\n<th>LABEL_A</th>\n<td>البرشاء جنوب الرابعة</td>\n</tr><tr bgcolor=\"\">\n<th>C_PREFIX_E</th>\n<td>Community:</td>\n</tr><tr bgcolor=\"#E3E3F3\">\n<th>C_PREFIX_A</th>\n<td>:???????</td>\n</tr><tr bgcolor=\"\">\n<th>COMMUNITY_E</th>\n<td>AL BARSHA SOUTH FOURTH - 681</td>\n</tr><tr bgcolor=\"#E3E3F3\">\n<th>COMMUNITY_A</th>\n<td>البرشاء جنوب الرابعة - 681</td>\n</tr><tr bgcolor=\"\">\n<th>DGIS_ID</th>\n<td>0000154</td>\n</tr><tr bgcolor=\"#E3E3F3\">\n<th>COMM_NUM</th>\n<td>681</td>\n</tr><tr bgcolor=\"\">\n<th>NDGIS_ID</th>\n<td>154</td>\n</tr></table></center>", "COMM_NUM": 681, "CNAME_E": "AL BARSHA SOUTH FOURTH", "population": 44363.0, "area_km2": 6.8031892149989996, "pop_density": 6520.912266, "anomaly_morning_mean": 4.4436, "anomaly_morning_median": 4.3718, "anomaly_morning_std": 1.2654, "anomaly_morning_min": -1.7756, "anomaly_morning_max": 8.1659, "anomaly_morning_count": 7563, "anomaly_morning_extreme_pct": 0.0008, "anomaly_afternoon_mean": -0.5782, "anomaly_afternoon_median": 0.0848, "anomaly_afternoon_std": 1.9356, "anomaly_afternoon_min": -12.2673, "anomaly_afternoon_max": 2.6563, "anomaly_afternoon_count": 7563, "anomaly_afternoon_extreme_pct": 0.0041, "anomaly_night_mean": 1.0251, "anomaly_night_median": 1.0766, "anomaly_night_std": 1.0675, "anomaly_night_min": -2.0222, "anomaly_night_max": 3.7029, "anomaly_night_count": 7563, "anomaly_night_extreme_pct": 0.0045, "diurnal_range_mean": -1.6033, "diurnal_range_std": 2.129, "ndvi_mean": 0.0542, "green_fraction": 0.048, "albedo_mean": 0.3725, "building_density_mean": 0.1524, "building_height_mean": 1.0305, "road_density_mean": 0.1467, "sand_fraction_mean": 0.259, "water_fraction_mean": 0.0001, "dist_to_coast_mean": 7302.353 }, "geometry": { "type": "Polygon", "coordinates": [ [ [ 55.2102436778246, 25.076927247445099, 0.0 ], [ 55.213864385422497, 25.074032418274594, 0.0 ], [ 55.216185853381099, 25.071822560570901, 0.0 ], [ 55.217614748875398, 25.070099451336105, 0.0 ], [ 55.219143462786803, 25.067572967311694, 0.0 ], [ 55.220315811517601, 25.0645045523043, 0.0 ], [ 55.2234887022598, 25.051868575510202, 0.0 ], [ 55.219585608085197, 25.050285841802104, 0.0 ], [ 55.213414804263302, 25.047130423051097, 0.0 ], [ 55.209799294009102, 25.045619883135696, 0.0 ], [ 55.207798149281999, 25.045049478818399, 0.0 ], [ 55.199545426952099, 25.043318041026801, 0.0 ], [ 55.19683529168941, 25.047720951067195, 0.0 ], [ 55.195543016136803, 25.051321691826097, 0.0 ], [ 55.195214206518202, 25.052910217817995, 0.0 ], [ 55.195123102314497, 25.054616293170305, 0.0 ], [ 55.195289523914496, 25.056439990859605, 0.0 ], [ 55.195703783923697, 25.058218771826102, 0.0 ], [ 55.196869997357098, 25.061135695248101, 0.0 ], [ 55.1986704000795, 25.0636554023014, 0.0 ], [ 55.2102436778246, 25.076927247445099, 0.0 ] ] ] } },
{ "type": "Feature", "properties": { "id": "kml_14", "description": "<center><table><tr><th colspan='2' align='center'><em>Attributes</em></th></tr><tr bgcolor=\"#E3E3F3\">\n<th>OBJECTID</th>\n<td>3</td>\n</tr><tr bgcolor=\"\">\n<th>CNAME_E</th>\n<td>AL KIFAF</td>\n</tr><tr bgcolor=\"#E3E3F3\">\n<th>CNAME_A</th>\n<td>الكفاف</td>\n</tr><tr bgcolor=\"\">\n<th>LABEL_E</th>\n<td>AL KIFAF</td>\n</tr><tr bgcolor=\"#E3E3F3\">\n<th>LABEL_A</th>\n<td>الكفاف</td>\n</tr><tr bgcolor=\"\">\n<th>C_PREFIX_E</th>\n<td>Community:</td>\n</tr><tr bgcolor=\"#E3E3F3\">\n<th>C_PREFIX_A</th>\n<td>:???????</td>\n</tr><tr bgcolor=\"\">\n<th>COMMUNITY_E</th>\n<td>AL KIFAF - 324</td>\n</tr><tr bgcolor=\"#E3E3F3\">\n<th>COMMUNITY_A</th>\n<td>الكفاف - 324</td>\n</tr><tr bgcolor=\"\">\n<th>DGIS_ID</th>\n<td>0000064</td>\n</tr><tr bgcolor=\"#E3E3F3\">\n<th>COMM_NUM</th>\n<td>324</td>\n</tr><tr bgcolor=\"\">\n<th>NDGIS_ID</th>\n<td>64</td>\n</tr></table></center>", "COMM_NUM": 324, "CNAME_E": "AL KIFAF", "population": 3868.0, "area_km2": 0.79564597299899997, "pop_density": 4861.458653, "anomaly_morning_mean": 3.2421, "anomaly_morning_median": 3.3942, "anomaly_morning_std": 1.2608, "anomaly_morning_min": -0.2052, "anomaly_morning_max": 6.0624, "anomaly_morning_count": 884, "anomaly_morning_extreme_pct": 0.0, "anomaly_afternoon_mean": -3.4888, "anomaly_afternoon_median": -3.5831, "anomaly_afternoon_std": 2.4179, "anomaly_afternoon_min": -11.9124, "anomaly_afternoon_max": 1.1706, "anomaly_afternoon_count": 884, "anomaly_afternoon_extreme_pct": 0.0, "anomaly_night_mean": 0.6413, "anomaly_night_median": 0.6298, "anomaly_night_std": 1.001, "anomaly_night_min": -0.9366, "anomaly_night_max": 2.927, "anomaly_night_count": 884, "anomaly_night_extreme_pct": 0.0, "diurnal_range_mean": -4.1301, "diurnal_range_std": 1.708, "ndvi_mean": 0.1601, "green_fraction": 0.3575, "albedo_mean": 0.3197, "building_density_mean": 0.0964, "building_height_mean": 0.5355, "road_density_mean": 0.1005, "sand_fraction_mean": 0.0373, "water_fraction_mean": 0.0011, "dist_to_coast_mean": 2974.1867 }, "geometry": { "type": "Polygon", "coordinates": [ [ [ 55.295357738320497, 25.239663174962292, 0.0 ], [ 55.3049863603066, 25.234682327139897, 0.0 ], [ 55.304897259529199, 25.233725427455298, 0.0 ], [ 55.297900926891998, 25.231620578862, 0.0 ], [ 55.2896244656162, 25.229858059089405, 0.0 ], [ 55.295357738320497, 25.239663174962292, 0.0 ] ] ] } },
{ "type": "Feature", "properties": { "id": "kml_15", "description": "<center><table><tr><th colspan='2' align='center'><em>Attributes</em></th></tr><tr bgcolor=\"#E3E3F3\">\n<th>OBJECTID</th>\n<td>4</td>\n</tr><tr bgcolor=\"\">\n<th>CNAME_E</th>\n<td>AL NAHDA FIRST</td>\n</tr><tr bgcolor=\"#E3E3F3\">\n<th>CNAME_A</th>\n<td>النهدة الأولى</td>\n</tr><tr bgcolor=\"\">\n<th>LABEL_E</th>\n<td>AL NAHDA FIRST</td>\n</tr><tr bgcolor=\"#E3E3F3\">\n<th>LABEL_A</th>\n<td>النهدة الأولى</td>\n</tr><tr bgcolor=\"\">\n<th>C_PREFIX_E</th>\n<td>Community:</td>\n</tr><tr bgcolor=\"#E3E3F3\">\n<th>C_PREFIX_A</th>\n<td>:???????</td>\n</tr><tr bgcolor=\"\">\n<th>COMMUNITY_E</th>\n<td>AL NAHDA FIRST - 231</td>\n</tr><tr bgcolor=\"#E3E3F3\">\n<th>COMMUNITY_A</th>\n<td>النهدة الأولى - 231</td>\n</tr><tr bgcolor=\"\">\n<th>DGIS_ID</th>\n<td>0000004</td>\n</tr><tr bgcolor=\"#E3E3F3\">\n<th>COMM_NUM</th>\n<td>231</td>\n</tr><tr bgcolor=\"\">\n<th>NDGIS_ID</th>\n<td>4</td>\n</tr></table></center>", "COMM_NUM": 231, "CNAME_E": "AL NAHDA FIRST", "population": 41342.0, "area_km2": 1.696333862358, "pop_density": 24371.38167, "anomaly_morning_mean": 4.1585, "anomaly_morning_median": 4.3072, "anomaly_morning_std": 1.3906, "anomaly_morning_min": -1.5153, "anomaly_morning_max": 7.7207, "anomaly_morning_count": 1886, "anomaly_morning_extreme_pct": 0.0, "anomaly_afternoon_mean": -1.2836, "anomaly_afternoon_median": -0.6155, "anomaly_afternoon_std": 2.0442, "anomaly_afternoon_min": -6.3694, "anomaly_afternoon_max": 1.3887, "anomaly_afternoon_count": 1886, "anomaly_afternoon_extreme_pct": 0.0, "anomaly_night_mean": 1.2055, "anomaly_night_median": 1.2344, "anomaly_night_std": 1.1223, "anomaly_night_min": -1.4613, "anomaly_night_max": 3.6655, "anomaly_night_count": 1886, "anomaly_night_extreme_pct": 0.0159, "diurnal_range_mean": -2.4891, "diurnal_range_std": 1.9472, "ndvi_mean": 0.0628, "green_fraction": 0.0923, "albedo_mean": 0.3517, "building_density_mean": 0.1399, "building_height_mean": 1.1525, "road_density_mean": 0.13, "sand_fraction_mean": 0.2386, "water_fraction_mean": 0.0, "dist_to_coast_mean": 1923.1733 }, "geometry": { "type": "Polygon", "coordinates": [ [ [ 55.3771771767709, 25.297866487749697, 0.0 ], [ 55.377907148677302, 25.297651748580694, 0.0 ], [ 55.375156149959601, 25.296470002076902, 0.0 ], [ 55.3715110495651, 25.293762854926797, 0.0 ], [ 55.369067621588798, 25.2912358728477, 0.0 ], [ 55.365134261122009, 25.286208663381803, 0.0 ], [ 55.363276779718397, 25.283085664295296, 0.0 ], [ 55.361538450932606, 25.279682776424497, 0.0 ], [ 55.360485694822202, 25.278166405442093, 0.0 ], [ 55.355720611769598, 25.281037844404889, 0.0 ], [ 55.3569718429817, 25.282220204116989, 0.0 ], [ 55.358759540498603, 25.284783612918496, 0.0 ], [ 55.359743357091098, 25.288737322969698, 0.0 ], [ 55.361005920310404, 25.295579650914998, 0.0 ], [ 55.362347350488101, 25.299406899605398, 0.0 ], [ 55.363762076327305, 25.297962068474291, 0.0 ], [ 55.372223818452397, 25.296908628596796, 0.0 ], [ 55.3771771767709, 25.297866487749697, 0.0 ] ] ] } },
{ "type": "Feature", "properties": { "id": "kml_16", "description": "<center><table><tr><th colspan='2' align='center'><em>Attributes</em></th></tr><tr bgcolor=\"#E3E3F3\">\n<th>OBJECTID</th>\n<td>5</td>\n</tr><tr bgcolor=\"\">\n<th>CNAME_E</th>\n<td>DUBAI INT'L AIRPORT</td>\n</tr><tr bgcolor=\"#E3E3F3\">\n<th>CNAME_A</th>\n<td>مطار دبي الدولي</td>\n</tr><tr bgcolor=\"\">\n<th>LABEL_E</th>\n<td>DUBAI INT'L AIRPORT</td>\n</tr><tr bgcolor=\"#E3E3F3\">\n<th>LABEL_A</th>\n<td>مطار دبي الدولي</td>\n</tr><tr bgcolor=\"\">\n<th>C_PREFIX_E</th>\n<td>Community:</td>\n</tr><tr bgcolor=\"#E3E3F3\">\n<th>C_PREFIX_A</th>\n<td>:???????</td>\n</tr><tr bgcolor=\"\">\n<th>COMMUNITY_E</th>\n<td>DUBAI INT'L AIRPORT - 221</td>\n</tr><tr bgcolor=\"#E3E3F3\">\n<th>COMMUNITY_A</th>\n<td>مطار دبي الدولي - 221</td>\n</tr><tr bgcolor=\"\">\n<th>DGIS_ID</th>\n<td>0000032</td>\n</tr><tr bgcolor=\"#E3E3F3\">\n<th>COMM_NUM</th>\n<td>221</td>\n</tr><tr bgcolor=\"\">\n<th>NDGIS_ID</th>\n<td>32</td>\n</tr></table></center>", "COMM_NUM": 221, "CNAME_E": "DUBAI INT'L AIRPORT", "population": 125.0, "area_km2": 14.180715881, "pop_density": 8.814787705000001, "anomaly_morning_mean": 7.3501, "anomaly_morning_median": 7.4965, "anomaly_morning_std": 1.2429, "anomaly_morning_min": 1.904, "anomaly_morning_max": 10.7787, "anomaly_morning_count": 15743, "anomaly_morning_extreme_pct": 0.3267, "anomaly_afternoon_mean": 1.2899, "anomaly_afternoon_median": 1.5908, "anomaly_afternoon_std": 1.9686, "anomaly_afternoon_min": -15.9611, "anomaly_afternoon_max": 3.9151, "anomaly_afternoon_count": 15743, "anomaly_afternoon_extreme_pct": 0.2739, "anomaly_night_mean": 2.9747, "anomaly_night_median": 3.2629, "anomaly_night_std": 1.3975, "anomaly_night_min": -1.7362, "anomaly_night_max": 5.2815, "anomaly_night_count": 15743, "anomaly_night_extreme_pct": 0.5127, "diurnal_range_mean": -1.6848, "diurnal_range_std": 1.7786, "ndvi_mean": 0.0046, "green_fraction": 0.0058, "albedo_mean": 0.3332, "building_density_mean": 0.113, "building_height_mean": 0.8373, "road_density_mean": 0.0405, "sand_fraction_mean": 0.0388, "water_fraction_mean": 0.0084, "dist_to_coast_mean": 5988.3031 }, "geometry": { "type": "Polygon", "coordinates": [ [ [ 55.364106834685003, 25.2674233992011, 0.0 ], [ 55.366687670859399, 25.266330553014694, 0.0 ], [ 55.387122888562203, 25.254327425482, 0.0 ], [ 55.387476518137902, 25.245932025669394, 0.0 ], [ 55.3970817220142, 25.240367449565888, 0.0 ], [ 55.397994756607602, 25.240195536272694, 0.0 ], [ 55.404237661788798, 25.240048236994898, 0.0 ], [ 55.403469325452306, 25.232917125557307, 0.0 ], [ 55.401870977932006, 25.232069319451192, 0.0 ], [ 55.398217919786198, 25.2305543999672, 0.0 ], [ 55.396480926186499, 25.230148928616693, 0.0 ], [ 55.393940205290399, 25.230023620746096, 0.0 ], [ 55.392987499029097, 25.230105244144401, 0.0 ], [ 55.3913601002617, 25.2305482247546, 0.0 ], [ 55.368120155380701, 25.241767294487104, 0.0 ], [ 55.364894745133107, 25.243095014810397, 0.0 ], [ 55.356924967741399, 25.245172745450699, 0.0 ], [ 55.337024324378099, 25.256052337753101, 0.0 ], [ 55.337262598033099, 25.257180736545699, 0.0 ], [ 55.337322220435503, 25.259094484994797, 0.0 ], [ 55.336428921418801, 25.263562951392995, 0.0 ], [ 55.348958451390899, 25.274855123785098, 0.0 ], [ 55.354010974650699, 25.269709028148995, 0.0 ], [ 55.355738168122897, 25.2685081649288, 0.0 ], [ 55.3565025425372, 25.268201123748508, 0.0 ], [ 55.357922116718697, 25.267930079527694, 0.0 ], [ 55.362061861039003, 25.267793924623099, 0.0 ], [ 55.364106834685003, 25.2674233992011, 0.0 ] ] ] } },
{ "type": "Feature", "properties": { "id": "kml_17", "description": "<center><table><tr><th colspan='2' align='center'><em>Attributes</em></th></tr><tr bgcolor=\"#E3E3F3\">\n<th>OBJECTID</th>\n<td>6</td>\n</tr><tr bgcolor=\"\">\n<th>CNAME_E</th>\n<td>UMM AL SHEIF</td>\n</tr><tr bgcolor=\"#E3E3F3\">\n<th>CNAME_A</th>\n<td>أم الشيف</td>\n</tr><tr bgcolor=\"\">\n<th>LABEL_E</th>\n<td>UMM AL SHEIF</td>\n</tr><tr bgcolor=\"#E3E3F3\">\n<th>LABEL_A</th>\n<td>أم الشيف</td>\n</tr><tr bgcolor=\"\">\n<th>C_PREFIX_E</th>\n<td>Community:</td>\n</tr><tr bgcolor=\"#E3E3F3\">\n<th>C_PREFIX_A</th>\n<td>:???????</td>\n</tr><tr bgcolor=\"\">\n<th>COMMUNITY_E</th>\n<td>UMM AL SHEIF - 367</td>\n</tr><tr bgcolor=\"#E3E3F3\">\n<th>COMMUNITY_A</th>\n<td>أم الشيف - 367</td>\n</tr><tr bgcolor=\"\">\n<th>DGIS_ID</th>\n<td>0000115</td>\n</tr><tr bgcolor=\"#E3E3F3\">\n<th>COMM_NUM</th>\n<td>367</td>\n</tr><tr bgcolor=\"\">\n<th>NDGIS_ID</th>\n<td>115</td>\n</tr></table></center>", "COMM_NUM": 367, "CNAME_E": "UMM AL SHEIF", "population": 5158.0, "area_km2": 1.8479284734380002, "pop_density": 2791.233575, "anomaly_morning_mean": 3.2999, "anomaly_morning_median": 3.3048, "anomaly_morning_std": 0.6925, "anomaly_morning_min": 0.5774, "anomaly_morning_max": 5.8906, "anomaly_morning_count": 2053, "anomaly_morning_extreme_pct": 0.0, "anomaly_afternoon_mean": -2.4889, "anomaly_afternoon_median": -2.6207, "anomaly_afternoon_std": 1.5487, "anomaly_afternoon_min": -6.3672, "anomaly_afternoon_max": 1.2418, "anomaly_afternoon_count": 2053, "anomaly_afternoon_extreme_pct": 0.0, "anomaly_night_mean": 1.1437, "anomaly_night_median": 1.1933, "anomaly_night_std": 0.6893, "anomaly_night_min": -1.6084, "anomaly_night_max": 3.0027, "anomaly_night_count": 2053, "anomaly_night_extreme_pct": 0.0, "diurnal_range_mean": -3.6326, "diurnal_range_std": 1.7337, "ndvi_mean": 0.0625, "green_fraction": 0.037, "albedo_mean": 0.3886, "building_density_mean": 0.2123, "building_height_mean": 1.3778, "road_density_mean": 0.1273, "sand_fraction_mean": 0.1286, "water_fraction_mean": 0.0, "dist_to_coast_mean": 2016.0247 }, "geometry": { "type": "Polygon", "coordinates": [ [ [ 55.210369922409498, 25.129114411978602, 0.0 ], [ 55.2020070750402, 25.1230589390426, 0.0 ], [ 55.195040605767097, 25.128035679885294, 0.0 ], [ 55.204468133676301, 25.140104652311894, 0.0 ], [ 55.2142427034915, 25.1337305286613, 0.0 ], [ 55.212579009689499, 25.13139111009799, 0.0 ], [ 55.210369922409498, 25.129114411978602, 0.0 ] ] ] } },
{ "type": "Feature", "properties": { "id": "kml_19", "description": "<center><table><tr><th colspan='2' align='center'><em>Attributes</em></th></tr><tr bgcolor=\"#E3E3F3\">\n<th>OBJECTID</th>\n<td>8</td>\n</tr><tr bgcolor=\"\">\n<th>CNAME_E</th>\n<td>AL QOUZ IND.FIRST</td>\n</tr><tr bgcolor=\"#E3E3F3\">\n<th>CNAME_A</th>\n<td>القوز الصناعية الأولى</td>\n</tr><tr bgcolor=\"\">\n<th>LABEL_E</th>\n<td>AL QOUZ IND.FIRST</td>\n</tr><tr bgcolor=\"#E3E3F3\">\n<th>LABEL_A</th>\n<td>القوز الصناعية الأولى</td>\n</tr><tr bgcolor=\"\">\n<th>C_PREFIX_E</th>\n<td>Community:</td>\n</tr><tr bgcolor=\"#E3E3F3\">\n<th>C_PREFIX_A</th>\n<td>:???????</td>\n</tr><tr bgcolor=\"\">\n<th>COMMUNITY_E</th>\n<td>AL QOUZ IND.FIRST - 364</td>\n</tr><tr bgcolor=\"#E3E3F3\">\n<th>COMMUNITY_A</th>\n<td>القوز الصناعية الأولى - 364</td>\n</tr><tr bgcolor=\"\">\n<th>DGIS_ID</th>\n<td>0000109</td>\n</tr><tr bgcolor=\"#E3E3F3\">\n<th>COMM_NUM</th>\n<td>364</td>\n</tr><tr bgcolor=\"\">\n<th>NDGIS_ID</th>\n<td>109</td>\n</tr></table></center>", "COMM_NUM": 364, "CNAME_E": "AL QOUZ IND.FIRST", "population": 40479.0, "area_km2": 4.8253984545000002, "pop_density": 8388.737299, "anomaly_morning_mean": 6.4701, "anomaly_morning_median": 6.6445, "anomaly_morning_std": 1.0217, "anomaly_morning_min": 1.4574, "anomaly_morning_max": 8.6875, "anomaly_morning_count": 5359, "anomaly_morning_extreme_pct": 0.0121, "anomaly_afternoon_mean": -0.4566, "anomaly_afternoon_median": -0.4693, "anomaly_afternoon_std": 1.1849, "anomaly_afternoon_min": -5.6956, "anomaly_afternoon_max": 2.12, "anomaly_afternoon_count": 5359, "anomaly_afternoon_extreme_pct": 0.0, "anomaly_night_mean": 1.1411, "anomaly_night_median": 0.9891, "anomaly_night_std": 0.8964, "anomaly_night_min": -1.8955, "anomaly_night_max": 3.5808, "anomaly_night_count": 5359, "anomaly_night_extreme_pct": 0.0019, "diurnal_range_mean": -1.5977, "diurnal_range_std": 1.2715, "ndvi_mean": 0.017, "green_fraction": 0.0086, "albedo_mean": 0.3957, "building_density_mean": 0.3571, "building_height_mean": 2.9404, "road_density_mean": 0.076, "sand_fraction_mean": 0.1058, "water_fraction_mean": 0.0, "dist_to_coast_mean": 3343.3693 }, "geometry": { "type": "Polygon", "coordinates": [ [ [ 55.230207077798802, 25.159009890060997, 0.0 ], [ 55.246917960754701, 25.147898967864997, 0.0 ], [ 55.232532055197098, 25.129979709689199, 0.0 ], [ 55.217936039125, 25.139655351782896, 0.0 ], [ 55.228542776811501, 25.156625520198499, 0.0 ], [ 55.230207077798802, 25.159009890060997, 0.0 ] ] ] } },
{ "type": "Feature", "properties": { "id": "kml_20", "description": "<center><table><tr><th colspan='2' align='center'><em>Attributes</em></th></tr><tr bgcolor=\"#E3E3F3\">\n<th>OBJECTID</th>\n<td>9</td>\n</tr><tr bgcolor=\"\">\n<th>CNAME_E</th>\n<td>AL BARSHA SOUTH SECOND</td>\n</tr><tr bgcolor=\"#E3E3F3\">\n<th>CNAME_A</th>\n<td>البرشاء جنوب الثانية</td>\n</tr><tr bgcolor=\"\">\n<th>LABEL_E</th>\n<td>AL BARSHA SOUTH SECOND</td>\n</tr><tr bgcolor=\"#E3E3F3\">\n<th>LABEL_A</th>\n<td>البرشاء جنوب الثانية</td>\n</tr><tr bgcolor=\"\">\n<th>C_PREFIX_E</th>\n<td>Community:</td>\n</tr><tr bgcolor=\"#E3E3F3\">\n<th>C_PREFIX_A</th>\n<td>:???????</td>\n</tr><tr bgcolor=\"\">\n<th>COMMUNITY_E</th>\n<td>AL BARSHA SOUTH SECOND - 672</td>\n</tr><tr bgcolor=\"#E3E3F3\">\n<th>COMMUNITY_A</th>\n<td>البرشاء جنوب الثانية - 672</td>\n</tr><tr bgcolor=\"\">\n<th>DGIS_ID</th>\n<td>0000130</td>\n</tr><tr bgcolor=\"#E3E3F3\">\n<th>COMM_NUM</th>\n<td>672</td>\n</tr><tr bgcolor=\"\">\n<th>NDGIS_ID</th>\n<td>130</td>\n</tr></table></center>", "COMM_NUM": 672, "CNAME_E": "AL BARSHA SOUTH SECOND", "population": 8371.0, "area_km2": 4.7673533280009996, "pop_density": 1755.9009, "anomaly_morning_mean": 4.769, "anomaly_morning_median": 4.616, "anomaly_morning_std": 1.0121, "anomaly_morning_min": 1.6183, "anomaly_morning_max": 8.4482, "anomaly_morning_count": 5294, "anomaly_morning_extreme_pct": 0.0013, "anomaly_afternoon_mean": -0.5153, "anomaly_afternoon_median": -0.1988, "anomaly_afternoon_std": 1.8785, "anomaly_afternoon_min": -5.4209, "anomaly_afternoon_max": 2.9734, "anomaly_afternoon_count": 5294, "anomaly_afternoon_extreme_pct": 0.006, "anomaly_night_mean": 0.6057, "anomaly_night_median": 0.7127, "anomaly_night_std": 1.1683, "anomaly_night_min": -2.1348, "anomaly_night_max": 3.8432, "anomaly_night_count": 5294, "anomaly_night_extreme_pct": 0.004, "diurnal_range_mean": -1.1209, "diurnal_range_std": 2.4147, "ndvi_mean": 0.046, "green_fraction": 0.0096, "albedo_mean": 0.4129, "building_density_mean": 0.1295, "building_height_mean": 0.5815, "road_density_mean": 0.1065, "sand_fraction_mean": 0.3721, "water_fraction_mean": 0.0, "dist_to_coast_mean": 8301.9856 }, "geometry": { "type": "Polygon", "coordinates": [ [ [ 55.250148245137403, 25.078950034763995, 0.0 ], [ 55.249808537242799, 25.068306548931798, 0.0 ], [ 55.234693715073199, 25.068297276366501, 0.0 ], [ 55.233811706499303, 25.068170304325399, 0.0 ], [ 55.232791287410599, 25.067618946121598, 0.0 ], [ 55.229563032504799, 25.064258535759194, 0.0 ], [ 55.228305078308303, 25.063381994227193, 0.0 ], [ 55.227205294168598, 25.062984006972201, 0.0 ], [ 55.221022055319601, 25.061697569247798, 0.0 ], [ 55.220216377766199, 25.0648565447968, 0.0 ], [ 55.219600307508202, 25.066571278018696, 0.0 ], [ 55.218240033605703, 25.069179144278699, 0.0 ], [ 55.2168307928087, 25.071100877620207, 0.0 ], [ 55.224505204377699, 25.079095931442399, 0.0 ], [ 55.225515634383697, 25.079800794951606, 0.0 ], [ 55.226655108440802, 25.080307160223597, 0.0 ], [ 55.2288355125159, 25.0806698063152, 0.0 ], [ 55.2450917654633, 25.080689389228102, 0.0 ], [ 55.249958347792997, 25.081260927541699, 0.0 ], [ 55.250148245137403, 25.078950034763995, 0.0 ] ] ] } },
{ "type": "Feature", "properties": { "id": "kml_22", "description": "<center><table><tr><th colspan='2' align='center'><em>Attributes</em></th></tr><tr bgcolor=\"#E3E3F3\">\n<th>OBJECTID</th>\n<td>11</td>\n</tr><tr bgcolor=\"\">\n<th>CNAME_E</th>\n<td>RAS AL KHOR IND. THIRD</td>\n</tr><tr bgcolor=\"#E3E3F3\">\n<th>CNAME_A</th>\n<td>رأس الخور الصناعية الثالثة</td>\n</tr><tr bgcolor=\"\">\n<th>LABEL_E</th>\n<td>RAS AL KHOR IND. THIRD</td>\n</tr><tr bgcolor=\"#E3E3F3\">\n<th>LABEL_A</th>\n<td>رأس الخور الصناعية الثالثة</td>\n</tr><tr bgcolor=\"\">\n<th>C_PREFIX_E</th>\n<td>Community:</td>\n</tr><tr bgcolor=\"#E3E3F3\">\n<th>C_PREFIX_A</th>\n<td>:???????</td>\n</tr><tr bgcolor=\"\">\n<th>COMMUNITY_E</th>\n<td>RAS AL KHOR IND. THIRD - 614</td>\n</tr><tr bgcolor=\"#E3E3F3\">\n<th>COMMUNITY_A</th>\n<td>رأس الخور الصناعية الثالثة - 614</td>\n</tr><tr bgcolor=\"\">\n<th>DGIS_ID</th>\n<td>0000093</td>\n</tr><tr bgcolor=\"#E3E3F3\">\n<th>COMM_NUM</th>\n<td>614</td>\n</tr><tr bgcolor=\"\">\n<th>NDGIS_ID</th>\n<td>93</td>\n</tr></table></center>", "COMM_NUM": 614, "CNAME_E": "RAS AL KHOR IND. THIRD", "population": 28657.0, "area_km2": 5.4480280464990001, "pop_density": 5260.068369, "anomaly_morning_mean": 7.428, "anomaly_morning_median": 7.5014, "anomaly_morning_std": 1.2867, "anomaly_morning_min": 2.6707, "anomaly_morning_max": 9.89, "anomaly_morning_count": 6048, "anomaly_morning_extreme_pct": 0.3454, "anomaly_afternoon_mean": 1.1051, "anomaly_afternoon_median": 1.8233, "anomaly_afternoon_std": 2.0432, "anomaly_afternoon_min": -5.114, "anomaly_afternoon_max": 3.9352, "anomaly_afternoon_count": 6048, "anomaly_afternoon_extreme_pct": 0.358, "anomaly_night_mean": 1.4379, "anomaly_night_median": 1.5639, "anomaly_night_std": 1.3072, "anomaly_night_min": -2.0571, "anomaly_night_max": 4.2867, "anomaly_night_count": 6048, "anomaly_night_extreme_pct": 0.0572, "diurnal_range_mean": -0.3328, "diurnal_range_std": 2.3328, "ndvi_mean": 0.0319, "green_fraction": 0.0154, "albedo_mean": 0.3566, "building_density_mean": 0.1645, "building_height_mean": 1.3424, "road_density_mean": 0.0986, "sand_fraction_mean": 0.2411, "water_fraction_mean": 0.0, "dist_to_coast_mean": 13803.2447 }, "geometry": { "type": "Polygon", "coordinates": [ [ [ 55.370842134209298, 25.184922230760002, 0.0 ], [ 55.397070134162099, 25.180020485889699, 0.0 ], [ 55.396045627845503, 25.174730948864905, 0.0 ], [ 55.395379725168802, 25.172230676982497, 0.0 ], [ 55.391108710278203, 25.160515003266404, 0.0 ], [ 55.388233020399802, 25.162222253478191, 0.0 ], [ 55.38698346646521, 25.162755321014796, 0.0 ], [ 55.380289020807098, 25.165032469573099, 0.0 ], [ 55.373296577648901, 25.166794841065496, 0.0 ], [ 55.365857413708198, 25.168015344432693, 0.0 ], [ 55.370256263899201, 25.183116927157997, 0.0 ], [ 55.371070181538499, 25.184497891844195, 0.0 ], [ 55.370842134209298, 25.184922230760002, 0.0 ] ] ] } },
{ "type": "Feature", "properties": { "id": "kml_25", "description": "<center><table><tr><th colspan='2' align='center'><em>Attributes</em></th></tr><tr bgcolor=\"#E3E3F3\">\n<th>OBJECTID</th>\n<td>14</td>\n</tr><tr bgcolor=\"\">\n<th>CNAME_E</th>\n<td>AL NAHDA SECOND</td>\n</tr><tr bgcolor=\"#E3E3F3\">\n<th>CNAME_A</th>\n<td>النهدة الثانية</td>\n</tr><tr bgcolor=\"\">\n<th>LABEL_E</th>\n<td>AL NAHDA SECOND</td>\n</tr><tr bgcolor=\"#E3E3F3\">\n<th>LABEL_A</th>\n<td>النهدة الثانية</td>\n</tr><tr bgcolor=\"\">\n<th>C_PREFIX_E</th>\n<td>Community:</td>\n</tr><tr bgcolor=\"#E3E3F3\">\n<th>C_PREFIX_A</th>\n<td>:???????</td>\n</tr><tr bgcolor=\"\">\n<th>COMMUNITY_E</th>\n<td>AL NAHDA SECOND - 241</td>\n</tr><tr bgcolor=\"#E3E3F3\">\n<th>COMMUNITY_A</th>\n<td>النهدة الثانية - 241</td>\n</tr><tr bgcolor=\"\">\n<th>DGIS_ID</th>\n<td>0000007</td>\n</tr><tr bgcolor=\"#E3E3F3\">\n<th>COMM_NUM</th>\n<td>241</td>\n</tr><tr bgcolor=\"\">\n<th>NDGIS_ID</th>\n<td>7</td>\n</tr></table></center>", "COMM_NUM": 241, "CNAME_E": "AL NAHDA SECOND", "population": 71100.0, "area_km2": 2.21157057, "pop_density": 32149.09846, "anomaly_morning_mean": 3.5475, "anomaly_morning_median": 3.757, "anomaly_morning_std": 1.9842, "anomaly_morning_min": -6.1614, "anomaly_morning_max": 7.6845, "anomaly_morning_count": 2459, "anomaly_morning_extreme_pct": 0.0, "anomaly_afternoon_mean": -1.6426, "anomaly_afternoon_median": -0.9, "anomaly_afternoon_std": 2.5692, "anomaly_afternoon_min": -12.7552, "anomaly_afternoon_max": 1.1596, "anomaly_afternoon_count": 2459, "anomaly_afternoon_extreme_pct": 0.0, "anomaly_night_mean": 1.4192, "anomaly_night_median": 1.5176, "anomaly_night_std": 1.1702, "anomaly_night_min": -1.5435, "anomaly_night_max": 3.923, "anomaly_night_count": 2459, "anomaly_night_extreme_pct": 0.0386, "diurnal_range_mean": -3.0618, "diurnal_range_std": 2.4889, "ndvi_mean": 0.0524, "green_fraction": 0.0663, "albedo_mean": 0.3432, "building_density_mean": 0.1737, "building_height_mean": 3.435, "road_density_mean": 0.101, "sand_fraction_mean": 0.2224, "water_fraction_mean": 0.0277, "dist_to_coast_mean": 2417.1871 }, "geometry": { "type": "Polygon", "coordinates": [ [ [ 55.388422083419997, 25.295725420380307, 0.0 ], [ 55.378417510614902, 25.281438876494505, 0.0 ], [ 55.366634073743597, 25.2881581923419, 0.0 ], [ 55.369067621588798, 25.2912358728477, 0.0 ], [ 55.3715110495651, 25.293762854926797, 0.0 ], [ 55.375156149959601, 25.296470002076902, 0.0 ], [ 55.377907148677302, 25.297651748580694, 0.0 ], [ 55.380121725859098, 25.298174635342999, 0.0 ], [ 55.382594301921898, 25.298200911577297, 0.0 ], [ 55.385165857950099, 25.297495915331897, 0.0 ], [ 55.388422083419997, 25.295725420380307, 0.0 ] ] ] } },
{ "type": "Feature", "properties": { "id": "kml_27", "description": "<center><table><tr><th colspan='2' align='center'><em>Attributes</em></th></tr><tr bgcolor=\"#E3E3F3\">\n<th>OBJECTID</th>\n<td>16</td>\n</tr><tr bgcolor=\"\">\n<th>CNAME_E</th>\n<td>AL GARHOUD</td>\n</tr><tr bgcolor=\"#E3E3F3\">\n<th>CNAME_A</th>\n<td>القرهود</td>\n</tr><tr bgcolor=\"\">\n<th>LABEL_E</th>\n<td>AL GARHOUD</td>\n</tr><tr bgcolor=\"#E3E3F3\">\n<th>LABEL_A</th>\n<td>القرهود</td>\n</tr><tr bgcolor=\"\">\n<th>C_PREFIX_E</th>\n<td>Community:</td>\n</tr><tr bgcolor=\"#E3E3F3\">\n<th>C_PREFIX_A</th>\n<td>:???????</td>\n</tr><tr bgcolor=\"\">\n<th>COMMUNITY_E</th>\n<td>AL GARHOUD - 214</td>\n</tr><tr bgcolor=\"#E3E3F3\">\n<th>COMMUNITY_A</th>\n<td>القرهود - 214</td>\n</tr><tr bgcolor=\"\">\n<th>DGIS_ID</th>\n<td>0000052</td>\n</tr><tr bgcolor=\"#E3E3F3\">\n<th>COMM_NUM</th>\n<td>214</td>\n</tr><tr bgcolor=\"\">\n<th>NDGIS_ID</th>\n<td>52</td>\n</tr></table></center>", "COMM_NUM": 214, "CNAME_E": "AL GARHOUD", "population": 22216.0, "area_km2": 4.042863618, "pop_density": 5495.114874, "anomaly_morning_mean": 4.6076, "anomaly_morning_median": 4.454, "anomaly_morning_std": 1.2982, "anomaly_morning_min": -0.3718, "anomaly_morning_max": 8.4654, "anomaly_morning_count": 4487, "anomaly_morning_extreme_pct": 0.0016, "anomaly_afternoon_mean": -0.8214, "anomaly_afternoon_median": -0.4222, "anomaly_afternoon_std": 1.9811, "anomaly_afternoon_min": -5.4339, "anomaly_afternoon_max": 3.0098, "anomaly_afternoon_count": 4487, "anomaly_afternoon_extreme_pct": 0.0091, "anomaly_night_mean": 1.536, "anomaly_night_median": 1.5374, "anomaly_night_std": 0.9137, "anomaly_night_min": -1.4864, "anomaly_night_max": 3.8576, "anomaly_night_count": 4487, "anomaly_night_extreme_pct": 0.0114, "diurnal_range_mean": -2.3574, "diurnal_range_std": 1.8589, "ndvi_mean": 0.0511, "green_fraction": 0.0522, "albedo_mean": 0.3499, "building_density_mean": 0.2414, "building_height_mean": 2.6823, "road_density_mean": 0.1256, "sand_fraction_mean": 0.1125, "water_fraction_mean": 0.0, "dist_to_coast_mean": 6115.0301 }, "geometry": { "type": "Polygon", "coordinates": [ [ [ 55.369033159727806, 25.241315717440596, 0.0 ], [ 55.353200369809301, 25.229971514007701, 0.0 ], [ 55.350213615274903, 25.233600818720905, 0.0 ], [ 55.3491914978785, 25.234602950554198, 0.0 ], [ 55.347573902051899, 25.235794704826596, 0.0 ], [ 55.344675965789598, 25.237383741449797, 0.0 ], [ 55.340160274089598, 25.2409858673612, 0.0 ], [ 55.337331766285999, 25.247458460815402, 0.0 ], [ 55.33670649682, 25.249615971766001, 0.0 ], [ 55.336468347556, 25.252558835760198, 0.0 ], [ 55.337024324378099, 25.256052337753101, 0.0 ], [ 55.356924967741399, 25.245172745450699, 0.0 ], [ 55.364894745133107, 25.243095014810397, 0.0 ], [ 55.369033159727806, 25.241315717440596, 0.0 ] ] ] } },
{ "type": "Feature", "properties": { "id": "kml_28", "description": "<center><table><tr><th colspan='2' align='center'><em>Attributes</em></th></tr><tr bgcolor=\"#E3E3F3\">\n<th>OBJECTID</th>\n<td>17</td>\n</tr><tr bgcolor=\"\">\n<th>CNAME_E</th>\n<td>AL MANARA</td>\n</tr><tr bgcolor=\"#E3E3F3\">\n<th>CNAME_A</th>\n<td>المنارة</td>\n</tr><tr bgcolor=\"\">\n<th>LABEL_E</th>\n<td>AL MANARA</td>\n</tr><tr bgcolor=\"#E3E3F3\">\n<th>LABEL_A</th>\n<td>المنارة</td>\n</tr><tr bgcolor=\"\">\n<th>C_PREFIX_E</th>\n<td>Community:</td>\n</tr><tr bgcolor=\"#E3E3F3\">\n<th>C_PREFIX_A</th>\n<td>:???????</td>\n</tr><tr bgcolor=\"\">\n<th>COMMUNITY_E</th>\n<td>AL MANARA - 363</td>\n</tr><tr bgcolor=\"#E3E3F3\">\n<th>COMMUNITY_A</th>\n<td>المنارة - 363</td>\n</tr><tr bgcolor=\"\">\n<th>DGIS_ID</th>\n<td>0000110</td>\n</tr><tr bgcolor=\"#E3E3F3\">\n<th>COMM_NUM</th>\n<td>363</td>\n</tr><tr bgcolor=\"\">\n<th>NDGIS_ID</th>\n<td>110</td>\n</tr></table></center>", "COMM_NUM": 363, "CNAME_E": "AL MANARA", "population": 9838.0, "area_km2": 2.1945596286240003, "pop_density": 4482.903937, "anomaly_morning_mean": 2.9451, "anomaly_morning_median": 2.8496, "anomaly_morning_std": 0.7807, "anomaly_morning_min": 1.2556, "anomaly_morning_max": 6.2208, "anomaly_morning_count": 2438, "anomaly_morning_extreme_pct": 0.0, "anomaly_afternoon_mean": -2.6049, "anomaly_afternoon_median": -2.9629, "anomaly_afternoon_std": 1.5546, "anomaly_afternoon_min": -6.2395, "anomaly_afternoon_max": 1.2784, "anomaly_afternoon_count": 2438, "anomaly_afternoon_extreme_pct": 0.0, "anomaly_night_mean": 1.2253, "anomaly_night_median": 1.2719, "anomaly_night_std": 0.7013, "anomaly_night_min": -1.551, "anomaly_night_max": 2.983, "anomaly_night_count": 2438, "anomaly_night_extreme_pct": 0.0, "diurnal_range_mean": -3.8302, "diurnal_range_std": 1.8675, "ndvi_mean": 0.0685, "green_fraction": 0.025, "albedo_mean": 0.3775, "building_density_mean": 0.2321, "building_height_mean": 1.6491, "road_density_mean": 0.143, "sand_fraction_mean": 0.1637, "water_fraction_mean": 0.0, "dist_to_coast_mean": 1934.3015 }, "geometry": { "type": "Polygon", "coordinates": [ [ [ 55.223986769568903, 25.149337208632801, 0.0 ], [ 55.2142427034915, 25.1337305286613, 0.0 ], [ 55.204468133676301, 25.140104652311894, 0.0 ], [ 55.215938233035097, 25.154693254332898, 0.0 ], [ 55.223986769568903, 25.149337208632801, 0.0 ] ] ] } },
{ "type": "Feature", "properties": { "id": "kml_29", "description": "<center><table><tr><th colspan='2' align='center'><em>Attributes</em></th></tr><tr bgcolor=\"#E3E3F3\">\n<th>OBJECTID</th>\n<td>18</td>\n</tr><tr bgcolor=\"\">\n<th>CNAME_E</th>\n<td>NADD SHAMMA</td>\n</tr><tr bgcolor=\"#E3E3F3\">\n<th>CNAME_A</th>\n<td>ند شما</td>\n</tr><tr bgcolor=\"\">\n<th>LABEL_E</th>\n<td>NADD SHAMMA</td>\n</tr><tr bgcolor=\"#E3E3F3\">\n<th>LABEL_A</th>\n<td>ند شما</td>\n</tr><tr bgcolor=\"\">\n<th>C_PREFIX_E</th>\n<td>Community:</td>\n</tr><tr bgcolor=\"#E3E3F3\">\n<th>C_PREFIX_A</th>\n<td>:???????</td>\n</tr><tr bgcolor=\"\">\n<th>COMMUNITY_E</th>\n<td>NADD SHAMMA - 213</td>\n</tr><tr bgcolor=\"#E3E3F3\">\n<th>COMMUNITY_A</th>\n<td>ند شما - 213</td>\n</tr><tr bgcolor=\"\">\n<th>DGIS_ID</th>\n<td>0000142</td>\n</tr><tr bgcolor=\"#E3E3F3\">\n<th>COMM_NUM</th>\n<td>213</td>\n</tr><tr bgcolor=\"\">\n<th>NDGIS_ID</th>\n<td>142</td>\n</tr></table></center>", "COMM_NUM": 213, "CNAME_E": "NADD SHAMMA", "population": 3648.0, "area_km2": 1.0929607335, "pop_density": 3337.722837, "anomaly_morning_mean": 4.8745, "anomaly_morning_median": 4.9271, "anomaly_morning_std": 1.0448, "anomaly_morning_min": 1.4441, "anomaly_morning_max": 7.8252, "anomaly_morning_count": 1215, "anomaly_morning_extreme_pct": 0.0, "anomaly_afternoon_mean": -1.5343, "anomaly_afternoon_median": -2.377, "anomaly_afternoon_std": 2.7381, "anomaly_afternoon_min": -5.4718, "anomaly_afternoon_max": 2.9128, "anomaly_afternoon_count": 1215, "anomaly_afternoon_extreme_pct": 0.0724, "anomaly_night_mean": 0.3744, "anomaly_night_median": 0.432, "anomaly_night_std": 0.9772, "anomaly_night_min": -1.9408, "anomaly_night_max": 2.6979, "anomaly_night_count": 1215, "anomaly_night_extreme_pct": 0.0, "diurnal_range_mean": -1.9087, "diurnal_range_std": 3.0899, "ndvi_mean": 0.1008, "green_fraction": 0.1267, "albedo_mean": 0.3724, "building_density_mean": 0.14, "building_height_mean": 0.601, "road_density_mean": 0.1109, "sand_fraction_mean": 0.3193, "water_fraction_mean": 0.0, "dist_to_coast_mean": 10254.8313 }, "geometry": { "type": "Polygon", "coordinates": [ [ [ 55.380945520830899, 25.220793549693898, 0.0 ], [ 55.391145152750298, 25.216727658650701, 0.0 ], [ 55.394647627458703, 25.215787417299104, 0.0 ], [ 55.394567992709497, 25.215290953524296, 0.0 ], [ 55.393256807395808, 25.212601380344299, 0.0 ], [ 55.382560038116203, 25.213228206832895, 0.0 ], [ 55.380674884254098, 25.213824609842792, 0.0 ], [ 55.375982517662301, 25.217473042111695, 0.0 ], [ 55.375834227746601, 25.219088955868493, 0.0 ], [ 55.376351300109299, 25.222067785508994, 0.0 ], [ 55.380945520830899, 25.220793549693898, 0.0 ] ] ] } },
{ "type": "Feature", "properties": { "id": "kml_30", "description": "<center><table><tr><th colspan='2' align='center'><em>Attributes</em></th></tr><tr bgcolor=\"#E3E3F3\">\n<th>OBJECTID</th>\n<td>19</td>\n</tr><tr bgcolor=\"\">\n<th>CNAME_E</th>\n<td>OUD METHA</td>\n</tr><tr bgcolor=\"#E3E3F3\">\n<th>CNAME_A</th>\n<td>عود ميثاء</td>\n</tr><tr bgcolor=\"\">\n<th>LABEL_E</th>\n<td>OUD METHA</td>\n</tr><tr bgcolor=\"#E3E3F3\">\n<th>LABEL_A</th>\n<td>عود ميثاء</td>\n</tr><tr bgcolor=\"\">\n<th>C_PREFIX_E</th>\n<td>Community:</td>\n</tr><tr bgcolor=\"#E3E3F3\">\n<th>C_PREFIX_A</th>\n<td>:???????</td>\n</tr><tr bgcolor=\"\">\n<th>COMMUNITY_E</th>\n<td>OUD METHA - 319</td>\n</tr><tr bgcolor=\"#E3E3F3\">\n<th>COMMUNITY_A</th>\n<td>عود ميثاء - 319</td>\n</tr><tr bgcolor=\"\">\n<th>DGIS_ID</th>\n<td>0000059</td>\n</tr><tr bgcolor=\"#E3E3F3\">\n<th>COMM_NUM</th>\n<td>319</td>\n</tr><tr bgcolor=\"\">\n<th>NDGIS_ID</th>\n<td>59</td>\n</tr></table></center>", "COMM_NUM": 319, "CNAME_E": "OUD METHA", "population": 17294.0, "area_km2": 1.5159583365, "pop_density": 11407.96523, "anomaly_morning_mean": 3.3539, "anomaly_morning_median": 3.5203, "anomaly_morning_std": 1.066, "anomaly_morning_min": -0.3968, "anomaly_morning_max": 5.7865, "anomaly_morning_count": 1684, "anomaly_morning_extreme_pct": 0.0, "anomaly_afternoon_mean": -1.7263, "anomaly_afternoon_median": -1.2514, "anomaly_afternoon_std": 1.9099, "anomaly_afternoon_min": -5.6304, "anomaly_afternoon_max": 1.9942, "anomaly_afternoon_count": 1684, "anomaly_afternoon_extreme_pct": 0.0, "anomaly_night_mean": 1.2468, "anomaly_night_median": 1.2346, "anomaly_night_std": 0.9918, "anomaly_night_min": -1.5298, "anomaly_night_max": 3.3855, "anomaly_night_count": 1684, "anomaly_night_extreme_pct": 0.0018, "diurnal_range_mean": -2.9731, "diurnal_range_std": 1.5715, "ndvi_mean": 0.0797, "green_fraction": 0.1241, "albedo_mean": 0.3497, "building_density_mean": 0.262, "building_height_mean": 4.2779, "road_density_mean": 0.1243, "sand_fraction_mean": 0.0754, "water_fraction_mean": 0.0, "dist_to_coast_mean": 3999.6603 }, "geometry": { "type": "Polygon", "coordinates": [ [ [ 55.317372573840409, 25.234386286848398, 0.0 ], [ 55.3164106496438, 25.228744181259604, 0.0 ], [ 55.3049863603066, 25.234682327139897, 0.0 ], [ 55.305263585648397, 25.237598162968304, 0.0 ], [ 55.314214397318899, 25.247755174418998, 0.0 ], [ 55.315515018240703, 25.245489515054697, 0.0 ], [ 55.3165776669967, 25.241120482680195, 0.0 ], [ 55.317372573840409, 25.234386286848398, 0.0 ] ] ] } },
{ "type": "Feature", "properties": { "id": "kml_31", "description": "<center><table><tr><th colspan='2' align='center'><em>Attributes</em></th></tr><tr bgcolor=\"#E3E3F3\">\n<th>OBJECTID</th>\n<td>20</td>\n</tr><tr bgcolor=\"\">\n<th>CNAME_E</th>\n<td>AL MAMZAR</td>\n</tr><tr bgcolor=\"#E3E3F3\">\n<th>CNAME_A</th>\n<td>الممزر</td>\n</tr><tr bgcolor=\"\">\n<th>LABEL_E</th>\n<td>AL MAMZAR</td>\n</tr><tr bgcolor=\"#E3E3F3\">\n<th>LABEL_A</th>\n<td>الممزر</td>\n</tr><tr bgcolor=\"\">\n<th>C_PREFIX_E</th>\n<td>Community:</td>\n</tr><tr bgcolor=\"#E3E3F3\">\n<th>C_PREFIX_A</th>\n<td>:???????</td>\n</tr><tr bgcolor=\"\">\n<th>COMMUNITY_E</th>\n<td>AL MAMZAR - 134</td>\n</tr><tr bgcolor=\"#E3E3F3\">\n<th>COMMUNITY_A</th>\n<td>الممزر - 134</td>\n</tr><tr bgcolor=\"\">\n<th>DGIS_ID</th>\n<td>0000001</td>\n</tr><tr bgcolor=\"#E3E3F3\">\n<th>COMM_NUM</th>\n<td>134</td>\n</tr><tr bgcolor=\"\">\n<th>NDGIS_ID</th>\n<td>1</td>\n</tr></table></center>", "COMM_NUM": 134, "CNAME_E": "AL MAMZAR", "population": 23173.0, "area_km2": 5.7997837559220002, "pop_density": 3995.493793, "anomaly_morning_mean": 2.4142, "anomaly_morning_median": 3.2104, "anomaly_morning_std": 2.8701, "anomaly_morning_min": -10.0068, "anomaly_morning_max": 7.0056, "anomaly_morning_count": 6429, "anomaly_morning_extreme_pct": 0.0, "anomaly_afternoon_mean": -2.5417, "anomaly_afternoon_median": -1.8695, "anomaly_afternoon_std": 2.2441, "anomaly_afternoon_min": -12.4968, "anomaly_afternoon_max": 1.1849, "anomaly_afternoon_count": 6429, "anomaly_afternoon_extreme_pct": 0.0, "anomaly_night_mean": 0.6966, "anomaly_night_median": 0.7647, "anomaly_night_std": 0.9102, "anomaly_night_min": -1.9944, "anomaly_night_max": 3.0496, "anomaly_night_count": 6429, "anomaly_night_extreme_pct": 0.0, "diurnal_range_mean": -3.2383, "diurnal_range_std": 2.2107, "ndvi_mean": 0.0698, "green_fraction": 0.0927, "albedo_mean": 0.3921, "building_density_mean": 0.0968, "building_height_mean": 0.6673, "road_density_mean": 0.0959, "sand_fraction_mean": 0.1664, "water_fraction_mean": 0.0076, "dist_to_coast_mean": 960.936 }, "geometry": { "type": "Polygon", "coordinates": [ [ [ 55.348144096398002, 25.313350616048101, 0.0 ], [ 55.348279664650804, 25.313337594318401, 0.0 ], [ 55.348212083690399, 25.3127562436255, 0.0 ], [ 55.348073019103403, 25.312769599646195, 0.0 ], [ 55.3478342195381, 25.312283357215204, 0.0 ], [ 55.3475925206792, 25.309442046658706, 0.0 ], [ 55.347559044298798, 25.308427385445704, 0.0 ], [ 55.347736008861297, 25.307397014571499, 0.0 ], [ 55.348183889191702, 25.306209102327198, 0.0 ], [ 55.349758766237798, 25.303608180355493, 0.0 ], [ 55.350124045482701, 25.302515795685899, 0.0 ], [ 55.350448611922303, 25.300630121042701, 0.0 ], [ 55.351159795215899, 25.299363415350001, 0.0 ], [ 55.351959414543799, 25.298710999138695, 0.0 ], [ 55.352850069047399, 25.2983424512678, 0.0 ], [ 55.354073714246297, 25.298234157475001, 0.0 ], [ 55.355440098981802, 25.298499527720299, 0.0 ], [ 55.357036983375302, 25.299672786599796, 0.0 ], [ 55.357664651662297, 25.300798049481699, 0.0 ], [ 55.357760314279901, 25.301863557871595, 0.0 ], [ 55.357535815509898, 25.302739206590903, 0.0 ], [ 55.357269424720101, 25.303047237015893, 0.0 ], [ 55.356164730819806, 25.303955413021693, 0.0 ], [ 55.353881098514599, 25.305456135519297, 0.0 ], [ 55.352755439824797, 25.3064654193014, 0.0 ], [ 55.351595342566398, 25.307806164884102, 0.0 ], [ 55.350653695793902, 25.309472970660604, 0.0 ], [ 55.349724675513201, 25.309369156864602, 0.0 ], [ 55.349741934715702, 25.309732658301201, 0.0 ], [ 55.350574727534401, 25.309699677535001, 0.0 ], [ 55.3502453183348, 25.310626121984999, 0.0 ], [ 55.349881015845099, 25.310599063965594, 0.0 ], [ 55.349624700668699, 25.312409910703202, 0.0 ], [ 55.362347351729611, 25.299406900733594, 0.0 ], [ 55.3610059215519, 25.295579652043202, 0.0 ], [ 55.359743358332501, 25.288737324097795, 0.0 ], [ 55.3587595417399, 25.284783614046692, 0.0 ], [ 55.356971844222997, 25.282220205245192, 0.0 ], [ 55.355720613010909, 25.281037845533096, 0.0 ], [ 55.355442696001802, 25.281498280436701, 0.0 ], [ 55.351015119284, 25.2855701058748, 0.0 ], [ 55.335814145400199, 25.298335497999702, 0.0 ], [ 55.338693968805103, 25.301160908293799, 0.0 ], [ 55.338743723339498, 25.303489901212796, 0.0 ], [ 55.340412183370901, 25.306071583549802, 0.0 ], [ 55.341464866014306, 25.306613155642296, 0.0 ], [ 55.341405323251202, 25.307236029208408, 0.0 ], [ 55.340521535307303, 25.308021433064997, 0.0 ], [ 55.338104233987409, 25.309315683751901, 0.0 ], [ 55.339209869328897, 25.310949449961196, 0.0 ], [ 55.3391981626229, 25.311815510428904, 0.0 ], [ 55.338812582842998, 25.312808406871699, 0.0 ], [ 55.339068901938603, 25.312922237861393, 0.0 ], [ 55.339266753276398, 25.312764625918696, 0.0 ], [ 55.339723425449201, 25.313088237336402, 0.0 ], [ 55.3426990206762, 25.317470886642397, 0.0 ], [ 55.342891454017, 25.317970650238099, 0.0 ], [ 55.342725011047499, 25.318108143549203, 0.0 ], [ 55.3427670574508, 25.318312559359804, 0.0 ], [ 55.343040340658398, 25.318370333057803, 0.0 ], [ 55.344117910109297, 25.317893799217597, 0.0 ], [ 55.344305384364397, 25.318175755630097, 0.0 ], [ 55.344302210176402, 25.318991191086095, 0.0 ], [ 55.344153516372998, 25.319140320589096, 0.0 ], [ 55.343786929760498, 25.319049101209604, 0.0 ], [ 55.343595098468498, 25.319275450934398, 0.0 ], [ 55.344136523281897, 25.321267663780496, 0.0 ], [ 55.3444179880875, 25.321438778415896, 0.0 ], [ 55.344713921968797, 25.321264524037492, 0.0 ], [ 55.344464769216799, 25.320482598597295, 0.0 ], [ 55.345246504355401, 25.320614585744195, 0.0 ], [ 55.346137111400402, 25.321195629893104, 0.0 ], [ 55.346702403808109, 25.322287541339101, 0.0 ], [ 55.346685430234203, 25.322650973383599, 0.0 ], [ 55.346407939261802, 25.323007811895202, 0.0 ], [ 55.346418839869202, 25.322778911106298, 0.0 ], [ 55.346235271251402, 25.322632462814695, 0.0 ], [ 55.345991763844097, 25.322678819964196, 0.0 ], [ 55.345882971128503, 25.322892960779896, 0.0 ], [ 55.346368037911603, 25.3249141371357, 0.0 ], [ 55.346650098194409, 25.324975360680899, 0.0 ], [ 55.3468446913093, 25.324814985855994, 0.0 ], [ 55.346680796831102, 25.324235155072596, 0.0 ], [ 55.347663982588401, 25.324373511142703, 0.0 ], [ 55.348395710068502, 25.324762234681796, 0.0 ], [ 55.348791803724303, 25.325227314141703, 0.0 ], [ 55.348885573971899, 25.325775049607092, 0.0 ], [ 55.3486526882349, 25.326211668830894, 0.0 ], [ 55.348313484149699, 25.325992156037596, 0.0 ], [ 55.348116821130397, 25.326119195969898, 0.0 ], [ 55.348104385390599, 25.326360247385601, 0.0 ], [ 55.350072115313402, 25.327775356921499, 0.0 ], [ 55.350414088551602, 25.3276395413694, 0.0 ], [ 55.350155566302099, 25.327336811859801, 0.0 ], [ 55.350296776688801, 25.3271373874611, 0.0 ], [ 55.350931771104499, 25.326860741293498, 0.0 ], [ 55.351670105826301, 25.327095743541889, 0.0 ], [ 55.352261216415201, 25.327652702856302, 0.0 ], [ 55.3514886763937, 25.327593085922999, 0.0 ], [ 55.3513478863266, 25.327737112209796, 0.0 ], [ 55.351498640770103, 25.327940591165301, 0.0 ], [ 55.3539327169008, 25.327822557898095, 0.0 ], [ 55.3546485526577, 25.327185487264796, 0.0 ], [ 55.354739383621101, 25.326392652651897, 0.0 ], [ 55.353927747267498, 25.325219076098904, 0.0 ], [ 55.353761599080997, 25.323428206980896, 0.0 ], [ 55.353293725337203, 25.322791726147404, 0.0 ], [ 55.352202305991597, 25.321940182355004, 0.0 ], [ 55.352172454205402, 25.321642292294104, 0.0 ], [ 55.352847694596697, 25.320901983233998, 0.0 ], [ 55.352817835171003, 25.320378416042793, 0.0 ], [ 55.3523644081505, 25.319927716609698, 0.0 ], [ 55.350970379082909, 25.319394695913999, 0.0 ], [ 55.350294907032897, 25.318636499569394, 0.0 ], [ 55.349847741560097, 25.316858213166398, 0.0 ], [ 55.3494007415959, 25.316235393096296, 0.0 ], [ 55.348755135253199, 25.315747998949998, 0.0 ], [ 55.348854342425803, 25.314908468677601, 0.0 ], [ 55.348350854075299, 25.3141125566125, 0.0 ], [ 55.348144096398002, 25.313350616048101, 0.0 ] ] ] } },
{ "type": "Feature", "properties": { "id": "kml_33", "description": "<center><table><tr><th colspan='2' align='center'><em>Attributes</em></th></tr><tr bgcolor=\"#E3E3F3\">\n<th>OBJECTID</th>\n<td>22</td>\n</tr><tr bgcolor=\"\">\n<th>CNAME_E</th>\n<td>JABAL ALI FIRST</td>\n</tr><tr bgcolor=\"#E3E3F3\">\n<th>CNAME_A</th>\n<td>جبل علي الأولى</td>\n</tr><tr bgcolor=\"\">\n<th>LABEL_E</th>\n<td>JABAL ALI FIRST</td>\n</tr><tr bgcolor=\"#E3E3F3\">\n<th>LABEL_A</th>\n<td>جبل علي الأولى</td>\n</tr><tr bgcolor=\"\">\n<th>C_PREFIX_E</th>\n<td>Community:</td>\n</tr><tr bgcolor=\"#E3E3F3\">\n<th>C_PREFIX_A</th>\n<td>:???????</td>\n</tr><tr bgcolor=\"\">\n<th>COMMUNITY_E</th>\n<td>JABAL ALI FIRST - 591</td>\n</tr><tr bgcolor=\"#E3E3F3\">\n<th>COMMUNITY_A</th>\n<td>جبل علي الأولى - 591</td>\n</tr><tr bgcolor=\"\">\n<th>DGIS_ID</th>\n<td>0000175</td>\n</tr><tr bgcolor=\"#E3E3F3\">\n<th>COMM_NUM</th>\n<td>591</td>\n</tr><tr bgcolor=\"\">\n<th>NDGIS_ID</th>\n<td>175</td>\n</tr></table></center>", "COMM_NUM": 591, "CNAME_E": "JABAL ALI FIRST", "population": 96005.0, "area_km2": 21.323936167128, "pop_density": 4502.217567, "anomaly_morning_mean": 4.9113, "anomaly_morning_median": 5.016, "anomaly_morning_std": 1.7997, "anomaly_morning_min": -1.0614, "anomaly_morning_max": 8.8284, "anomaly_morning_count": 23696, "anomaly_morning_extreme_pct": 0.0111, "anomaly_afternoon_mean": -1.6096, "anomaly_afternoon_median": -1.1595, "anomaly_afternoon_std": 1.8071, "anomaly_afternoon_min": -6.7418, "anomaly_afternoon_max": 2.7415, "anomaly_afternoon_count": 23696, "anomaly_afternoon_extreme_pct": 0.0008, "anomaly_night_mean": 0.356, "anomaly_night_median": 0.5304, "anomaly_night_std": 1.196, "anomaly_night_min": -2.2437, "anomaly_night_max": 3.5795, "anomaly_night_count": 23696, "anomaly_night_extreme_pct": 0.0004, "diurnal_range_mean": -1.9657, "diurnal_range_std": 2.3648, "ndvi_mean": 0.062, "green_fraction": 0.0547, "albedo_mean": 0.4075, "building_density_mean": 0.0908, "building_height_mean": 0.9122, "road_density_mean": 0.091, "sand_fraction_mean": 0.3409, "water_fraction_mean": 0.0, "dist_to_coast_mean": 3447.5186 }, "geometry": { "type": "Polygon", "coordinates": [ [ [ 55.132701828184302, 25.064737003117894, 0.0 ], [ 55.138231461633602, 25.058939772247001, 0.0 ], [ 55.139353770889997, 25.057406588535301, 0.0 ], [ 55.141797912182199, 25.053437704542393, 0.0 ], [ 55.143197996492702, 25.051652090375601, 0.0 ], [ 55.145074043110199, 25.049650400018994, 0.0 ], [ 55.147038816323402, 25.047919618174191, 0.0 ], [ 55.170341227170908, 25.029359576630497, 0.0 ], [ 55.167253270993697, 25.026828480426698, 0.0 ], [ 55.163502961198006, 25.023321602583003, 0.0 ], [ 55.161000003274502, 25.020673686138505, 0.0 ], [ 55.158151460930803, 25.017276043512901, 0.0 ], [ 55.155485377382803, 25.017995072935399, 0.0 ], [ 55.152552359882002, 25.018307495753191, 0.0 ], [ 55.150709654839098, 25.018269134143399, 0.0 ], [ 55.139397479536797, 25.0170090249179, 0.0 ], [ 55.130798557433103, 25.016681600983002, 0.0 ], [ 55.124110940098802, 25.016834834900799, 0.0 ], [ 55.111596693463099, 25.017656249210201, 0.0 ], [ 55.098072648055997, 25.017996562241702, 0.0 ], [ 55.100478244763799, 25.025432223672503, 0.0 ], [ 55.102600301933599, 25.0295394423967, 0.0 ], [ 55.106794597229907, 25.035062842206901, 0.0 ], [ 55.110845491177599, 25.039374937106999, 0.0 ], [ 55.117950666257798, 25.047965637881397, 0.0 ], [ 55.122088100898999, 25.052476313333301, 0.0 ], [ 55.132701828184302, 25.064737003117894, 0.0 ] ] ] } },
{ "type": "Feature", "properties": { "id": "kml_36", "description": "<center><table><tr><th colspan='2' align='center'><em>Attributes</em></th></tr><tr bgcolor=\"#E3E3F3\">\n<th>OBJECTID</th>\n<td>25</td>\n</tr><tr bgcolor=\"\">\n<th>CNAME_E</th>\n<td>MARSA DUBAI</td>\n</tr><tr bgcolor=\"#E3E3F3\">\n<th>CNAME_A</th>\n<td>مرسى دبي</td>\n</tr><tr bgcolor=\"\">\n<th>LABEL_E</th>\n<td>MARSA DUBAI</td>\n</tr><tr bgcolor=\"#E3E3F3\">\n<th>LABEL_A</th>\n<td>مرسى دبي</td>\n</tr><tr bgcolor=\"\">\n<th>C_PREFIX_E</th>\n<td>Community:</td>\n</tr><tr bgcolor=\"#E3E3F3\">\n<th>C_PREFIX_A</th>\n<td>:???????</td>\n</tr><tr bgcolor=\"\">\n<th>COMMUNITY_E</th>\n<td>MARSA DUBAI - 392</td>\n</tr><tr bgcolor=\"#E3E3F3\">\n<th>COMMUNITY_A</th>\n<td>مرسى دبي - 392</td>\n</tr><tr bgcolor=\"\">\n<th>DGIS_ID</th>\n<td>0000129</td>\n</tr><tr bgcolor=\"#E3E3F3\">\n<th>COMM_NUM</th>\n<td>392</td>\n</tr><tr bgcolor=\"\">\n<th>NDGIS_ID</th>\n<td>129</td>\n</tr></table></center>", "COMM_NUM": 392, "CNAME_E": "MARSA DUBAI", "population": 78843.0, "area_km2": 8.8951645867569997, "pop_density": 8863.579671, "anomaly_morning_mean": -5.3093, "anomaly_morning_median": -4.4653, "anomaly_morning_std": 4.5794, "anomaly_morning_min": -13.1093, "anomaly_morning_max": 3.8919, "anomaly_morning_count": 9885, "anomaly_morning_extreme_pct": 0.0, "anomaly_afternoon_mean": -5.885, "anomaly_afternoon_median": -3.6677, "anomaly_afternoon_std": 5.1088, "anomaly_afternoon_min": -13.9498, "anomaly_afternoon_max": 1.1606, "anomaly_afternoon_count": 9885, "anomaly_afternoon_extreme_pct": 0.0, "anomaly_night_mean": 1.8927, "anomaly_night_median": 1.9502, "anomaly_night_std": 0.8833, "anomaly_night_min": -1.2471, "anomaly_night_max": 4.2889, "anomaly_night_count": 9885, "anomaly_night_extreme_pct": 0.0603, "diurnal_range_mean": -7.7777, "diurnal_range_std": 5.2667, "ndvi_mean": 0.0233, "green_fraction": 0.0282, "albedo_mean": 0.2626, "building_density_mean": 0.1014, "building_height_mean": 2.7954, "road_density_mean": 0.0594, "sand_fraction_mean": 0.0141, "water_fraction_mean": 0.4075, "dist_to_coast_mean": 229.2729 }, "geometry": { "type": "Polygon", "coordinates": [ [ [ 55.117679972169903, 25.080606304214601, 0.0 ], [ 55.1170867231356, 25.081173722233, 0.0 ], [ 55.1200171423801, 25.084601047594301, 0.0 ], [ 55.124251418790401, 25.091293434057999, 0.0 ], [ 55.124241814673098, 25.096936254655397, 0.0 ], [ 55.1272679469796, 25.0968504234799, 0.0 ], [ 55.130307316930597, 25.097162888433704, 0.0 ], [ 55.133381689971003, 25.0978217980972, 0.0 ], [ 55.137658790580502, 25.099218513264901, 0.0 ], [ 55.142828108855298, 25.104548303046499, 0.0 ], [ 55.149724975808297, 25.098781679228697, 0.0 ], [ 55.144880036255699, 25.093658976010698, 0.0 ], [ 55.145903893830898, 25.092808127544597, 0.0 ], [ 55.146898075215098, 25.093563541866601, 0.0 ], [ 55.148036378230501, 25.094820588987098, 0.0 ], [ 55.149967634254303, 25.093322582187302, 0.0 ], [ 55.148786278346002, 25.091975340036104, 0.0 ], [ 55.155148017452198, 25.086900722597598, 0.0 ], [ 55.143753409528699, 25.077119011521798, 0.0 ], [ 55.132701829421407, 25.064737004247991, 0.0 ], [ 55.124325779380399, 25.071441606352799, 0.0 ], [ 55.124122848431909, 25.071448164374097, 0.0 ], [ 55.124349686840702, 25.071271799363299, 0.0 ], [ 55.123946546829501, 25.070861914123999, 0.0 ], [ 55.123498005075596, 25.071091811242702, 0.0 ], [ 55.120937236105, 25.072712641735496, 0.0 ], [ 55.119512692636903, 25.073955206521902, 0.0 ], [ 55.118766632847503, 25.075132614249192, 0.0 ], [ 55.118528386582497, 25.076220299701898, 0.0 ], [ 55.118776763183298, 25.077248295866799, 0.0 ], [ 55.119230210694802, 25.077949430850605, 0.0 ], [ 55.117666323854003, 25.078885766706797, 0.0 ], [ 55.117435538956798, 25.079682181542797, 0.0 ], [ 55.117679972169903, 25.080606304214601, 0.0 ] ] ] } },
{ "type": "Feature", "properties": { "id": "kml_39", "description": "<center><table><tr><th colspan='2' align='center'><em>Attributes</em></th></tr><tr bgcolor=\"#E3E3F3\">\n<th>OBJECTID</th>\n<td>28</td>\n</tr><tr bgcolor=\"\">\n<th>CNAME_E</th>\n<td>WADI AL SAFA 4</td>\n</tr><tr bgcolor=\"#E3E3F3\">\n<th>CNAME_A</th>\n<td>وادي الصفا 4</td>\n</tr><tr bgcolor=\"\">\n<th>LABEL_E</th>\n<td>WADI AL SAFA 4</td>\n</tr><tr bgcolor=\"#E3E3F3\">\n<th>LABEL_A</th>\n<td>وادي الصفا 4</td>\n</tr><tr bgcolor=\"\">\n<th>C_PREFIX_E</th>\n<td>Community:</td>\n</tr><tr bgcolor=\"#E3E3F3\">\n<th>C_PREFIX_A</th>\n<td>:???????</td>\n</tr><tr bgcolor=\"\">\n<th>COMMUNITY_E</th>\n<td>WADI AL SAFA 4 - 646</td>\n</tr><tr bgcolor=\"#E3E3F3\">\n<th>COMMUNITY_A</th>\n<td>وادي الصفا 4 - 646</td>\n</tr><tr bgcolor=\"\">\n<th>DGIS_ID</th>\n<td>0000238</td>\n</tr><tr bgcolor=\"#E3E3F3\">\n<th>COMM_NUM</th>\n<td>646</td>\n</tr><tr bgcolor=\"\">\n<th>NDGIS_ID</th>\n<td>238</td>\n</tr></table></center>", "COMM_NUM": 646, "CNAME_E": "WADI AL SAFA 4", "population": 193.0, "area_km2": 6.8544888800649995, "pop_density": 28.15673107, "anomaly_morning_mean": 7.1009, "anomaly_morning_median": 7.3534, "anomaly_morning_std": 1.2665, "anomaly_morning_min": -1.2357, "anomaly_morning_max": 9.1284, "anomaly_morning_count": 7611, "anomaly_morning_extreme_pct": 0.2513, "anomaly_afternoon_mean": 1.8693, "anomaly_afternoon_median": 2.4694, "anomaly_afternoon_std": 1.7842, "anomaly_afternoon_min": -15.0771, "anomaly_afternoon_max": 4.5999, "anomaly_afternoon_count": 7611, "anomaly_afternoon_extreme_pct": 0.5608, "anomaly_night_mean": -0.0506, "anomaly_night_median": -0.4158, "anomaly_night_std": 1.4495, "anomaly_night_min": -2.3064, "anomaly_night_max": 4.7379, "anomaly_night_count": 7611, "anomaly_night_extreme_pct": 0.0117, "diurnal_range_mean": 1.92, "diurnal_range_std": 2.4408, "ndvi_mean": 0.0382, "green_fraction": 0.0118, "albedo_mean": 0.4282, "building_density_mean": 0.066, "building_height_mean": 0.5274, "road_density_mean": 0.0656, "sand_fraction_mean": 0.6912, "water_fraction_mean": 0.0018, "dist_to_coast_mean": 14748.4367 }, "geometry": { "type": "Polygon", "coordinates": [ [ [ 55.335100738269801, 25.082775659224492, 0.0 ], [ 55.337384777831801, 25.079547901360698, 0.0 ], [ 55.301165435154509, 25.058273472044299, 0.0 ], [ 55.297345090954799, 25.062719666766693, 0.0 ], [ 55.2957484688325, 25.065878861416095, 0.0 ], [ 55.330900319117397, 25.097896937074299, 0.0 ], [ 55.333109243423905, 25.091939780944895, 0.0 ], [ 55.333856097979798, 25.089217766399699, 0.0 ], [ 55.333780612407203, 25.087135594096793, 0.0 ], [ 55.333208829934499, 25.084363513328096, 0.0 ], [ 55.335100738269801, 25.082775659224492, 0.0 ] ] ] } },
{ "type": "Feature", "properties": { "id": "kml_42", "description": "<center><table><tr><th colspan='2' align='center'><em>Attributes</em></th></tr><tr bgcolor=\"#E3E3F3\">\n<th>OBJECTID</th>\n<td>64</td>\n</tr><tr bgcolor=\"\">\n<th>CNAME_E</th>\n<td>SAIH SHUAIB 3</td>\n</tr><tr bgcolor=\"#E3E3F3\">\n<th>CNAME_A</th>\n<td>سيح شعيب 3</td>\n</tr><tr bgcolor=\"\">\n<th>LABEL_E</th>\n<td>SAIH SHUAIB 3</td>\n</tr><tr bgcolor=\"#E3E3F3\">\n<th>LABEL_A</th>\n<td>سيح شعيب 3</td>\n</tr><tr bgcolor=\"\">\n<th>C_PREFIX_E</th>\n<td>Community:</td>\n</tr><tr bgcolor=\"#E3E3F3\">\n<th>C_PREFIX_A</th>\n<td>:???????</td>\n</tr><tr bgcolor=\"\">\n<th>COMMUNITY_E</th>\n<td>SAIH SHUAIB 3 - 532</td>\n</tr><tr bgcolor=\"#E3E3F3\">\n<th>COMMUNITY_A</th>\n<td>سيح شعيب 3 - 532</td>\n</tr><tr bgcolor=\"\">\n<th>DGIS_ID</th>\n<td>0000170</td>\n</tr><tr bgcolor=\"#E3E3F3\">\n<th>COMM_NUM</th>\n<td>532</td>\n</tr><tr bgcolor=\"\">\n<th>NDGIS_ID</th>\n<td>170</td>\n</tr></table></center>", "COMM_NUM": 532, "CNAME_E": "SAIH SHUAIB 3", "population": 5900.0, "area_km2": 16.129436772550999, "pop_density": 365.790826, "anomaly_morning_mean": 7.9161, "anomaly_morning_median": 8.1336, "anomaly_morning_std": 1.3385, "anomaly_morning_min": -0.6136, "anomaly_morning_max": 12.5801, "anomaly_morning_count": 17926, "anomaly_morning_extreme_pct": 0.5153, "anomaly_afternoon_mean": 1.8935, "anomaly_afternoon_median": 2.2852, "anomaly_afternoon_std": 1.5404, "anomaly_afternoon_min": -15.2602, "anomaly_afternoon_max": 4.141, "anomaly_afternoon_count": 17926, "anomaly_afternoon_extreme_pct": 0.4799, "anomaly_night_mean": -0.8295, "anomaly_night_median": -1.6157, "anomaly_night_std": 1.7029, "anomaly_night_min": -2.9132, "anomaly_night_max": 4.6497, "anomaly_night_count": 17926, "anomaly_night_extreme_pct": 0.0079, "diurnal_range_mean": 2.7229, "diurnal_range_std": 2.4745, "ndvi_mean": 0.0368, "green_fraction": 0.0054, "albedo_mean": 0.4545, "building_density_mean": 0.0853, "building_height_mean": 0.6573, "road_density_mean": 0.0182, "sand_fraction_mean": 0.701, "water_fraction_mean": 0.0003, "dist_to_coast_mean": 14263.3815 }, "geometry": { "type": "Polygon", "coordinates": [ [ [ 55.050386754908899, 24.836145105683105, 0.0 ], [ 55.0442701295284, 24.839572837513401, 0.0 ], [ 55.093622398969003, 24.871437741498898, 0.0 ], [ 55.109420446308, 24.851057003552505, 0.0 ], [ 55.0629386680774, 24.821049300944697, 0.0 ], [ 55.050386754908899, 24.836145105683105, 0.0 ] ] ] } },
{ "type": "Feature", "properties": { "id": "kml_43", "description": "<center><table><tr><th colspan='2' align='center'><em>Attributes</em></th></tr><tr bgcolor=\"#E3E3F3\">\n<th>OBJECTID</th>\n<td>65</td>\n</tr><tr bgcolor=\"\">\n<th>CNAME_E</th>\n<td>SAIH SHUAIB 2</td>\n</tr><tr bgcolor=\"#E3E3F3\">\n<th>CNAME_A</th>\n<td>سيح شعيب 2</td>\n</tr><tr bgcolor=\"\">\n<th>LABEL_E</th>\n<td>SAIH SHUAIB 2</td>\n</tr><tr bgcolor=\"#E3E3F3\">\n<th>LABEL_A</th>\n<td>سيح شعيب 2</td>\n</tr><tr bgcolor=\"\">\n<th>C_PREFIX_E</th>\n<td>Community:</td>\n</tr><tr bgcolor=\"#E3E3F3\">\n<th>C_PREFIX_A</th>\n<td>:???????</td>\n</tr><tr bgcolor=\"\">\n<th>COMMUNITY_E</th>\n<td>SAIH SHUAIB 2 - 531</td>\n</tr><tr bgcolor=\"#E3E3F3\">\n<th>COMMUNITY_A</th>\n<td>سيح شعيب 2 - 531</td>\n</tr><tr bgcolor=\"\">\n<th>DGIS_ID</th>\n<td>0000171</td>\n</tr><tr bgcolor=\"#E3E3F3\">\n<th>COMM_NUM</th>\n<td>531</td>\n</tr><tr bgcolor=\"\">\n<th>NDGIS_ID</th>\n<td>171</td>\n</tr></table></center>", "COMM_NUM": 531, "CNAME_E": "SAIH SHUAIB 2", "population": 20060.0, "area_km2": 26.106248205435001, "pop_density": 768.3984249, "anomaly_morning_mean": 7.8972, "anomaly_morning_median": 8.0981, "anomaly_morning_std": 1.4885, "anomaly_morning_min": -7.6938, "anomaly_morning_max": 13.3913, "anomaly_morning_count": 29011, "anomaly_morning_extreme_pct": 0.4985, "anomaly_afternoon_mean": 1.4032, "anomaly_afternoon_median": 1.8417, "anomaly_afternoon_std": 1.57, "anomaly_afternoon_min": -15.433, "anomaly_afternoon_max": 4.3371, "anomaly_afternoon_count": 29011, "anomaly_afternoon_extreme_pct": 0.2223, "anomaly_night_mean": -1.4459, "anomaly_night_median": -2.012, "anomaly_night_std": 1.3004, "anomaly_night_min": -3.0064, "anomaly_night_max": 5.2063, "anomaly_night_count": 29011, "anomaly_night_extreme_pct": 0.0028, "diurnal_range_mean": 2.8491, "diurnal_range_std": 2.1848, "ndvi_mean": 0.0367, "green_fraction": 0.002, "albedo_mean": 0.4815, "building_density_mean": 0.064, "building_height_mean": 0.3695, "road_density_mean": 0.0275, "sand_fraction_mean": 0.836, "water_fraction_mean": 0.0033, "dist_to_coast_mean": 11676.5574 }, "geometry": { "type": "Polygon", "coordinates": [ [ [ 55.009489557099201, 24.859055311751501, 0.0 ], [ 55.0721607777608, 24.899111366728903, 0.0 ], [ 55.093622398969003, 24.871437741498898, 0.0 ], [ 55.0442701295284, 24.839572837513401, 0.0 ], [ 55.009489557099201, 24.859055311751501, 0.0 ] ] ] } },
{ "type": "Feature", "properties": { "id": "kml_44", "description": "<center><table><tr><th colspan='2' align='center'><em>Attributes</em></th></tr><tr bgcolor=\"#E3E3F3\">\n<th>OBJECTID</th>\n<td>66</td>\n</tr><tr bgcolor=\"\">\n<th>CNAME_E</th>\n<td>TRADE CENTER SECOND</td>\n</tr><tr bgcolor=\"#E3E3F3\">\n<th>CNAME_A</th>\n<td>المركز التجاري الثانية</td>\n</tr><tr bgcolor=\"\">\n<th>LABEL_E</th>\n<td>TRADE CENTER SECOND</td>\n</tr><tr bgcolor=\"#E3E3F3\">\n<th>LABEL_A</th>\n<td>المركز التجاري الثانية</td>\n</tr><tr bgcolor=\"\">\n<th>C_PREFIX_E</th>\n<td>Community:</td>\n</tr><tr bgcolor=\"#E3E3F3\">\n<th>C_PREFIX_A</th>\n<td>:???????</td>\n</tr><tr bgcolor=\"\">\n<th>COMMUNITY_E</th>\n<td>TRADE CENTER SECOND - 336</td>\n</tr><tr bgcolor=\"#E3E3F3\">\n<th>COMMUNITY_A</th>\n<td>المركز التجاري الثانية - 336</td>\n</tr><tr bgcolor=\"\">\n<th>DGIS_ID</th>\n<td>0000074</td>\n</tr><tr bgcolor=\"#E3E3F3\">\n<th>COMM_NUM</th>\n<td>336</td>\n</tr><tr bgcolor=\"\">\n<th>NDGIS_ID</th>\n<td>74</td>\n</tr></table></center>", "COMM_NUM": 336, "CNAME_E": "TRADE CENTER SECOND", "population": 15176.0, "area_km2": 1.3799189007719999, "pop_density": 10997.74776, "anomaly_morning_mean": 1.4661, "anomaly_morning_median": 1.4359, "anomaly_morning_std": 1.5578, "anomaly_morning_min": -2.8501, "anomaly_morning_max": 7.1439, "anomaly_morning_count": 1533, "anomaly_morning_extreme_pct": 0.0, "anomaly_afternoon_mean": -2.205, "anomaly_afternoon_median": -1.6905, "anomaly_afternoon_std": 2.306, "anomaly_afternoon_min": -12.3737, "anomaly_afternoon_max": 1.6201, "anomaly_afternoon_count": 1533, "anomaly_afternoon_extreme_pct": 0.0, "anomaly_night_mean": 1.3165, "anomaly_night_median": 1.3947, "anomaly_night_std": 0.86, "anomaly_night_min": -1.6074, "anomaly_night_max": 3.0188, "anomaly_night_count": 1533, "anomaly_night_extreme_pct": 0.0, "diurnal_range_mean": -3.5215, "diurnal_range_std": 2.4373, "ndvi_mean": 0.0485, "green_fraction": 0.0274, "albedo_mean": 0.3357, "building_density_mean": 0.281, "building_height_mean": 5.9736, "road_density_mean": 0.1407, "sand_fraction_mean": 0.105, "water_fraction_mean": 0.0241, "dist_to_coast_mean": 2800.09 }, "geometry": { "type": "Polygon", "coordinates": [ [ [ 55.292365055889299, 25.225534814906098, 0.0 ], [ 55.291392778269298, 25.224713075638597, 0.0 ], [ 55.2845678969368, 25.214759935435495, 0.0 ], [ 55.284242811105699, 25.214813792548199, 0.0 ], [ 55.281041068653806, 25.216625666421198, 0.0 ], [ 55.274742683211898, 25.207060175494991, 0.0 ], [ 55.273691298416999, 25.205285724764899, 0.0 ], [ 55.276057635986106, 25.204127293321896, 0.0 ], [ 55.278622955939802, 25.203708579696102, 0.0 ], [ 55.278451811571202, 25.202700472601396, 0.0 ], [ 55.27779761659631, 25.201219762446698, 0.0 ], [ 55.270850276440299, 25.204900091107604, 0.0 ], [ 55.287123930062698, 25.228746952886205, 0.0 ], [ 55.2896244656162, 25.229858059089405, 0.0 ], [ 55.289823654412302, 25.227890188367294, 0.0 ], [ 55.292365055889299, 25.225534814906098, 0.0 ] ] ] } },
{ "type": "Feature", "properties": { "id": "kml_45", "description": "<center><table><tr><th colspan='2' align='center'><em>Attributes</em></th></tr><tr bgcolor=\"#E3E3F3\">\n<th>OBJECTID</th>\n<td>67</td>\n</tr><tr bgcolor=\"\">\n<th>CNAME_E</th>\n<td>AL RIGGA</td>\n</tr><tr bgcolor=\"#E3E3F3\">\n<th>CNAME_A</th>\n<td>الرقة</td>\n</tr><tr bgcolor=\"\">\n<th>LABEL_E</th>\n<td>AL RIGGA</td>\n</tr><tr bgcolor=\"#E3E3F3\">\n<th>LABEL_A</th>\n<td>الرقة</td>\n</tr><tr bgcolor=\"\">\n<th>C_PREFIX_E</th>\n<td>Community:</td>\n</tr><tr bgcolor=\"#E3E3F3\">\n<th>C_PREFIX_A</th>\n<td>:???????</td>\n</tr><tr bgcolor=\"\">\n<th>COMMUNITY_E</th>\n<td>AL RIGGA - 119</td>\n</tr><tr bgcolor=\"#E3E3F3\">\n<th>COMMUNITY_A</th>\n<td>الرقة - 119</td>\n</tr><tr bgcolor=\"\">\n<th>DGIS_ID</th>\n<td>0000040</td>\n</tr><tr bgcolor=\"#E3E3F3\">\n<th>COMM_NUM</th>\n<td>119</td>\n</tr><tr bgcolor=\"\">\n<th>NDGIS_ID</th>\n<td>40</td>\n</tr></table></center>", "COMM_NUM": 119, "CNAME_E": "AL RIGGA", "population": 12432.0, "area_km2": 0.65300206809399997, "pop_density": 19038.22454, "anomaly_morning_mean": 2.4725, "anomaly_morning_median": 2.6133, "anomaly_morning_std": 1.2358, "anomaly_morning_min": -4.8152, "anomaly_morning_max": 5.0128, "anomaly_morning_count": 728, "anomaly_morning_extreme_pct": 0.0, "anomaly_afternoon_mean": -2.0094, "anomaly_afternoon_median": -1.5025, "anomaly_afternoon_std": 2.1929, "anomaly_afternoon_min": -11.5391, "anomaly_afternoon_max": 1.0623, "anomaly_afternoon_count": 728, "anomaly_afternoon_extreme_pct": 0.0, "anomaly_night_mean": 1.6639, "anomaly_night_median": 1.8667, "anomaly_night_std": 1.0826, "anomaly_night_min": -1.0179, "anomaly_night_max": 3.4609, "anomaly_night_count": 728, "anomaly_night_extreme_pct": 0.0234, "diurnal_range_mean": -3.6733, "diurnal_range_std": 2.1358, "ndvi_mean": 0.058, "green_fraction": 0.0659, "albedo_mean": 0.3107, "building_density_mean": 0.2185, "building_height_mean": 4.538, "road_density_mean": 0.123, "sand_fraction_mean": 0.1003, "water_fraction_mean": 0.0137, "dist_to_coast_mean": 1650.7086 }, "geometry": { "type": "Polygon", "coordinates": [ [ [ 55.303333137248302, 25.267438843610798, 0.0 ], [ 55.303340355409397, 25.268940122579899, 0.0 ], [ 55.305713042280402, 25.268985721368505, 0.0 ], [ 55.310547648636998, 25.269726773223898, 0.0 ], [ 55.311818398015909, 25.269681828158696, 0.0 ], [ 55.3164247790384, 25.2700796223289, 0.0 ], [ 55.315879181755399, 25.267100598525897, 0.0 ], [ 55.3135964555578, 25.263462366951295, 0.0 ], [ 55.312227895179497, 25.261982951191897, 0.0 ], [ 55.311373912655299, 25.262806166811899, 0.0 ], [ 55.3110030800351, 25.262945445392091, 0.0 ], [ 55.310815222082709, 25.262822665547993, 0.0 ], [ 55.310182942187602, 25.2634125106459, 0.0 ], [ 55.310262085709901, 25.2636526635027, 0.0 ], [ 55.3078198003751, 25.265515187004201, 0.0 ], [ 55.305979827521703, 25.266413492794801, 0.0 ], [ 55.303581070129503, 25.266954201087596, 0.0 ], [ 55.303636990215402, 25.267239636279296, 0.0 ], [ 55.303333137248302, 25.267438843610798, 0.0 ] ] ] } },
{ "type": "Feature", "properties": { "id": "kml_46", "description": "<center><table><tr><th colspan='2' align='center'><em>Attributes</em></th></tr><tr bgcolor=\"#E3E3F3\">\n<th>OBJECTID</th>\n<td>68</td>\n</tr><tr bgcolor=\"\">\n<th>CNAME_E</th>\n<td>AL BUTEEN</td>\n</tr><tr bgcolor=\"#E3E3F3\">\n<th>CNAME_A</th>\n<td>البطين</td>\n</tr><tr bgcolor=\"\">\n<th>LABEL_E</th>\n<td>AL BUTEEN</td>\n</tr><tr bgcolor=\"#E3E3F3\">\n<th>LABEL_A</th>\n<td>البطين</td>\n</tr><tr bgcolor=\"\">\n<th>C_PREFIX_E</th>\n<td>Community:</td>\n</tr><tr bgcolor=\"#E3E3F3\">\n<th>C_PREFIX_A</th>\n<td>:???????</td>\n</tr><tr bgcolor=\"\">\n<th>COMMUNITY_E</th>\n<td>AL BUTEEN - 114</td>\n</tr><tr bgcolor=\"#E3E3F3\">\n<th>COMMUNITY_A</th>\n<td>البطين - 114</td>\n</tr><tr bgcolor=\"\">\n<th>DGIS_ID</th>\n<td>0000038</td>\n</tr><tr bgcolor=\"#E3E3F3\">\n<th>COMM_NUM</th>\n<td>114</td>\n</tr><tr bgcolor=\"\">\n<th>NDGIS_ID</th>\n<td>38</td>\n</tr></table></center>", "COMM_NUM": 114, "CNAME_E": "AL BUTEEN", "population": 3391.0, "area_km2": 0.14636325658899998, "pop_density": 23168.3831, "anomaly_morning_mean": 2.2935, "anomaly_morning_median": 2.4999, "anomaly_morning_std": 1.6742, "anomaly_morning_min": -4.6768, "anomaly_morning_max": 5.0634, "anomaly_morning_count": 160, "anomaly_morning_extreme_pct": 0.0, "anomaly_afternoon_mean": -1.3357, "anomaly_afternoon_median": -1.1338, "anomaly_afternoon_std": 1.7533, "anomaly_afternoon_min": -11.921, "anomaly_afternoon_max": 0.5195, "anomaly_afternoon_count": 160, "anomaly_afternoon_extreme_pct": 0.0, "anomaly_night_mean": 2.097, "anomaly_night_median": 2.1091, "anomaly_night_std": 0.6079, "anomaly_night_min": 0.0812, "anomaly_night_max": 3.3368, "anomaly_night_count": 160, "anomaly_night_extreme_pct": 0.0188, "diurnal_range_mean": -3.4327, "diurnal_range_std": 1.744, "ndvi_mean": 0.0051, "green_fraction": 0.0, "albedo_mean": 0.3575, "building_density_mean": 0.5153, "building_height_mean": 4.7581, "road_density_mean": 0.1324, "sand_fraction_mean": 0.025, "water_fraction_mean": 0.025, "dist_to_coast_mean": 919.635 }, "geometry": { "type": "Polygon", "coordinates": [ [ [ 55.297896090761398, 25.267258298332095, 0.0 ], [ 55.297493191100507, 25.268279836640996, 0.0 ], [ 55.297493013496101, 25.268884655752398, 0.0 ], [ 55.297274499666798, 25.2692456885738, 0.0 ], [ 55.298572829684311, 25.270204854893596, 0.0 ], [ 55.300480712582399, 25.270772025324398, 0.0 ], [ 55.302049771689603, 25.268921800404993, 0.0 ], [ 55.302367632045097, 25.268262885343098, 0.0 ], [ 55.301950674405099, 25.268226688678901, 0.0 ], [ 55.301950755642302, 25.267910738360293, 0.0 ], [ 55.301772064971097, 25.267892645958195, 0.0 ], [ 55.3017866124991, 25.267110067108099, 0.0 ], [ 55.298521730413, 25.267055312548997, 0.0 ], [ 55.298450867181899, 25.267337047945201, 0.0 ], [ 55.297896090761398, 25.267258298332095, 0.0 ] ] ] } },
{ "type": "Feature", "properties": { "id": "kml_48", "description": "<center><table><tr><th colspan='2' align='center'><em>Attributes</em></th></tr><tr bgcolor=\"#E3E3F3\">\n<th>OBJECTID</th>\n<td>70</td>\n</tr><tr bgcolor=\"\">\n<th>CNAME_E</th>\n<td>JABAL ALI THIRD</td>\n</tr><tr bgcolor=\"#E3E3F3\">\n<th>CNAME_A</th>\n<td>جبل علي الثالثة</td>\n</tr><tr bgcolor=\"\">\n<th>LABEL_E</th>\n<td>JABAL ALI THIRD</td>\n</tr><tr bgcolor=\"#E3E3F3\">\n<th>LABEL_A</th>\n<td>جبل علي الثالثة</td>\n</tr><tr bgcolor=\"\">\n<th>C_PREFIX_E</th>\n<td>Community:</td>\n</tr><tr bgcolor=\"#E3E3F3\">\n<th>C_PREFIX_A</th>\n<td>:???????</td>\n</tr><tr bgcolor=\"\">\n<th>COMMUNITY_E</th>\n<td>JABAL ALI THIRD - 593</td>\n</tr><tr bgcolor=\"#E3E3F3\">\n<th>COMMUNITY_A</th>\n<td>جبل علي الثالثة - 593</td>\n</tr><tr bgcolor=\"\">\n<th>DGIS_ID</th>\n<td>0000239</td>\n</tr><tr bgcolor=\"#E3E3F3\">\n<th>COMM_NUM</th>\n<td>593</td>\n</tr><tr bgcolor=\"\">\n<th>NDGIS_ID</th>\n<td>239</td>\n</tr></table></center>", "COMM_NUM": 593, "CNAME_E": "JABAL ALI THIRD", "population": 1510.0, "area_km2": 365.01417061178, "pop_density": 4.136825695, "anomaly_morning_mean": -13.3466, "anomaly_morning_median": -13.9651, "anomaly_morning_std": 2.8572, "anomaly_morning_min": -14.5407, "anomaly_morning_max": 10.5125, "anomaly_morning_count": 405528, "anomaly_morning_extreme_pct": 0.0011, "anomaly_afternoon_mean": -13.2976, "anomaly_afternoon_median": -13.699, "anomaly_afternoon_std": 2.2397, "anomaly_afternoon_min": -14.0531, "anomaly_afternoon_max": 1.7592, "anomaly_afternoon_count": 405528, "anomaly_afternoon_extreme_pct": 0.0, "anomaly_night_mean": 3.173, "anomaly_night_median": 3.2238, "anomaly_night_std": 0.3148, "anomaly_night_min": -1.8757, "anomaly_night_max": 4.4614, "anomaly_night_count": 405528, "anomaly_night_extreme_pct": 0.0349, "diurnal_range_mean": -16.4706, "diurnal_range_std": 2.4219, "ndvi_mean": -0.0193, "green_fraction": 0.0005, "albedo_mean": 0.1481, "building_density_mean": 0.0024, "building_height_mean": 0.0398, "road_density_mean": 0.0006, "sand_fraction_mean": 0.0015, "water_fraction_mean": 0.9712, "dist_to_coast_mean": 15.7481 }, "geometry": { "type": "Polygon", "coordinates": [ [ [ 55.095323498821301, 25.049123407986201, 0.0 ], [ 55.0964548469316, 25.043316462317801, 0.0 ], [ 55.097645238387202, 25.0444848821252, 0.0 ], [ 55.1083746939767, 25.036744869843496, 0.0 ], [ 55.106794617014003, 25.035062860291902, 0.0 ], [ 55.102600321716203, 25.029539460482198, 0.0 ], [ 55.100478264545501, 25.025432241758299, 0.0 ], [ 55.098072667836099, 25.017996580327804, 0.0 ], [ 55.096858105437398, 25.010718558967799, 0.0 ], [ 55.095244645695402, 25.011847309431701, 0.0 ], [ 55.091751694627099, 25.013649487778796, 0.0 ], [ 55.078371317353302, 25.023373869300997, 0.0 ], [ 55.078044098211699, 25.023003906794695, 0.0 ], [ 55.077351924738402, 25.0229724206364, 0.0 ], [ 55.070031798113703, 25.016472787517191, 0.0 ], [ 55.0686284423385, 25.017804524791597, 0.0 ], [ 55.068057105230409, 25.017558403726799, 0.0 ], [ 55.062753998164702, 25.022565440878097, 0.0 ], [ 55.060091622821297, 25.022873695296898, 0.0 ], [ 55.046231626228703, 25.020553750325703, 0.0 ], [ 55.050313758343599, 25.010773263257501, 0.0 ], [ 55.049921003966197, 25.010343524432301, 0.0 ], [ 55.050277116267502, 25.009497062725803, 0.0 ], [ 55.050911450623701, 25.009346779912097, 0.0 ], [ 55.051419572279997, 25.008125334888, 0.0 ], [ 55.051029207757303, 25.007683488627798, 0.0 ], [ 55.051392486048599, 25.006812913972801, 0.0 ], [ 55.052003845707098, 25.006755215210902, 0.0 ], [ 55.052165051164003, 25.006298534917299, 0.0 ], [ 55.052043256732702, 25.006153369692299, 0.0 ], [ 55.052373579435503, 25.005653276737402, 0.0 ], [ 55.050505831401601, 25.002635190087499, 0.0 ], [ 55.051880155021898, 24.999342072863897, 0.0 ], [ 55.052214950486501, 24.999450583442304, 0.0 ], [ 55.052267767186898, 24.999324669618399, 0.0 ], [ 55.051940965920501, 24.9992118230684, 0.0 ], [ 55.052933162870197, 24.996838160032897, 0.0 ], [ 55.055132446666697, 24.994733737121596, 0.0 ], [ 55.055501280425503, 24.995056813436396, 0.0 ], [ 55.055997650180998, 24.994878245097297, 0.0 ], [ 55.0717619728443, 25.008583477709998, 0.0 ], [ 55.0758318851966, 25.004657643089303, 0.0 ], [ 55.0579502563508, 24.989077106363997, 0.0 ], [ 55.059452910224401, 24.985511318977704, 0.0 ], [ 55.063323407911497, 24.9840112794178, 0.0 ], [ 55.079044967602201, 24.997684875131696, 0.0 ], [ 55.081921553793102, 24.994963742571002, 0.0 ], [ 55.055352264125503, 24.971888310240693, 0.0 ], [ 55.052920108690401, 24.974278269455297, 0.0 ], [ 55.051847497100702, 24.973340866982898, 0.0 ], [ 55.049089131838599, 24.975954648657698, 0.0 ], [ 55.050093957608297, 24.976855109789195, 0.0 ], [ 55.050052789325299, 24.9770659213941, 0.0 ], [ 55.054532690051097, 24.9809503177392, 0.0 ], [ 55.0546179944863, 24.9812452412583, 0.0 ], [ 55.050640441763399, 24.9907849559048, 0.0 ], [ 55.050878086779797, 24.991368957647204, 0.0 ], [ 55.050362466187401, 24.992606259942701, 0.0 ], [ 55.050023160875497, 24.992490550823597, 0.0 ], [ 55.049957078634101, 24.992648088832492, 0.0 ], [ 55.050295873960003, 24.992766063013995, 0.0 ], [ 55.046728812930603, 25.001324947487305, 0.0 ], [ 55.042987955441497, 25.002926385248099, 0.0 ], [ 55.037520096371701, 25.001037714391199, 0.0 ], [ 55.033945212157299, 25.003044728526195, 0.0 ], [ 55.034593235671899, 25.003732907915197, 0.0 ], [ 55.035038673348403, 25.005718303112904, 0.0 ], [ 55.0354758317281, 25.008731267885, 0.0 ], [ 55.035633179289199, 25.011767078448404, 0.0 ], [ 55.0355095784141, 25.014804184872396, 0.0 ], [ 55.035192521469902, 25.017320545918899, 0.0 ], [ 55.033981928069601, 25.022261567963593, 0.0 ], [ 55.033819248793002, 25.022746073419196, 0.0 ], [ 55.033347600882998, 25.023359751060298, 0.0 ], [ 55.0315066667306, 25.025373064128601, 0.0 ], [ 55.029711432887197, 25.026913033694594, 0.0 ], [ 55.027739086334599, 25.0282612277928, 0.0 ], [ 55.0260794868407, 25.030664139655297, 0.0 ], [ 55.024115150830198, 25.032868085077297, 0.0 ], [ 55.021105830010399, 25.035444888938397, 0.0 ], [ 55.017971960702098, 25.037687390070502, 0.0 ], [ 55.014616048353801, 25.039645202864104, 0.0 ], [ 55.011069119264697, 25.041300189794701, 0.0 ], [ 55.007364012260702, 25.042637045042898, 0.0 ], [ 55.003535010904201, 25.043643384536999, 0.0 ], [ 54.999584215863301, 25.0443149338371, 0.0 ], [ 54.995706299210099, 25.044661785313696, 0.0 ], [ 54.887210962605899, 25.139700183042805, 0.0 ], [ 54.825472032170097, 25.083796982535695, 0.0 ], [ 54.770171449743799, 25.133410495647198, 0.0 ], [ 54.899557918743, 25.2518243278627, 0.0 ], [ 55.109480216637998, 25.064433639564101, 0.0 ], [ 55.095323498821301, 25.049123407986201, 0.0 ] ] ] } },
{ "type": "Feature", "properties": { "id": "kml_50", "description": "<center><table><tr><th colspan='2' align='center'><em>Attributes</em></th></tr><tr bgcolor=\"#E3E3F3\">\n<th>OBJECTID</th>\n<td>78</td>\n</tr><tr bgcolor=\"\">\n<th>CNAME_E</th>\n<td>PORT SAEED</td>\n</tr><tr bgcolor=\"#E3E3F3\">\n<th>CNAME_A</th>\n<td>بور سعيد</td>\n</tr><tr bgcolor=\"\">\n<th>LABEL_E</th>\n<td>PORT SAEED</td>\n</tr><tr bgcolor=\"#E3E3F3\">\n<th>LABEL_A</th>\n<td>بور سعيد</td>\n</tr><tr bgcolor=\"\">\n<th>C_PREFIX_E</th>\n<td>Community:</td>\n</tr><tr bgcolor=\"#E3E3F3\">\n<th>C_PREFIX_A</th>\n<td>:???????</td>\n</tr><tr bgcolor=\"\">\n<th>COMMUNITY_E</th>\n<td>PORT SAEED - 129</td>\n</tr><tr bgcolor=\"#E3E3F3\">\n<th>COMMUNITY_A</th>\n<td>بور سعيد - 129</td>\n</tr><tr bgcolor=\"\">\n<th>DGIS_ID</th>\n<td>0000046</td>\n</tr><tr bgcolor=\"#E3E3F3\">\n<th>COMM_NUM</th>\n<td>129</td>\n</tr><tr bgcolor=\"\">\n<th>NDGIS_ID</th>\n<td>46</td>\n</tr></table></center>", "COMM_NUM": 129, "CNAME_E": "PORT SAEED", "population": 15878.0, "area_km2": 2.7021233576569998, "pop_density": 5876.119591, "anomaly_morning_mean": 1.425, "anomaly_morning_median": 2.6411, "anomaly_morning_std": 3.2497, "anomaly_morning_min": -6.9929, "anomaly_morning_max": 6.3689, "anomaly_morning_count": 3005, "anomaly_morning_extreme_pct": 0.0, "anomaly_afternoon_mean": -2.7964, "anomaly_afternoon_median": -2.5059, "anomaly_afternoon_std": 2.3939, "anomaly_afternoon_min": -12.6145, "anomaly_afternoon_max": 2.0031, "anomaly_afternoon_count": 3005, "anomaly_afternoon_extreme_pct": 0.0, "anomaly_night_mean": 1.001, "anomaly_night_median": 1.1248, "anomaly_night_std": 1.3213, "anomaly_night_min": -1.8725, "anomaly_night_max": 3.4306, "anomaly_night_count": 3005, "anomaly_night_extreme_pct": 0.0077, "diurnal_range_mean": -3.7974, "diurnal_range_std": 1.5301, "ndvi_mean": 0.1421, "green_fraction": 0.3072, "albedo_mean": 0.3311, "building_density_mean": 0.1738, "building_height_mean": 2.8951, "road_density_mean": 0.1342, "sand_fraction_mean": 0.0156, "water_fraction_mean": 0.0057, "dist_to_coast_mean": 4328.0869 }, "geometry": { "type": "Polygon", "coordinates": [ [ [ 55.332835303082305, 25.262064474489396, 0.0 ], [ 55.333629454210801, 25.261017324321596, 0.0 ], [ 55.336428921418801, 25.263562951392995, 0.0 ], [ 55.337342064558698, 25.258805615194795, 0.0 ], [ 55.337262598033099, 25.257180736545699, 0.0 ], [ 55.336597427453498, 25.253994153215398, 0.0 ], [ 55.336468347556, 25.252558835760198, 0.0 ], [ 55.33670649682, 25.249615971766001, 0.0 ], [ 55.337331766285999, 25.247458460815402, 0.0 ], [ 55.3405175382766, 25.240173403600402, 0.0 ], [ 55.340676290461502, 25.239306785756799, 0.0 ], [ 55.340656371917198, 25.238169360915805, 0.0 ], [ 55.340140176058902, 25.236544491252499, 0.0 ], [ 55.339504928673598, 25.235569582372104, 0.0 ], [ 55.338474437935602, 25.234646717658503, 0.0 ], [ 55.337966549525802, 25.235018979825796, 0.0 ], [ 55.3379864174332, 25.235497420451892, 0.0 ], [ 55.337342933887399, 25.2362970409567, 0.0 ], [ 55.3367259846896, 25.2364994641107, 0.0 ], [ 55.3353166567165, 25.237573734535903, 0.0 ], [ 55.333083513334699, 25.240525638371299, 0.0 ], [ 55.332289478276898, 25.241870685633199, 0.0 ], [ 55.331743563096303, 25.2432518399952, 0.0 ], [ 55.3320219509826, 25.243530204958798, 0.0 ], [ 55.3316840007396, 25.243937905268005, 0.0 ], [ 55.331882510352699, 25.244091369457305, 0.0 ], [ 55.3322398317082, 25.244055254776796, 0.0 ], [ 55.332046854046503, 25.243540902389991, 0.0 ], [ 55.332520050072297, 25.244152488369295, 0.0 ], [ 55.332477159396902, 25.244467085432298, 0.0 ], [ 55.332739352769202, 25.244810002280495, 0.0 ], [ 55.332379605013202, 25.245164254080802, 0.0 ], [ 55.332597531902401, 25.245355523242399, 0.0 ], [ 55.332541489349403, 25.245683335999203, 0.0 ], [ 55.331298280372998, 25.245293214479503, 0.0 ], [ 55.331306809249298, 25.245129488610299, 0.0 ], [ 55.331842792708507, 25.245346147340602, 0.0 ], [ 55.331922200595798, 25.245138522952498, 0.0 ], [ 55.331733611697302, 25.245228792843392, 0.0 ], [ 55.331793168488097, 25.245012141123496, 0.0 ], [ 55.331713760344002, 25.245228792627099, 0.0 ], [ 55.331574801520901, 25.245183655131797, 0.0 ], [ 55.331644283976999, 25.244985057951499, 0.0 ], [ 55.331554950174898, 25.245183654894099, 0.0 ], [ 55.331485473058201, 25.245012137594799, 0.0 ], [ 55.331326650957301, 25.2451114345184, 0.0 ], [ 55.3314457741875, 25.244768403188296, 0.0 ], [ 55.331574807237601, 25.244786459144301, 0.0 ], [ 55.331485478246101, 25.244669104689798, 0.0 ], [ 55.331683990138202, 25.244723270131104, 0.0 ], [ 55.331485478519198, 25.244651050325899, 0.0 ], [ 55.331703845261799, 25.244434400526398, 0.0 ], [ 55.331455708427498, 25.244208718022101, 0.0 ], [ 55.331445776139901, 25.244642022642001, 0.0 ], [ 55.331237338551105, 25.244605911103601, 0.0 ], [ 55.331435850230498, 25.244660076878702, 0.0 ], [ 55.331396145991299, 25.244768402545798, 0.0 ], [ 55.331187708043203, 25.244741318119697, 0.0 ], [ 55.331386219920503, 25.244795483960598, 0.0 ], [ 55.331346515593303, 25.244903809612296, 0.0 ], [ 55.331148003557601, 25.244849643718801, 0.0 ], [ 55.331336589648103, 25.2449218638417, 0.0 ], [ 55.3312968947101, 25.245057271022699, 0.0 ], [ 55.330909786088199, 25.244948939000498, 0.0 ], [ 55.331277032699397, 25.245102406654599, 0.0 ], [ 55.331187698214599, 25.245301003371903, 0.0 ], [ 55.330741044800902, 25.245192670034097, 0.0 ], [ 55.331187697897498, 25.2453190577342, 0.0 ], [ 55.33089984659, 25.245644031785798, 0.0 ], [ 55.331098355678101, 25.245923877520095, 0.0 ], [ 55.330870055808802, 25.246321069815501, 0.0 ], [ 55.330992479410199, 25.246362226719505, 0.0 ], [ 55.33093781517951, 25.246516373964496, 0.0 ], [ 55.330502799980799, 25.246429389392404, 0.0 ], [ 55.33035278776731, 25.2469997416914, 0.0 ], [ 55.3302149410097, 25.246880742569996, 0.0 ], [ 55.330175235199498, 25.246980040697103, 0.0 ], [ 55.330339744802501, 25.247017561079105, 0.0 ], [ 55.330202603483301, 25.247258069363301, 0.0 ], [ 55.329085951467398, 25.248822875661801, 0.0 ], [ 55.327468385620897, 25.250067992843899, 0.0 ], [ 55.3269154685782, 25.249410836597793, 0.0 ], [ 55.326196373255002, 25.249497572816097, 0.0 ], [ 55.325771549556599, 25.249815407562895, 0.0 ], [ 55.325646547676598, 25.249707598578404, 0.0 ], [ 55.325067214775302, 25.250140998092295, 0.0 ], [ 55.325881952095401, 25.250872170381296, 0.0 ], [ 55.325190591020899, 25.2514053509931, 0.0 ], [ 55.324586677313597, 25.251475349274099, 0.0 ], [ 55.322670806380202, 25.252820272110498, 0.0 ], [ 55.322402800268598, 25.252666790594098, 0.0 ], [ 55.322005733008901, 25.252946602999501, 0.0 ], [ 55.323663279185503, 25.254797290808899, 0.0 ], [ 55.326591356869699, 25.258895787337295, 0.0 ], [ 55.329608943241603, 25.264041376271095, 0.0 ], [ 55.331812795946199, 25.262994264988698, 0.0 ], [ 55.332835303082305, 25.262064474489396, 0.0 ] ] ] } },
{ "type": "Feature", "properties": { "id": "kml_52", "description": "<center><table><tr><th colspan='2' align='center'><em>Attributes</em></th></tr><tr bgcolor=\"#E3E3F3\">\n<th>OBJECTID</th>\n<td>80</td>\n</tr><tr bgcolor=\"\">\n<th>CNAME_E</th>\n<td>AL HEBIAH FIRST</td>\n</tr><tr bgcolor=\"#E3E3F3\">\n<th>CNAME_A</th>\n<td>الحبيه الأولى</td>\n</tr><tr bgcolor=\"\">\n<th>LABEL_E</th>\n<td>AL HEBIAH FIRST</td>\n</tr><tr bgcolor=\"#E3E3F3\">\n<th>LABEL_A</th>\n<td>الحبيه الأولى</td>\n</tr><tr bgcolor=\"\">\n<th>C_PREFIX_E</th>\n<td>Community:</td>\n</tr><tr bgcolor=\"#E3E3F3\">\n<th>C_PREFIX_A</th>\n<td>:???????</td>\n</tr><tr bgcolor=\"\">\n<th>COMMUNITY_E</th>\n<td>AL HEBIAH FIRST - 674</td>\n</tr><tr bgcolor=\"#E3E3F3\">\n<th>COMMUNITY_A</th>\n<td>الحبيه الأولى - 674</td>\n</tr><tr bgcolor=\"\">\n<th>DGIS_ID</th>\n<td>0000156</td>\n</tr><tr bgcolor=\"#E3E3F3\">\n<th>COMM_NUM</th>\n<td>674</td>\n</tr><tr bgcolor=\"\">\n<th>NDGIS_ID</th>\n<td>156</td>\n</tr></table></center>", "COMM_NUM": 674, "CNAME_E": "AL HEBIAH FIRST", "population": 17628.0, "area_km2": 4.176691028704, "pop_density": 4220.565965, "anomaly_morning_mean": 4.4718, "anomaly_morning_median": 4.9118, "anomaly_morning_std": 1.7311, "anomaly_morning_min": -2.1593, "anomaly_morning_max": 8.4167, "anomaly_morning_count": 4638, "anomaly_morning_extreme_pct": 0.0011, "anomaly_afternoon_mean": -1.0697, "anomaly_afternoon_median": -0.3325, "anomaly_afternoon_std": 2.521, "anomaly_afternoon_min": -15.8701, "anomaly_afternoon_max": 2.8672, "anomaly_afternoon_count": 4638, "anomaly_afternoon_extreme_pct": 0.0177, "anomaly_night_mean": 0.1985, "anomaly_night_median": 0.1671, "anomaly_night_std": 1.0751, "anomaly_night_min": -2.2954, "anomaly_night_max": 3.1684, "anomaly_night_count": 4638, "anomaly_night_extreme_pct": 0.0, "diurnal_range_mean": -1.2681, "diurnal_range_std": 2.5792, "ndvi_mean": 0.0748, "green_fraction": 0.1203, "albedo_mean": 0.4018, "building_density_mean": 0.1272, "building_height_mean": 0.7514, "road_density_mean": 0.0824, "sand_fraction_mean": 0.2415, "water_fraction_mean": 0.0009, "dist_to_coast_mean": 10381.7913 }, "geometry": { "type": "Polygon", "coordinates": [ [ [ 55.251817414321202, 25.045875657270798, 0.0 ], [ 55.251373165567799, 25.0456865592631, 0.0 ], [ 55.2496478608385, 25.044348113101009, 0.0 ], [ 55.245529070834003, 25.041970567519996, 0.0 ], [ 55.232035136767799, 25.034477830569902, 0.0 ], [ 55.228860311052998, 25.039739605492297, 0.0 ], [ 55.226646779907803, 25.044143413101295, 0.0 ], [ 55.2234887022598, 25.051868575510202, 0.0 ], [ 55.227342672261003, 25.053072020523601, 0.0 ], [ 55.231712295325899, 25.053977814868002, 0.0 ], [ 55.249390720322303, 25.056020024451694, 0.0 ], [ 55.249671280876399, 25.051497451159999, 0.0 ], [ 55.250376568314501, 25.049006280802899, 0.0 ], [ 55.251817414321202, 25.045875657270798, 0.0 ] ] ] } },
{ "type": "Feature", "properties": { "id": "kml_53", "description": "<center><table><tr><th colspan='2' align='center'><em>Attributes</em></th></tr><tr bgcolor=\"#E3E3F3\">\n<th>OBJECTID</th>\n<td>81</td>\n</tr><tr bgcolor=\"\">\n<th>CNAME_E</th>\n<td>WADI ALAMARDI</td>\n</tr><tr bgcolor=\"#E3E3F3\">\n<th>CNAME_A</th>\n<td>وادي العمردي</td>\n</tr><tr bgcolor=\"\">\n<th>LABEL_E</th>\n<td>WADI ALAMARDI</td>\n</tr><tr bgcolor=\"#E3E3F3\">\n<th>LABEL_A</th>\n<td>وادي العمردي</td>\n</tr><tr bgcolor=\"\">\n<th>C_PREFIX_E</th>\n<td>Community:</td>\n</tr><tr bgcolor=\"#E3E3F3\">\n<th>C_PREFIX_A</th>\n<td>:???????</td>\n</tr><tr bgcolor=\"\">\n<th>COMMUNITY_E</th>\n<td>WADI ALAMARDI - 271</td>\n</tr><tr bgcolor=\"#E3E3F3\">\n<th>COMMUNITY_A</th>\n<td>وادي العمردي - 271</td>\n</tr><tr bgcolor=\"\">\n<th>DGIS_ID</th>\n<td>0000075</td>\n</tr><tr bgcolor=\"#E3E3F3\">\n<th>COMM_NUM</th>\n<td>271</td>\n</tr><tr bgcolor=\"\">\n<th>NDGIS_ID</th>\n<td>75</td>\n</tr></table></center>", "COMM_NUM": 271, "CNAME_E": "WADI ALAMARDI", "population": 3940.0, "area_km2": 24.184196974243999, "pop_density": 162.9163046, "anomaly_morning_mean": 6.5142, "anomaly_morning_median": 6.9151, "anomaly_morning_std": 1.825, "anomaly_morning_min": -1.6882, "anomaly_morning_max": 9.4704, "anomaly_morning_count": 26865, "anomaly_morning_extreme_pct": 0.2267, "anomaly_afternoon_mean": 0.7564, "anomaly_afternoon_median": 2.4158, "anomaly_afternoon_std": 3.2999, "anomaly_afternoon_min": -5.9004, "anomaly_afternoon_max": 4.6002, "anomaly_afternoon_count": 26865, "anomaly_afternoon_extreme_pct": 0.5319, "anomaly_night_mean": -1.0927, "anomaly_night_median": -1.4202, "anomaly_night_std": 1.1572, "anomaly_night_min": -2.9608, "anomaly_night_max": 3.4351, "anomaly_night_count": 26865, "anomaly_night_extreme_pct": 0.0003, "diurnal_range_mean": 1.849, "diurnal_range_std": 4.1748, "ndvi_mean": 0.1, "green_fraction": 0.1259, "albedo_mean": 0.4234, "building_density_mean": 0.0205, "building_height_mean": 0.1712, "road_density_mean": 0.0393, "sand_fraction_mean": 0.7038, "water_fraction_mean": 0.0, "dist_to_coast_mean": 17181.0674 }, "geometry": { "type": "Polygon", "coordinates": [ [ [ 55.496709628496497, 25.1846474245115, 0.0 ], [ 55.4645392202344, 25.189815757763292, 0.0 ], [ 55.464863565851502, 25.194585413343304, 0.0 ], [ 55.4645380068403, 25.196675243627997, 0.0 ], [ 55.463884001214801, 25.198168338463901, 0.0 ], [ 55.460884327398702, 25.203146001724097, 0.0 ], [ 55.460435351574901, 25.205416336145202, 0.0 ], [ 55.460555877585598, 25.206741572070396, 0.0 ], [ 55.464343134197009, 25.226435690268996, 0.0 ], [ 55.4648984014609, 25.228614387182695, 0.0 ], [ 55.477460275293801, 25.226661825327596, 0.0 ], [ 55.485547546697603, 25.225931542585599, 0.0 ], [ 55.503585395537499, 25.222959976359601, 0.0 ], [ 55.508273705790202, 25.212058685699493, 0.0 ], [ 55.512850713223102, 25.207016023730802, 0.0 ], [ 55.525699018698703, 25.193504198678696, 0.0 ], [ 55.526602209012502, 25.192794755429201, 0.0 ], [ 55.528524114765403, 25.191944558807599, 0.0 ], [ 55.532362326709197, 25.1911031729902, 0.0 ], [ 55.515062207531201, 25.177682059646301, 0.0 ], [ 55.5116308323501, 25.179781085359799, 0.0 ], [ 55.504041367160902, 25.182555647113297, 0.0 ], [ 55.496709628496497, 25.1846474245115, 0.0 ] ] ] } },
{ "type": "Feature", "properties": { "id": "kml_54", "description": "<center><table><tr><th colspan='2' align='center'><em>Attributes</em></th></tr><tr bgcolor=\"#E3E3F3\">\n<th>OBJECTID</th>\n<td>82</td>\n</tr><tr bgcolor=\"\">\n<th>CNAME_E</th>\n<td>WADI AL SAFA 7</td>\n</tr><tr bgcolor=\"#E3E3F3\">\n<th>CNAME_A</th>\n<td>وادي الصفا 7</td>\n</tr><tr bgcolor=\"\">\n<th>LABEL_E</th>\n<td>WADI AL SAFA 7</td>\n</tr><tr bgcolor=\"#E3E3F3\">\n<th>LABEL_A</th>\n<td>وادي الصفا 7</td>\n</tr><tr bgcolor=\"\">\n<th>C_PREFIX_E</th>\n<td>Community:</td>\n</tr><tr bgcolor=\"#E3E3F3\">\n<th>C_PREFIX_A</th>\n<td>:???????</td>\n</tr><tr bgcolor=\"\">\n<th>COMMUNITY_E</th>\n<td>WADI AL SAFA 7 - 665</td>\n</tr><tr bgcolor=\"#E3E3F3\">\n<th>COMMUNITY_A</th>\n<td>وادي الصفا 7 - 665</td>\n</tr><tr bgcolor=\"\">\n<th>DGIS_ID</th>\n<td>0000229</td>\n</tr><tr bgcolor=\"#E3E3F3\">\n<th>COMM_NUM</th>\n<td>665</td>\n</tr><tr bgcolor=\"\">\n<th>NDGIS_ID</th>\n<td>229</td>\n</tr></table></center>", "COMM_NUM": 665, "CNAME_E": "WADI AL SAFA 7", "population": 16743.0, "area_km2": 8.407907411127999, "pop_density": 1991.339721, "anomaly_morning_mean": 5.5167, "anomaly_morning_median": 5.786, "anomaly_morning_std": 1.9539, "anomaly_morning_min": 1.1629, "anomaly_morning_max": 9.0984, "anomaly_morning_count": 9340, "anomaly_morning_extreme_pct": 0.087, "anomaly_afternoon_mean": -0.1679, "anomaly_afternoon_median": 0.6012, "anomaly_afternoon_std": 2.3988, "anomaly_afternoon_min": -5.5309, "anomaly_afternoon_max": 3.6691, "anomaly_afternoon_count": 9340, "anomaly_afternoon_extreme_pct": 0.1541, "anomaly_night_mean": -0.0244, "anomaly_night_median": 0.3372, "anomaly_night_std": 1.6736, "anomaly_night_min": -2.7806, "anomaly_night_max": 3.5988, "anomaly_night_count": 9340, "anomaly_night_extreme_pct": 0.0013, "diurnal_range_mean": -0.1435, "diurnal_range_std": 3.5608, "ndvi_mean": 0.0596, "green_fraction": 0.0312, "albedo_mean": 0.4372, "building_density_mean": 0.1013, "building_height_mean": 0.4363, "road_density_mean": 0.0506, "sand_fraction_mean": 0.5046, "water_fraction_mean": 0.0, "dist_to_coast_mean": 14661.1889 }, "geometry": { "type": "Polygon", "coordinates": [ [ [ 55.308775861859502, 25.0493919952666, 0.0 ], [ 55.281596283807502, 25.022209433094094, 0.0 ], [ 55.278594064091898, 25.023905708031595, 0.0 ], [ 55.271957746644901, 25.027220395605504, 0.0 ], [ 55.266457731289201, 25.030344343086398, 0.0 ], [ 55.260006096773701, 25.035367938658094, 0.0 ], [ 55.274490465077697, 25.043300047039502, 0.0 ], [ 55.289170069452602, 25.051682004039698, 0.0 ], [ 55.291058840017399, 25.052700295317301, 0.0 ], [ 55.292776062601398, 25.053248792322396, 0.0 ], [ 55.301165435154509, 25.058273472044299, 0.0 ], [ 55.308775861859502, 25.0493919952666, 0.0 ] ] ] } },
{ "type": "Feature", "properties": { "id": "kml_55", "description": "<center><table><tr><th colspan='2' align='center'><em>Attributes</em></th></tr><tr bgcolor=\"#E3E3F3\">\n<th>OBJECTID</th>\n<td>83</td>\n</tr><tr bgcolor=\"\">\n<th>CNAME_E</th>\n<td>AL BADA'</td>\n</tr><tr bgcolor=\"#E3E3F3\">\n<th>CNAME_A</th>\n<td>البدع</td>\n</tr><tr bgcolor=\"\">\n<th>LABEL_E</th>\n<td>AL BADA'</td>\n</tr><tr bgcolor=\"#E3E3F3\">\n<th>LABEL_A</th>\n<td>البدع</td>\n</tr><tr bgcolor=\"\">\n<th>C_PREFIX_E</th>\n<td>Community:</td>\n</tr><tr bgcolor=\"#E3E3F3\">\n<th>C_PREFIX_A</th>\n<td>:???????</td>\n</tr><tr bgcolor=\"\">\n<th>COMMUNITY_E</th>\n<td>AL BADA' - 333</td>\n</tr><tr bgcolor=\"#E3E3F3\">\n<th>COMMUNITY_A</th>\n<td>البدع - 333</td>\n</tr><tr bgcolor=\"\">\n<th>DGIS_ID</th>\n<td>0000065</td>\n</tr><tr bgcolor=\"#E3E3F3\">\n<th>COMM_NUM</th>\n<td>333</td>\n</tr><tr bgcolor=\"\">\n<th>NDGIS_ID</th>\n<td>65</td>\n</tr></table></center>", "COMM_NUM": 333, "CNAME_E": "AL BADA'", "population": 63592.0, "area_km2": 1.984700538499, "pop_density": 32041.10583, "anomaly_morning_mean": 3.3572, "anomaly_morning_median": 3.3469, "anomaly_morning_std": 0.728, "anomaly_morning_min": 1.4195, "anomaly_morning_max": 5.971, "anomaly_morning_count": 2204, "anomaly_morning_extreme_pct": 0.0, "anomaly_afternoon_mean": -1.9239, "anomaly_afternoon_median": -2.0226, "anomaly_afternoon_std": 1.353, "anomaly_afternoon_min": -6.2282, "anomaly_afternoon_max": 0.8838, "anomaly_afternoon_count": 2204, "anomaly_afternoon_extreme_pct": 0.0, "anomaly_night_mean": 1.7036, "anomaly_night_median": 1.6785, "anomaly_night_std": 0.7499, "anomaly_night_min": -1.467, "anomaly_night_max": 3.6125, "anomaly_night_count": 2204, "anomaly_night_extreme_pct": 0.0073, "diurnal_range_mean": -3.6275, "diurnal_range_std": 1.6343, "ndvi_mean": 0.0364, "green_fraction": 0.0041, "albedo_mean": 0.3628, "building_density_mean": 0.3273, "building_height_mean": 2.0266, "road_density_mean": 0.1483, "sand_fraction_mean": 0.1824, "water_fraction_mean": 0.0, "dist_to_coast_mean": 1173.6985 }, "geometry": { "type": "Polygon", "coordinates": [ [ [ 55.275677175295499, 25.237219464832503, 0.0 ], [ 55.278784661777401, 25.235081200846192, 0.0 ], [ 55.2782789458252, 25.234078995014496, 0.0 ], [ 55.278934157174902, 25.233682041219101, 0.0 ], [ 55.273885755268203, 25.226918726307101, 0.0 ], [ 55.273042609060802, 25.226087882268899, 0.0 ], [ 55.261073666978, 25.210059217626302, 0.0 ], [ 55.257252120865601, 25.212088424683401, 0.0 ], [ 55.265629979016708, 25.224847945903704, 0.0 ], [ 55.272500305987101, 25.238951410795892, 0.0 ], [ 55.275677175295499, 25.237219464832503, 0.0 ] ] ] } },
{ "type": "Feature", "properties": { "id": "kml_56", "description": "<center><table><tr><th colspan='2' align='center'><em>Attributes</em></th></tr><tr bgcolor=\"#E3E3F3\">\n<th>OBJECTID</th>\n<td>84</td>\n</tr><tr bgcolor=\"\">\n<th>CNAME_E</th>\n<td>CORNICHE DEIRA</td>\n</tr><tr bgcolor=\"#E3E3F3\">\n<th>CNAME_A</th>\n<td>كورنيش ديره</td>\n</tr><tr bgcolor=\"\">\n<th>LABEL_E</th>\n<td>CORNICHE DEIRA</td>\n</tr><tr bgcolor=\"#E3E3F3\">\n<th>LABEL_A</th>\n<td>كورنيش ديره</td>\n</tr><tr bgcolor=\"\">\n<th>C_PREFIX_E</th>\n<td>Community:</td>\n</tr><tr bgcolor=\"#E3E3F3\">\n<th>C_PREFIX_A</th>\n<td>:???????</td>\n</tr><tr bgcolor=\"\">\n<th>COMMUNITY_E</th>\n<td>CORNICHE DEIRA - 121</td>\n</tr><tr bgcolor=\"#E3E3F3\">\n<th>COMMUNITY_A</th>\n<td>كورنيش ديره - 121</td>\n</tr><tr bgcolor=\"\">\n<th>DGIS_ID</th>\n<td>0000009</td>\n</tr><tr bgcolor=\"#E3E3F3\">\n<th>COMM_NUM</th>\n<td>121</td>\n</tr><tr bgcolor=\"\">\n<th>NDGIS_ID</th>\n<td>9</td>\n</tr></table></center>", "COMM_NUM": 121, "CNAME_E": "CORNICHE DEIRA", "population": 2.0, "area_km2": 0.87078424291500001, "pop_density": 2.296780191, "anomaly_morning_mean": 3.0231, "anomaly_morning_median": 3.9207, "anomaly_morning_std": 2.5507, "anomaly_morning_min": -7.9412, "anomaly_morning_max": 5.9283, "anomaly_morning_count": 966, "anomaly_morning_extreme_pct": 0.0, "anomaly_afternoon_mean": -1.2689, "anomaly_afternoon_median": -0.573, "anomaly_afternoon_std": 2.3311, "anomaly_afternoon_min": -11.701, "anomaly_afternoon_max": 1.0144, "anomaly_afternoon_count": 966, "anomaly_afternoon_extreme_pct": 0.0, "anomaly_night_mean": 1.7055, "anomaly_night_median": 1.8308, "anomaly_night_std": 0.7903, "anomaly_night_min": -1.2805, "anomaly_night_max": 3.5088, "anomaly_night_count": 966, "anomaly_night_extreme_pct": 0.001, "diurnal_range_mean": -2.9743, "diurnal_range_std": 2.1851, "ndvi_mean": 0.0214, "green_fraction": 0.0145, "albedo_mean": 0.3491, "building_density_mean": 0.0585, "building_height_mean": 0.4231, "road_density_mean": 0.1164, "sand_fraction_mean": 0.0839, "water_fraction_mean": 0.0352, "dist_to_coast_mean": 209.3331 }, "geometry": { "type": "Polygon", "coordinates": [ [ [ 55.3249558389575, 25.294902979852395, 0.0 ], [ 55.327572519232902, 25.292567075682701, 0.0 ], [ 55.3199672397418, 25.285832345646703, 0.0 ], [ 55.318617023938508, 25.284794096965303, 0.0 ], [ 55.310089031938197, 25.279873211130596, 0.0 ], [ 55.309920208977999, 25.280125935285096, 0.0 ], [ 55.309969763367903, 25.280586336194698, 0.0 ], [ 55.3083507412207, 25.283025302411204, 0.0 ], [ 55.31294808801951, 25.2858287082807, 0.0 ], [ 55.317024118538903, 25.288603017388695, 0.0 ], [ 55.320943788671997, 25.291557796514798, 0.0 ], [ 55.3249558389575, 25.294902979852395, 0.0 ] ] ] } },
{ "type": "Feature", "properties": { "id": "kml_57", "description": "<center><table><tr><th colspan='2' align='center'><em>Attributes</em></th></tr><tr bgcolor=\"#E3E3F3\">\n<th>OBJECTID</th>\n<td>85</td>\n</tr><tr bgcolor=\"\">\n<th>CNAME_E</th>\n<td>AL KHWANEEJ SECOND</td>\n</tr><tr bgcolor=\"#E3E3F3\">\n<th>CNAME_A</th>\n<td>الخوانيج الثانية</td>\n</tr><tr bgcolor=\"\">\n<th>LABEL_E</th>\n<td>AL KHWANEEJ SECOND</td>\n</tr><tr bgcolor=\"#E3E3F3\">\n<th>LABEL_A</th>\n<td>الخوانيج الثانية</td>\n</tr><tr bgcolor=\"\">\n<th>C_PREFIX_E</th>\n<td>Community:</td>\n</tr><tr bgcolor=\"#E3E3F3\">\n<th>C_PREFIX_A</th>\n<td>:???????</td>\n</tr><tr bgcolor=\"\">\n<th>COMMUNITY_E</th>\n<td>AL KHWANEEJ SECOND - 282</td>\n</tr><tr bgcolor=\"#E3E3F3\">\n<th>COMMUNITY_A</th>\n<td>الخوانيج الثانية - 282</td>\n</tr><tr bgcolor=\"\">\n<th>DGIS_ID</th>\n<td>0000056</td>\n</tr><tr bgcolor=\"#E3E3F3\">\n<th>COMM_NUM</th>\n<td>282</td>\n</tr><tr bgcolor=\"\">\n<th>NDGIS_ID</th>\n<td>56</td>\n</tr></table></center>", "COMM_NUM": 282, "CNAME_E": "AL KHWANEEJ SECOND", "population": 6723.0, "area_km2": 12.694068277927, "pop_density": 529.6174444, "anomaly_morning_mean": 6.126, "anomaly_morning_median": 6.1772, "anomaly_morning_std": 1.4205, "anomaly_morning_min": 0.7267, "anomaly_morning_max": 9.2699, "anomaly_morning_count": 14102, "anomaly_morning_extreme_pct": 0.0754, "anomaly_afternoon_mean": 0.9602, "anomaly_afternoon_median": 2.3797, "anomaly_afternoon_std": 2.7223, "anomaly_afternoon_min": -5.4674, "anomaly_afternoon_max": 4.1877, "anomaly_afternoon_count": 14102, "anomaly_afternoon_extreme_pct": 0.5142, "anomaly_night_mean": -0.1113, "anomaly_night_median": -0.2299, "anomaly_night_std": 1.3191, "anomaly_night_min": -2.3884, "anomaly_night_max": 3.4947, "anomaly_night_count": 14102, "anomaly_night_extreme_pct": 0.0002, "diurnal_range_mean": 1.0715, "diurnal_range_std": 3.4608, "ndvi_mean": 0.0687, "green_fraction": 0.0664, "albedo_mean": 0.4238, "building_density_mean": 0.0561, "building_height_mean": 0.2693, "road_density_mean": 0.0689, "sand_fraction_mean": 0.62, "water_fraction_mean": 0.0, "dist_to_coast_mean": 17256.4924 }, "geometry": { "type": "Polygon", "coordinates": [ [ [ 55.549358266921899, 25.231099076379401, 0.0 ], [ 55.524970152126798, 25.215928687229699, 0.0 ], [ 55.518572903176299, 25.211531572956691, 0.0 ], [ 55.512850693351609, 25.207016005700499, 0.0 ], [ 55.508273685918503, 25.212058667668604, 0.0 ], [ 55.503585375664699, 25.2229599583282, 0.0 ], [ 55.503175859138402, 25.228205220933699, 0.0 ], [ 55.503426866290802, 25.230290209734296, 0.0 ], [ 55.503905669150001, 25.232031902191995, 0.0 ], [ 55.511553773251009, 25.252841133095401, 0.0 ], [ 55.528065410340801, 25.246580894490901, 0.0 ], [ 55.530237471709299, 25.245539893138599, 0.0 ], [ 55.531724676407698, 25.244526862710501, 0.0 ], [ 55.5332112805036, 25.243161759313701, 0.0 ], [ 55.535251969791602, 25.240766789440503, 0.0 ], [ 55.537105387851199, 25.239202547431994, 0.0 ], [ 55.542250261568697, 25.235530337745804, 0.0 ], [ 55.549358266921899, 25.231099076379401, 0.0 ] ] ] } },
{ "type": "Feature", "properties": { "id": "kml_58", "description": "<center><table><tr><th colspan='2' align='center'><em>Attributes</em></th></tr><tr bgcolor=\"#E3E3F3\">\n<th>OBJECTID</th>\n<td>86</td>\n</tr><tr bgcolor=\"\">\n<th>CNAME_E</th>\n<td>AL BARSHA FIRST</td>\n</tr><tr bgcolor=\"#E3E3F3\">\n<th>CNAME_A</th>\n<td>البرشاء الأولى</td>\n</tr><tr bgcolor=\"\">\n<th>LABEL_E</th>\n<td>AL BARSHA FIRST</td>\n</tr><tr bgcolor=\"#E3E3F3\">\n<th>LABEL_A</th>\n<td>البرشاء الأولى</td>\n</tr><tr bgcolor=\"\">\n<th>C_PREFIX_E</th>\n<td>Community:</td>\n</tr><tr bgcolor=\"#E3E3F3\">\n<th>C_PREFIX_A</th>\n<td>:???????</td>\n</tr><tr bgcolor=\"\">\n<th>COMMUNITY_E</th>\n<td>AL BARSHA FIRST - 373</td>\n</tr><tr bgcolor=\"#E3E3F3\">\n<th>COMMUNITY_A</th>\n<td>البرشاء الأولى - 373</td>\n</tr><tr bgcolor=\"\">\n<th>DGIS_ID</th>\n<td>0000120</td>\n</tr><tr bgcolor=\"#E3E3F3\">\n<th>COMM_NUM</th>\n<td>373</td>\n</tr><tr bgcolor=\"\">\n<th>NDGIS_ID</th>\n<td>120</td>\n</tr></table></center>", "COMM_NUM": 373, "CNAME_E": "AL BARSHA FIRST", "population": 53407.0, "area_km2": 3.9542662810010003, "pop_density": 13506.17187, "anomaly_morning_mean": 3.6727, "anomaly_morning_median": 3.689, "anomaly_morning_std": 1.1951, "anomaly_morning_min": -1.9954, "anomaly_morning_max": 7.4419, "anomaly_morning_count": 4392, "anomaly_morning_extreme_pct": 0.0, "anomaly_afternoon_mean": -1.3674, "anomaly_afternoon_median": -1.0216, "anomaly_afternoon_std": 1.789, "anomaly_afternoon_min": -12.3177, "anomaly_afternoon_max": 1.5453, "anomaly_afternoon_count": 4392, "anomaly_afternoon_extreme_pct": 0.0, "anomaly_night_mean": 1.3323, "anomaly_night_median": 1.3742, "anomaly_night_std": 0.9635, "anomaly_night_min": -1.8575, "anomaly_night_max": 3.5968, "anomaly_night_count": 4392, "anomaly_night_extreme_pct": 0.008, "diurnal_range_mean": -2.6997, "diurnal_range_std": 1.8726, "ndvi_mean": 0.041, "green_fraction": 0.0305, "albedo_mean": 0.3688, "building_density_mean": 0.2525, "building_height_mean": 2.3202, "road_density_mean": 0.135, "sand_fraction_mean": 0.1592, "water_fraction_mean": 0.0071, "dist_to_coast_mean": 2622.2336 }, "geometry": { "type": "Polygon", "coordinates": [ [ [ 55.2020070750402, 25.1230589390426, 0.0 ], [ 55.211592040772111, 25.116666750252989, 0.0 ], [ 55.203877972311503, 25.107253738564797, 0.0 ], [ 55.202391770809498, 25.106340681985898, 0.0 ], [ 55.200677113717902, 25.105842645699795, 0.0 ], [ 55.190664326530602, 25.105210474597996, 0.0 ], [ 55.189256927750101, 25.104838984338802, 0.0 ], [ 55.188068130983602, 25.104061473981904, 0.0 ], [ 55.181939709036698, 25.097167486613397, 0.0 ], [ 55.180906394959599, 25.099017033179496, 0.0 ], [ 55.179226254122597, 25.102779696396393, 0.0 ], [ 55.178550936958999, 25.103690753847005, 0.0 ], [ 55.176903080633799, 25.1053410266043, 0.0 ], [ 55.2020070750402, 25.1230589390426, 0.0 ] ] ] } },
{ "type": "Feature", "properties": { "id": "kml_59", "description": "<center><table><tr><th colspan='2' align='center'><em>Attributes</em></th></tr><tr bgcolor=\"#E3E3F3\">\n<th>OBJECTID</th>\n<td>87</td>\n</tr><tr bgcolor=\"\">\n<th>CNAME_E</th>\n<td>AL SAFA FIRST</td>\n</tr><tr bgcolor=\"#E3E3F3\">\n<th>CNAME_A</th>\n<td>الصفا الأولى</td>\n</tr><tr bgcolor=\"\">\n<th>LABEL_E</th>\n<td>AL SAFA FIRST</td>\n</tr><tr bgcolor=\"#E3E3F3\">\n<th>LABEL_A</th>\n<td>الصفا الأولى</td>\n</tr><tr bgcolor=\"\">\n<th>C_PREFIX_E</th>\n<td>Community:</td>\n</tr><tr bgcolor=\"#E3E3F3\">\n<th>C_PREFIX_A</th>\n<td>:???????</td>\n</tr><tr bgcolor=\"\">\n<th>COMMUNITY_E</th>\n<td>AL SAFA FIRST - 353</td>\n</tr><tr bgcolor=\"#E3E3F3\">\n<th>COMMUNITY_A</th>\n<td>الصفا الأولى - 353</td>\n</tr><tr bgcolor=\"\">\n<th>DGIS_ID</th>\n<td>0000090</td>\n</tr><tr bgcolor=\"#E3E3F3\">\n<th>COMM_NUM</th>\n<td>353</td>\n</tr><tr bgcolor=\"\">\n<th>NDGIS_ID</th>\n<td>90</td>\n</tr></table></center>", "COMM_NUM": 353, "CNAME_E": "AL SAFA FIRST", "population": 10237.0, "area_km2": 2.430428562001, "pop_density": 4212.014358, "anomaly_morning_mean": 2.904, "anomaly_morning_median": 2.9797, "anomaly_morning_std": 1.0241, "anomaly_morning_min": -0.8952, "anomaly_morning_max": 6.4703, "anomaly_morning_count": 2703, "anomaly_morning_extreme_pct": 0.0, "anomaly_afternoon_mean": -2.4688, "anomaly_afternoon_median": -2.719, "anomaly_afternoon_std": 1.7871, "anomaly_afternoon_min": -6.3049, "anomaly_afternoon_max": 1.2805, "anomaly_afternoon_count": 2703, "anomaly_afternoon_extreme_pct": 0.0, "anomaly_night_mean": 1.1796, "anomaly_night_median": 1.248, "anomaly_night_std": 0.7637, "anomaly_night_min": -1.7994, "anomaly_night_max": 3.3243, "anomaly_night_count": 2703, "anomaly_night_extreme_pct": 0.0004, "diurnal_range_mean": -3.6484, "diurnal_range_std": 1.9118, "ndvi_mean": 0.0778, "green_fraction": 0.0673, "albedo_mean": 0.3616, "building_density_mean": 0.2243, "building_height_mean": 1.8389, "road_density_mean": 0.1342, "sand_fraction_mean": 0.1587, "water_fraction_mean": 0.0, "dist_to_coast_mean": 1788.7375 }, "geometry": { "type": "Polygon", "coordinates": [ [ [ 55.2397374926935, 25.186874350323393, 0.0 ], [ 55.2494448057681, 25.180100707405998, 0.0 ], [ 55.234943865775598, 25.164420450610301, 0.0 ], [ 55.234457370758101, 25.164988844582101, 0.0 ], [ 55.232164600633702, 25.166738585834398, 0.0 ], [ 55.227658734382302, 25.169642217614399, 0.0 ], [ 55.2397374926935, 25.186874350323393, 0.0 ] ] ] } },
{ "type": "Feature", "properties": { "id": "kml_61", "description": "<center><table><tr><th colspan='2' align='center'><em>Attributes</em></th></tr><tr bgcolor=\"#E3E3F3\">\n<th>OBJECTID</th>\n<td>89</td>\n</tr><tr bgcolor=\"\">\n<th>CNAME_E</th>\n<td>AL RASHIDIYA</td>\n</tr><tr bgcolor=\"#E3E3F3\">\n<th>CNAME_A</th>\n<td>الراشدية</td>\n</tr><tr bgcolor=\"\">\n<th>LABEL_E</th>\n<td>AL RASHIDIYA</td>\n</tr><tr bgcolor=\"#E3E3F3\">\n<th>LABEL_A</th>\n<td>الراشدية</td>\n</tr><tr bgcolor=\"\">\n<th>C_PREFIX_E</th>\n<td>Community:</td>\n</tr><tr bgcolor=\"#E3E3F3\">\n<th>C_PREFIX_A</th>\n<td>:???????</td>\n</tr><tr bgcolor=\"\">\n<th>COMMUNITY_E</th>\n<td>AL RASHIDIYA - 216</td>\n</tr><tr bgcolor=\"#E3E3F3\">\n<th>COMMUNITY_A</th>\n<td>الراشدية - 216</td>\n</tr><tr bgcolor=\"\">\n<th>DGIS_ID</th>\n<td>0000141</td>\n</tr><tr bgcolor=\"#E3E3F3\">\n<th>COMM_NUM</th>\n<td>216</td>\n</tr><tr bgcolor=\"\">\n<th>NDGIS_ID</th>\n<td>141</td>\n</tr></table></center>", "COMM_NUM": 216, "CNAME_E": "AL RASHIDIYA", "population": 40744.0, "area_km2": 4.8407814834999998, "pop_density": 8416.822808000001, "anomaly_morning_mean": 5.5754, "anomaly_morning_median": 5.4164, "anomaly_morning_std": 1.0508, "anomaly_morning_min": 1.1686, "anomaly_morning_max": 10.3686, "anomaly_morning_count": 5383, "anomaly_morning_extreme_pct": 0.0336, "anomaly_afternoon_mean": -0.7655, "anomaly_afternoon_median": -1.0819, "anomaly_afternoon_std": 2.1367, "anomaly_afternoon_min": -5.3343, "anomaly_afternoon_max": 3.0562, "anomaly_afternoon_count": 5383, "anomaly_afternoon_extreme_pct": 0.0405, "anomaly_night_mean": 0.9263, "anomaly_night_median": 0.9443, "anomaly_night_std": 0.9814, "anomaly_night_min": -1.8287, "anomaly_night_max": 3.8186, "anomaly_night_count": 5383, "anomaly_night_extreme_pct": 0.0022, "diurnal_range_mean": -1.6917, "diurnal_range_std": 2.5887, "ndvi_mean": 0.0588, "green_fraction": 0.0286, "albedo_mean": 0.3786, "building_density_mean": 0.2476, "building_height_mean": 1.2096, "road_density_mean": 0.1251, "sand_fraction_mean": 0.2905, "water_fraction_mean": 0.0, "dist_to_coast_mean": 9684.4132 }, "geometry": { "type": "Polygon", "coordinates": [ [ [ 55.403469325452306, 25.232917125557307, 0.0 ], [ 55.403398067917699, 25.229802777480899, 0.0 ], [ 55.404349432968303, 25.227428170521105, 0.0 ], [ 55.405020930496406, 25.221713627490796, 0.0 ], [ 55.405099170562103, 25.219736631271701, 0.0 ], [ 55.404611194791599, 25.216803024224198, 0.0 ], [ 55.402792682777203, 25.212335418688699, 0.0 ], [ 55.3984265387626, 25.212292269296896, 0.0 ], [ 55.393256807395808, 25.212601380344299, 0.0 ], [ 55.394567992709497, 25.215290953524296, 0.0 ], [ 55.394647627458703, 25.215787417299104, 0.0 ], [ 55.39255405107, 25.216275740311797, 0.0 ], [ 55.390262120909597, 25.217043953786799, 0.0 ], [ 55.380945520830899, 25.220793549693898, 0.0 ], [ 55.376351300109299, 25.222067785508994, 0.0 ], [ 55.376301931680104, 25.222780940231701, 0.0 ], [ 55.377773653561697, 25.231013322223898, 0.0 ], [ 55.377825477448901, 25.237061526053598, 0.0 ], [ 55.390516684171601, 25.230900614178697, 0.0 ], [ 55.392987499029097, 25.230105244144401, 0.0 ], [ 55.395865573593298, 25.230076972716397, 0.0 ], [ 55.398217919786198, 25.2305543999672, 0.0 ], [ 55.401870977932006, 25.232069319451192, 0.0 ], [ 55.403469325452306, 25.232917125557307, 0.0 ] ] ] } },
{ "type": "Feature", "properties": { "id": "kml_62", "description": "<center><table><tr><th colspan='2' align='center'><em>Attributes</em></th></tr><tr bgcolor=\"#E3E3F3\">\n<th>OBJECTID</th>\n<td>90</td>\n</tr><tr bgcolor=\"\">\n<th>CNAME_E</th>\n<td>BUSINESS BAY</td>\n</tr><tr bgcolor=\"#E3E3F3\">\n<th>CNAME_A</th>\n<td>الخليج التجاري</td>\n</tr><tr bgcolor=\"\">\n<th>LABEL_E</th>\n<td>BUSINESS BAY</td>\n</tr><tr bgcolor=\"#E3E3F3\">\n<th>LABEL_A</th>\n<td>الخليج التجاري</td>\n</tr><tr bgcolor=\"\">\n<th>C_PREFIX_E</th>\n<td>Community:</td>\n</tr><tr bgcolor=\"#E3E3F3\">\n<th>C_PREFIX_A</th>\n<td>:???????</td>\n</tr><tr bgcolor=\"\">\n<th>COMMUNITY_E</th>\n<td>BUSINESS BAY - 346</td>\n</tr><tr bgcolor=\"#E3E3F3\">\n<th>COMMUNITY_A</th>\n<td>الخليج التجاري - 346</td>\n</tr><tr bgcolor=\"\">\n<th>DGIS_ID</th>\n<td>0000248</td>\n</tr><tr bgcolor=\"#E3E3F3\">\n<th>COMM_NUM</th>\n<td>346</td>\n</tr><tr bgcolor=\"\">\n<th>NDGIS_ID</th>\n<td>248</td>\n</tr></table></center>", "COMM_NUM": 346, "CNAME_E": "BUSINESS BAY", "population": 32354.0, "area_km2": 6.5862570052509994, "pop_density": 4912.350061, "anomaly_morning_mean": 0.9957, "anomaly_morning_median": 1.4257, "anomaly_morning_std": 3.0984, "anomaly_morning_min": -9.1049, "anomaly_morning_max": 7.0993, "anomaly_morning_count": 7313, "anomaly_morning_extreme_pct": 0.0, "anomaly_afternoon_mean": -2.841, "anomaly_afternoon_median": -1.8117, "anomaly_afternoon_std": 3.4576, "anomaly_afternoon_min": -12.7804, "anomaly_afternoon_max": 2.2476, "anomaly_afternoon_count": 7313, "anomaly_afternoon_extreme_pct": 0.0, "anomaly_night_mean": 1.1891, "anomaly_night_median": 1.3747, "anomaly_night_std": 1.0109, "anomaly_night_min": -1.6723, "anomaly_night_max": 3.8853, "anomaly_night_count": 7313, "anomaly_night_extreme_pct": 0.0057, "diurnal_range_mean": -4.0301, "diurnal_range_std": 3.428, "ndvi_mean": 0.0676, "green_fraction": 0.0892, "albedo_mean": 0.3109, "building_density_mean": 0.1403, "building_height_mean": 3.3189, "road_density_mean": 0.1322, "sand_fraction_mean": 0.1065, "water_fraction_mean": 0.098, "dist_to_coast_mean": 3824.8426 }, "geometry": { "type": "Polygon", "coordinates": [ [ [ 55.289007902740401, 25.195200439124893, 0.0 ], [ 55.2903018578196, 25.194444464767592, 0.0 ], [ 55.2914828589888, 25.193460843214108, 0.0 ], [ 55.292455552163297, 25.192296600756595, 0.0 ], [ 55.293279522680699, 25.190780248914198, 0.0 ], [ 55.293806026900803, 25.188649960075697, 0.0 ], [ 55.294085572768104, 25.183170483315202, 0.0 ], [ 55.290861392088601, 25.183061265976995, 0.0 ], [ 55.287022360134003, 25.182392088364903, 0.0 ], [ 55.283262997750306, 25.181127057218099, 0.0 ], [ 55.280148595552198, 25.1796364641155, 0.0 ], [ 55.277242754387302, 25.177838984682101, 0.0 ], [ 55.274208325156998, 25.175445561095202, 0.0 ], [ 55.267424309032599, 25.168390224607801, 0.0 ], [ 55.263441860413501, 25.170670825705095, 0.0 ], [ 55.249553839842406, 25.1802181234805, 0.0 ], [ 55.26448313513491, 25.196408226851098, 0.0 ], [ 55.267542462610798, 25.194067438982202, 0.0 ], [ 55.267959733807302, 25.193357884278996, 0.0 ], [ 55.268287670196109, 25.191971327156502, 0.0 ], [ 55.269349291435603, 25.190647917783096, 0.0 ], [ 55.276406739912801, 25.186121551638905, 0.0 ], [ 55.277571971221803, 25.1851533081025, 0.0 ], [ 55.278032245862597, 25.185155358508105, 0.0 ], [ 55.278749171986298, 25.185913742320697, 0.0 ], [ 55.283698680615899, 25.1921817042406, 0.0 ], [ 55.284925001080602, 25.192936445120296, 0.0 ], [ 55.2865792913286, 25.193376802527592, 0.0 ], [ 55.287605638964401, 25.1938244232058, 0.0 ], [ 55.2886190064647, 25.194599071726596, 0.0 ], [ 55.289007902740401, 25.195200439124893, 0.0 ] ] ] } },
{ "type": "Feature", "properties": { "id": "kml_63", "description": "<center><table><tr><th colspan='2' align='center'><em>Attributes</em></th></tr><tr bgcolor=\"#E3E3F3\">\n<th>OBJECTID</th>\n<td>91</td>\n</tr><tr bgcolor=\"\">\n<th>CNAME_E</th>\n<td>BURJ KHALIFA</td>\n</tr><tr bgcolor=\"#E3E3F3\">\n<th>CNAME_A</th>\n<td>برج خليفة</td>\n</tr><tr bgcolor=\"\">\n<th>LABEL_E</th>\n<td>BURJ KHALIFA</td>\n</tr><tr bgcolor=\"#E3E3F3\">\n<th>LABEL_A</th>\n<td>برج خليفة</td>\n</tr><tr bgcolor=\"\">\n<th>C_PREFIX_E</th>\n<td>Community:</td>\n</tr><tr bgcolor=\"#E3E3F3\">\n<th>C_PREFIX_A</th>\n<td>:???????</td>\n</tr><tr bgcolor=\"\">\n<th>COMMUNITY_E</th>\n<td>BURJ KHALIFA - 345</td>\n</tr><tr bgcolor=\"#E3E3F3\">\n<th>COMMUNITY_A</th>\n<td>برج خليفة - 345</td>\n</tr><tr bgcolor=\"\">\n<th>DGIS_ID</th>\n<td>0000083</td>\n</tr><tr bgcolor=\"#E3E3F3\">\n<th>COMM_NUM</th>\n<td>345</td>\n</tr><tr bgcolor=\"\">\n<th>NDGIS_ID</th>\n<td>83</td>\n</tr></table></center>", "COMM_NUM": 345, "CNAME_E": "BURJ KHALIFA", "population": 29922.0, "area_km2": 2.660075459188, "pop_density": 11248.55308, "anomaly_morning_mean": 1.1319, "anomaly_morning_median": 0.9933, "anomaly_morning_std": 1.7382, "anomaly_morning_min": -4.3341, "anomaly_morning_max": 5.8247, "anomaly_morning_count": 2958, "anomaly_morning_extreme_pct": 0.0, "anomaly_afternoon_mean": -2.2616, "anomaly_afternoon_median": -2.1431, "anomaly_afternoon_std": 2.2265, "anomaly_afternoon_min": -12.371, "anomaly_afternoon_max": 1.6276, "anomaly_afternoon_count": 2958, "anomaly_afternoon_extreme_pct": 0.0, "anomaly_night_mean": 1.4355, "anomaly_night_median": 1.5434, "anomaly_night_std": 0.8227, "anomaly_night_min": -1.515, "anomaly_night_max": 3.442, "anomaly_night_count": 2958, "anomaly_night_extreme_pct": 0.0017, "diurnal_range_mean": -3.697, "diurnal_range_std": 2.0443, "ndvi_mean": 0.0595, "green_fraction": 0.0483, "albedo_mean": 0.3271, "building_density_mean": 0.3162, "building_height_mean": 6.2939, "road_density_mean": 0.1508, "sand_fraction_mean": 0.023, "water_fraction_mean": 0.022, "dist_to_coast_mean": 3576.8871 }, "geometry": { "type": "Polygon", "coordinates": [ [ [ 55.270850276440299, 25.204900091107604, 0.0 ], [ 55.289007902740401, 25.195200439124893, 0.0 ], [ 55.2886190064647, 25.194599071726596, 0.0 ], [ 55.287605638964401, 25.1938244232058, 0.0 ], [ 55.2865792913286, 25.193376802527592, 0.0 ], [ 55.284925001080602, 25.192936445120296, 0.0 ], [ 55.283698680615899, 25.1921817042406, 0.0 ], [ 55.278749171986298, 25.185913742320697, 0.0 ], [ 55.278032245862597, 25.185155358508105, 0.0 ], [ 55.277571971221803, 25.1851533081025, 0.0 ], [ 55.276406739912801, 25.186121551638905, 0.0 ], [ 55.269349291435603, 25.190647917783096, 0.0 ], [ 55.268287670196109, 25.191971327156502, 0.0 ], [ 55.267959733807302, 25.193357884278996, 0.0 ], [ 55.267542462610798, 25.194067438982202, 0.0 ], [ 55.26448313513491, 25.196408226851098, 0.0 ], [ 55.265615260369202, 25.197648920188698, 0.0 ], [ 55.270850276440299, 25.204900091107604, 0.0 ] ] ] } },
{ "type": "Feature", "properties": { "id": "kml_64", "description": "<center><table><tr><th colspan='2' align='center'><em>Attributes</em></th></tr><tr bgcolor=\"#E3E3F3\">\n<th>OBJECTID</th>\n<td>92</td>\n</tr><tr bgcolor=\"\">\n<th>CNAME_E</th>\n<td>AL QOUZ THIRD</td>\n</tr><tr bgcolor=\"#E3E3F3\">\n<th>CNAME_A</th>\n<td>القوز الثالثة</td>\n</tr><tr bgcolor=\"\">\n<th>LABEL_E</th>\n<td>AL QOUZ THIRD</td>\n</tr><tr bgcolor=\"#E3E3F3\">\n<th>LABEL_A</th>\n<td>القوز الثالثة</td>\n</tr><tr bgcolor=\"\">\n<th>C_PREFIX_E</th>\n<td>Community:</td>\n</tr><tr bgcolor=\"#E3E3F3\">\n<th>C_PREFIX_A</th>\n<td>:???????</td>\n</tr><tr bgcolor=\"\">\n<th>COMMUNITY_E</th>\n<td>AL QOUZ THIRD - 358</td>\n</tr><tr bgcolor=\"#E3E3F3\">\n<th>COMMUNITY_A</th>\n<td>القوز الثالثة - 358</td>\n</tr><tr bgcolor=\"\">\n<th>DGIS_ID</th>\n<td>0000106</td>\n</tr><tr bgcolor=\"#E3E3F3\">\n<th>COMM_NUM</th>\n<td>358</td>\n</tr><tr bgcolor=\"\">\n<th>NDGIS_ID</th>\n<td>106</td>\n</tr></table></center>", "COMM_NUM": 358, "CNAME_E": "AL QOUZ THIRD", "population": 61353.0, "area_km2": 2.423039425, "pop_density": 25320.67756, "anomaly_morning_mean": 6.0364, "anomaly_morning_median": 6.056, "anomaly_morning_std": 0.9075, "anomaly_morning_min": 3.5908, "anomaly_morning_max": 8.3598, "anomaly_morning_count": 2695, "anomaly_morning_extreme_pct": 0.0085, "anomaly_afternoon_mean": -0.2919, "anomaly_afternoon_median": -0.0843, "anomaly_afternoon_std": 1.1645, "anomaly_afternoon_min": -5.4392, "anomaly_afternoon_max": 2.1554, "anomaly_afternoon_count": 2695, "anomaly_afternoon_extreme_pct": 0.0, "anomaly_night_mean": 0.7465, "anomaly_night_median": 0.8931, "anomaly_night_std": 1.248, "anomaly_night_min": -2.048, "anomaly_night_max": 3.3294, "anomaly_night_count": 2695, "anomaly_night_extreme_pct": 0.0011, "diurnal_range_mean": -1.0385, "diurnal_range_std": 1.8359, "ndvi_mean": 0.0249, "green_fraction": 0.0067, "albedo_mean": 0.3902, "building_density_mean": 0.2032, "building_height_mean": 2.2264, "road_density_mean": 0.0818, "sand_fraction_mean": 0.3915, "water_fraction_mean": 0.0, "dist_to_coast_mean": 3062.6481 }, "geometry": { "type": "Polygon", "coordinates": [ [ [ 55.252900725014506, 25.159457264989801, 0.0 ], [ 55.242879442056307, 25.150586680531696, 0.0 ], [ 55.230207077798802, 25.159009890060997, 0.0 ], [ 55.233536600848801, 25.162884872496701, 0.0 ], [ 55.239631735857898, 25.169487789595898, 0.0 ], [ 55.240326383232301, 25.169118109739099, 0.0 ], [ 55.252900725014506, 25.159457264989801, 0.0 ] ] ] } },
{ "type": "Feature", "properties": { "id": "kml_65", "description": "<center><table><tr><th colspan='2' align='center'><em>Attributes</em></th></tr><tr bgcolor=\"#E3E3F3\">\n<th>OBJECTID</th>\n<td>93</td>\n</tr><tr bgcolor=\"\">\n<th>CNAME_E</th>\n<td>ZAA'BEEL FIRST</td>\n</tr><tr bgcolor=\"#E3E3F3\">\n<th>CNAME_A</th>\n<td>زعبيل الأولى</td>\n</tr><tr bgcolor=\"\">\n<th>LABEL_E</th>\n<td>ZAA'BEEL FIRST</td>\n</tr><tr bgcolor=\"#E3E3F3\">\n<th>LABEL_A</th>\n<td>زعبيل الأولى</td>\n</tr><tr bgcolor=\"\">\n<th>C_PREFIX_E</th>\n<td>Community:</td>\n</tr><tr bgcolor=\"#E3E3F3\">\n<th>C_PREFIX_A</th>\n<td>:???????</td>\n</tr><tr bgcolor=\"\">\n<th>COMMUNITY_E</th>\n<td>ZAA'BEEL FIRST - 325</td>\n</tr><tr bgcolor=\"#E3E3F3\">\n<th>COMMUNITY_A</th>\n<td>زعبيل الأولى - 325</td>\n</tr><tr bgcolor=\"\">\n<th>DGIS_ID</th>\n<td>0000069</td>\n</tr><tr bgcolor=\"#E3E3F3\">\n<th>COMM_NUM</th>\n<td>325</td>\n</tr><tr bgcolor=\"\">\n<th>NDGIS_ID</th>\n<td>69</td>\n</tr></table></center>", "COMM_NUM": 325, "CNAME_E": "ZAA'BEEL FIRST", "population": 3853.0, "area_km2": 4.1200793465009999, "pop_density": 935.1761643, "anomaly_morning_mean": 3.357, "anomaly_morning_median": 3.3227, "anomaly_morning_std": 1.9218, "anomaly_morning_min": -2.0929, "anomaly_morning_max": 7.7455, "anomaly_morning_count": 4585, "anomaly_morning_extreme_pct": 0.0, "anomaly_afternoon_mean": -2.4497, "anomaly_afternoon_median": -2.7067, "anomaly_afternoon_std": 2.2945, "anomaly_afternoon_min": -10.8151, "anomaly_afternoon_max": 2.0688, "anomaly_afternoon_count": 4585, "anomaly_afternoon_extreme_pct": 0.0, "anomaly_night_mean": 0.5229, "anomaly_night_median": 0.5905, "anomaly_night_std": 0.9216, "anomaly_night_min": -1.7409, "anomaly_night_max": 2.9465, "anomaly_night_count": 4585, "anomaly_night_extreme_pct": 0.0, "diurnal_range_mean": -2.9726, "diurnal_range_std": 2.2881, "ndvi_mean": 0.1195, "green_fraction": 0.2131, "albedo_mean": 0.3585, "building_density_mean": 0.085, "building_height_mean": 0.6863, "road_density_mean": 0.1294, "sand_fraction_mean": 0.1762, "water_fraction_mean": 0.0004, "dist_to_coast_mean": 4345.2445 }, "geometry": { "type": "Polygon", "coordinates": [ [ [ 55.3049863603066, 25.234682327139897, 0.0 ], [ 55.3164106496438, 25.228744181259604, 0.0 ], [ 55.312861208758299, 25.207999195150595, 0.0 ], [ 55.312523692684799, 25.208856734489498, 0.0 ], [ 55.3071845072554, 25.212412612522499, 0.0 ], [ 55.289823654412302, 25.227890188367294, 0.0 ], [ 55.2896244656162, 25.229858059089405, 0.0 ], [ 55.297900926891998, 25.231620578862, 0.0 ], [ 55.304897259529199, 25.233725427455298, 0.0 ], [ 55.3049863603066, 25.234682327139897, 0.0 ] ] ] } },
{ "type": "Feature", "properties": { "id": "kml_66", "description": "<center><table><tr><th colspan='2' align='center'><em>Attributes</em></th></tr><tr bgcolor=\"#E3E3F3\">\n<th>OBJECTID</th>\n<td>94</td>\n</tr><tr bgcolor=\"\">\n<th>CNAME_E</th>\n<td>AL QOUZ FIRST</td>\n</tr><tr bgcolor=\"#E3E3F3\">\n<th>CNAME_A</th>\n<td>القوز الأولى</td>\n</tr><tr bgcolor=\"\">\n<th>LABEL_E</th>\n<td>AL QOUZ FIRST</td>\n</tr><tr bgcolor=\"#E3E3F3\">\n<th>LABEL_A</th>\n<td>القوز الأولى</td>\n</tr><tr bgcolor=\"\">\n<th>C_PREFIX_E</th>\n<td>Community:</td>\n</tr><tr bgcolor=\"#E3E3F3\">\n<th>C_PREFIX_A</th>\n<td>:???????</td>\n</tr><tr bgcolor=\"\">\n<th>COMMUNITY_E</th>\n<td>AL QOUZ FIRST - 354</td>\n</tr><tr bgcolor=\"#E3E3F3\">\n<th>COMMUNITY_A</th>\n<td>القوز الأولى - 354</td>\n</tr><tr bgcolor=\"\">\n<th>DGIS_ID</th>\n<td>0000096</td>\n</tr><tr bgcolor=\"#E3E3F3\">\n<th>COMM_NUM</th>\n<td>354</td>\n</tr><tr bgcolor=\"\">\n<th>NDGIS_ID</th>\n<td>96</td>\n</tr></table></center>", "COMM_NUM": 354, "CNAME_E": "AL QOUZ FIRST", "population": 23500.0, "area_km2": 3.5711866966090002, "pop_density": 6580.44566, "anomaly_morning_mean": 4.4932, "anomaly_morning_median": 4.4767, "anomaly_morning_std": 0.6856, "anomaly_morning_min": 1.5229, "anomaly_morning_max": 7.0366, "anomaly_morning_count": 3963, "anomaly_morning_extreme_pct": 0.0, "anomaly_afternoon_mean": -1.0959, "anomaly_afternoon_median": -1.2132, "anomaly_afternoon_std": 1.3456, "anomaly_afternoon_min": -5.3925, "anomaly_afternoon_max": 2.0479, "anomaly_afternoon_count": 3963, "anomaly_afternoon_extreme_pct": 0.0, "anomaly_night_mean": 1.2998, "anomaly_night_median": 1.2779, "anomaly_night_std": 0.8431, "anomaly_night_min": -1.5242, "anomaly_night_max": 3.3637, "anomaly_night_count": 3963, "anomaly_night_extreme_pct": 0.0018, "diurnal_range_mean": -2.3957, "diurnal_range_std": 1.6592, "ndvi_mean": 0.0307, "green_fraction": 0.0058, "albedo_mean": 0.3895, "building_density_mean": 0.239, "building_height_mean": 1.3261, "road_density_mean": 0.1488, "sand_fraction_mean": 0.1966, "water_fraction_mean": 0.0, "dist_to_coast_mean": 3451.6003 }, "geometry": { "type": "Polygon", "coordinates": [ [ [ 55.263441860413501, 25.170670825705095, 0.0 ], [ 55.267473742390202, 25.168344406124493, 0.0 ], [ 55.264888815908698, 25.165980985967995, 0.0 ], [ 55.263045109228109, 25.163759412488197, 0.0 ], [ 55.2620445535537, 25.161574332952497, 0.0 ], [ 55.261718131595998, 25.160030510595895, 0.0 ], [ 55.261659262575101, 25.158929153786598, 0.0 ], [ 55.2558868853042, 25.158465855960596, 0.0 ], [ 55.2544783346382, 25.158627603662094, 0.0 ], [ 55.253208352602599, 25.159231749756895, 0.0 ], [ 55.240326383232301, 25.169118109739099, 0.0 ], [ 55.239631735857898, 25.169487789595898, 0.0 ], [ 55.249553839842406, 25.1802181234805, 0.0 ], [ 55.263441860413501, 25.170670825705095, 0.0 ] ] ] } },
{ "type": "Feature", "properties": { "id": "kml_67", "description": "<center><table><tr><th colspan='2' align='center'><em>Attributes</em></th></tr><tr bgcolor=\"#E3E3F3\">\n<th>OBJECTID</th>\n<td>95</td>\n</tr><tr bgcolor=\"\">\n<th>CNAME_E</th>\n<td>ME'AISEM SECOND</td>\n</tr><tr bgcolor=\"#E3E3F3\">\n<th>CNAME_A</th>\n<td>معيصم الثانية</td>\n</tr><tr bgcolor=\"\">\n<th>LABEL_E</th>\n<td>ME'AISEM SECOND</td>\n</tr><tr bgcolor=\"#E3E3F3\">\n<th>LABEL_A</th>\n<td>معيصم الثانية</td>\n</tr><tr bgcolor=\"\">\n<th>C_PREFIX_E</th>\n<td>Community:</td>\n</tr><tr bgcolor=\"#E3E3F3\">\n<th>C_PREFIX_A</th>\n<td>:???????</td>\n</tr><tr bgcolor=\"\">\n<th>COMMUNITY_E</th>\n<td>ME'AISEM SECOND - 686</td>\n</tr><tr bgcolor=\"#E3E3F3\">\n<th>COMMUNITY_A</th>\n<td>معيصم الثانية - 686</td>\n</tr><tr bgcolor=\"\">\n<th>DGIS_ID</th>\n<td>0000231</td>\n</tr><tr bgcolor=\"#E3E3F3\">\n<th>COMM_NUM</th>\n<td>686</td>\n</tr><tr bgcolor=\"\">\n<th>NDGIS_ID</th>\n<td>231</td>\n</tr></table></center>", "COMM_NUM": 686, "CNAME_E": "ME'AISEM SECOND", "population": 16.0, "area_km2": 10.430083981499999, "pop_density": 1.534024082, "anomaly_morning_mean": 4.7673, "anomaly_morning_median": 5.2459, "anomaly_morning_std": 2.2826, "anomaly_morning_min": -0.7757, "anomaly_morning_max": 9.0516, "anomaly_morning_count": 11590, "anomaly_morning_extreme_pct": 0.0192, "anomaly_afternoon_mean": 0.3061, "anomaly_afternoon_median": 0.5458, "anomaly_afternoon_std": 1.4721, "anomaly_afternoon_min": -5.4473, "anomaly_afternoon_max": 3.2515, "anomaly_afternoon_count": 11590, "anomaly_afternoon_extreme_pct": 0.05, "anomaly_night_mean": -1.8492, "anomaly_night_median": -2.1904, "anomaly_night_std": 0.9294, "anomaly_night_min": -2.8823, "anomaly_night_max": 3.7557, "anomaly_night_count": 11590, "anomaly_night_extreme_pct": 0.002, "diurnal_range_mean": 2.1553, "diurnal_range_std": 1.6922, "ndvi_mean": 0.0284, "green_fraction": 0.0001, "albedo_mean": 0.5619, "building_density_mean": 0.0003, "building_height_mean": 0.0069, "road_density_mean": 0.0239, "sand_fraction_mean": 0.8915, "water_fraction_mean": 0.0, "dist_to_coast_mean": 12459.4761 }, "geometry": { "type": "Polygon", "coordinates": [ [ [ 55.2256533822165, 25.001533170966503, 0.0 ], [ 55.229260569847703, 24.999865656489192, 0.0 ], [ 55.239336875784403, 24.997182177188495, 0.0 ], [ 55.244885821326299, 24.994693995612604, 0.0 ], [ 55.248968702543607, 24.992006177156401, 0.0 ], [ 55.245712358003402, 24.987755247522401, 0.0 ], [ 55.244377995445703, 24.985765772313595, 0.0 ], [ 55.242411611189603, 24.982017217878603, 0.0 ], [ 55.240747784846803, 24.9782072838725, 0.0 ], [ 55.218226009395103, 24.988618312249503, 0.0 ], [ 55.212796009549997, 24.990753534758703, 0.0 ], [ 55.208763451591608, 24.991914758083499, 0.0 ], [ 55.205464297147401, 24.9926161026061, 0.0 ], [ 55.198291828504701, 24.993566678094698, 0.0 ], [ 55.194992683007598, 24.9941594603164, 0.0 ], [ 55.191752700956897, 24.994959857310999, 0.0 ], [ 55.1878584032928, 24.996192863556502, 0.0 ], [ 55.1886779851745, 24.9983963640124, 0.0 ], [ 55.190674157241702, 25.002541896245901, 0.0 ], [ 55.192978914891398, 25.005496067311697, 0.0 ], [ 55.195324659587108, 25.007330835691896, 0.0 ], [ 55.197294888638901, 25.0083798354583, 0.0 ], [ 55.201850239448703, 25.009936654349804, 0.0 ], [ 55.204583893115398, 25.010498748085698, 0.0 ], [ 55.2093359275339, 25.010673513299196, 0.0 ], [ 55.214406362928905, 25.010555964366201, 0.0 ], [ 55.216198083957003, 25.011358166707996, 0.0 ], [ 55.218386227136904, 25.008045560852903, 0.0 ], [ 55.221995777629402, 25.0040762236668, 0.0 ], [ 55.2256533822165, 25.001533170966503, 0.0 ] ] ] } },
{ "type": "Feature", "properties": { "id": "kml_68", "description": "<center><table><tr><th colspan='2' align='center'><em>Attributes</em></th></tr><tr bgcolor=\"#E3E3F3\">\n<th>OBJECTID</th>\n<td>96</td>\n</tr><tr bgcolor=\"\">\n<th>CNAME_E</th>\n<td>AL KARAMA</td>\n</tr><tr bgcolor=\"#E3E3F3\">\n<th>CNAME_A</th>\n<td>الكرامة</td>\n</tr><tr bgcolor=\"\">\n<th>LABEL_E</th>\n<td>AL KARAMA</td>\n</tr><tr bgcolor=\"#E3E3F3\">\n<th>LABEL_A</th>\n<td>الكرامة</td>\n</tr><tr bgcolor=\"\">\n<th>C_PREFIX_E</th>\n<td>Community:</td>\n</tr><tr bgcolor=\"#E3E3F3\">\n<th>C_PREFIX_A</th>\n<td>:???????</td>\n</tr><tr bgcolor=\"\">\n<th>COMMUNITY_E</th>\n<td>AL KARAMA - 318</td>\n</tr><tr bgcolor=\"#E3E3F3\">\n<th>COMMUNITY_A</th>\n<td>الكرامة - 318</td>\n</tr><tr bgcolor=\"\">\n<th>DGIS_ID</th>\n<td>0000054</td>\n</tr><tr bgcolor=\"#E3E3F3\">\n<th>COMM_NUM</th>\n<td>318</td>\n</tr><tr bgcolor=\"\">\n<th>NDGIS_ID</th>\n<td>54</td>\n</tr></table></center>", "COMM_NUM": 318, "CNAME_E": "AL KARAMA", "population": 82625.0, "area_km2": 2.1069643759760002, "pop_density": 39215.18605, "anomaly_morning_mean": 4.1758, "anomaly_morning_median": 4.227, "anomaly_morning_std": 0.7394, "anomaly_morning_min": 0.0457, "anomaly_morning_max": 6.54, "anomaly_morning_count": 2341, "anomaly_morning_extreme_pct": 0.0, "anomaly_afternoon_mean": -1.2268, "anomaly_afternoon_median": -1.2085, "anomaly_afternoon_std": 1.2493, "anomaly_afternoon_min": -12.1619, "anomaly_afternoon_max": 1.4056, "anomaly_afternoon_count": 2341, "anomaly_afternoon_extreme_pct": 0.0, "anomaly_night_mean": 2.0048, "anomaly_night_median": 2.0447, "anomaly_night_std": 0.8089, "anomaly_night_min": -0.5844, "anomaly_night_max": 3.4601, "anomaly_night_count": 2341, "anomaly_night_extreme_pct": 0.0363, "diurnal_range_mean": -3.2316, "diurnal_range_std": 1.3196, "ndvi_mean": 0.0171, "green_fraction": 0.0111, "albedo_mean": 0.3463, "building_density_mean": 0.3782, "building_height_mean": 5.3498, "road_density_mean": 0.1674, "sand_fraction_mean": 0.073, "water_fraction_mean": 0.0009, "dist_to_coast_mean": 2904.4205 }, "geometry": { "type": "Polygon", "coordinates": [ [ [ 55.3122685276605, 25.250056839693595, 0.0 ], [ 55.314214397318899, 25.247755174418998, 0.0 ], [ 55.305263585648397, 25.237598162968304, 0.0 ], [ 55.3049863603066, 25.234682327139897, 0.0 ], [ 55.295357738320497, 25.239663174962292, 0.0 ], [ 55.304266984844901, 25.254812801193999, 0.0 ], [ 55.307215460294302, 25.253323869084998, 0.0 ], [ 55.310195043191399, 25.252196059810903, 0.0 ], [ 55.3122685276605, 25.250056839693595, 0.0 ] ] ] } },
{ "type": "Feature", "properties": { "id": "kml_70", "description": "<center><table><tr><th colspan='2' align='center'><em>Attributes</em></th></tr><tr bgcolor=\"#E3E3F3\">\n<th>OBJECTID</th>\n<td>98</td>\n</tr><tr bgcolor=\"\">\n<th>CNAME_E</th>\n<td>AL BARSHA SOUTH FIRST</td>\n</tr><tr bgcolor=\"#E3E3F3\">\n<th>CNAME_A</th>\n<td>البرشاء جنوب الأولى</td>\n</tr><tr bgcolor=\"\">\n<th>LABEL_E</th>\n<td>AL BARSHA SOUTH FIRST</td>\n</tr><tr bgcolor=\"#E3E3F3\">\n<th>LABEL_A</th>\n<td>البرشاء جنوب الأولى</td>\n</tr><tr bgcolor=\"\">\n<th>C_PREFIX_E</th>\n<td>Community:</td>\n</tr><tr bgcolor=\"#E3E3F3\">\n<th>C_PREFIX_A</th>\n<td>:???????</td>\n</tr><tr bgcolor=\"\">\n<th>COMMUNITY_E</th>\n<td>AL BARSHA SOUTH FIRST - 671</td>\n</tr><tr bgcolor=\"#E3E3F3\">\n<th>COMMUNITY_A</th>\n<td>البرشاء جنوب الأولى - 671</td>\n</tr><tr bgcolor=\"\">\n<th>DGIS_ID</th>\n<td>0000127</td>\n</tr><tr bgcolor=\"#E3E3F3\">\n<th>COMM_NUM</th>\n<td>671</td>\n</tr><tr bgcolor=\"\">\n<th>NDGIS_ID</th>\n<td>127</td>\n</tr></table></center>", "COMM_NUM": 671, "CNAME_E": "AL BARSHA SOUTH FIRST", "population": 15771.0, "area_km2": 5.9001971914999993, "pop_density": 2672.961511, "anomaly_morning_mean": 4.5367, "anomaly_morning_median": 4.6703, "anomaly_morning_std": 2.1064, "anomaly_morning_min": -9.0137, "anomaly_morning_max": 7.9603, "anomaly_morning_count": 6548, "anomaly_morning_extreme_pct": 0.0, "anomaly_afternoon_mean": -0.6951, "anomaly_afternoon_median": -0.0582, "anomaly_afternoon_std": 2.5991, "anomaly_afternoon_min": -12.7435, "anomaly_afternoon_max": 3.0529, "anomaly_afternoon_count": 6548, "anomaly_afternoon_extreme_pct": 0.0055, "anomaly_night_mean": 1.0104, "anomaly_night_median": 1.0852, "anomaly_night_std": 0.9862, "anomaly_night_min": -2.1428, "anomaly_night_max": 4.1629, "anomaly_night_count": 6548, "anomaly_night_extreme_pct": 0.0015, "diurnal_range_mean": -1.7055, "diurnal_range_std": 3.0462, "ndvi_mean": 0.0428, "green_fraction": 0.0072, "albedo_mean": 0.3792, "building_density_mean": 0.1675, "building_height_mean": 0.6219, "road_density_mean": 0.1302, "sand_fraction_mean": 0.3604, "water_fraction_mean": 0.0321, "dist_to_coast_mean": 7125.8705 }, "geometry": { "type": "Polygon", "coordinates": [ [ [ 55.249958347792997, 25.081260927541699, 0.0 ], [ 55.2450917654633, 25.080689389228102, 0.0 ], [ 55.2288355125159, 25.0806698063152, 0.0 ], [ 55.226655108440802, 25.080307160223597, 0.0 ], [ 55.225515634383697, 25.079800794951606, 0.0 ], [ 55.224505204377699, 25.079095931442399, 0.0 ], [ 55.2168307928087, 25.071100877620207, 0.0 ], [ 55.213864385422497, 25.074032418274594, 0.0 ], [ 55.2102436778246, 25.076927247445099, 0.0 ], [ 55.232743210268701, 25.102193722981202, 0.0 ], [ 55.233030593582598, 25.102347391521601, 0.0 ], [ 55.238655133316001, 25.098135315953193, 0.0 ], [ 55.241095455135905, 25.0960876439792, 0.0 ], [ 55.2432979319331, 25.0938231303587, 0.0 ], [ 55.245212986122098, 25.091359810783196, 0.0 ], [ 55.248090989615505, 25.086784627051198, 0.0 ], [ 55.249322130154098, 25.083932671253802, 0.0 ], [ 55.249958347792997, 25.081260927541699, 0.0 ] ] ] } },
{ "type": "Feature", "properties": { "id": "kml_71", "description": "<center><table><tr><th colspan='2' align='center'><em>Attributes</em></th></tr><tr bgcolor=\"#E3E3F3\">\n<th>OBJECTID</th>\n<td>99</td>\n</tr><tr bgcolor=\"\">\n<th>CNAME_E</th>\n<td>AL WARQA'A FIRST</td>\n</tr><tr bgcolor=\"#E3E3F3\">\n<th>CNAME_A</th>\n<td>الورقاء الأولى</td>\n</tr><tr bgcolor=\"\">\n<th>LABEL_E</th>\n<td>AL WARQA'A FIRST</td>\n</tr><tr bgcolor=\"#E3E3F3\">\n<th>LABEL_A</th>\n<td>الورقاء الأولى</td>\n</tr><tr bgcolor=\"\">\n<th>C_PREFIX_E</th>\n<td>Community:</td>\n</tr><tr bgcolor=\"#E3E3F3\">\n<th>C_PREFIX_A</th>\n<td>:???????</td>\n</tr><tr bgcolor=\"\">\n<th>COMMUNITY_E</th>\n<td>AL WARQA'A FIRST - 421</td>\n</tr><tr bgcolor=\"#E3E3F3\">\n<th>COMMUNITY_A</th>\n<td>الورقاء الأولى - 421</td>\n</tr><tr bgcolor=\"\">\n<th>DGIS_ID</th>\n<td>0000085</td>\n</tr><tr bgcolor=\"#E3E3F3\">\n<th>COMM_NUM</th>\n<td>421</td>\n</tr><tr bgcolor=\"\">\n<th>NDGIS_ID</th>\n<td>85</td>\n</tr></table></center>", "COMM_NUM": 421, "CNAME_E": "AL WARQA'A FIRST", "population": 30017.0, "area_km2": 2.3566268865, "pop_density": 12737.27299, "anomaly_morning_mean": 6.8696, "anomaly_morning_median": 6.8332, "anomaly_morning_std": 0.7475, "anomaly_morning_min": 4.5131, "anomaly_morning_max": 9.0644, "anomaly_morning_count": 2622, "anomaly_morning_extreme_pct": 0.0606, "anomaly_afternoon_mean": 1.3408, "anomaly_afternoon_median": 1.6532, "anomaly_afternoon_std": 1.4266, "anomaly_afternoon_min": -5.0982, "anomaly_afternoon_max": 3.6941, "anomaly_afternoon_count": 2622, "anomaly_afternoon_extreme_pct": 0.2994, "anomaly_night_mean": 0.9782, "anomaly_night_median": 1.1782, "anomaly_night_std": 1.4397, "anomaly_night_min": -1.9064, "anomaly_night_max": 3.9739, "anomaly_night_count": 2622, "anomaly_night_extreme_pct": 0.0378, "diurnal_range_mean": 0.3626, "diurnal_range_std": 2.254, "ndvi_mean": 0.021, "green_fraction": 0.005, "albedo_mean": 0.4059, "building_density_mean": 0.1422, "building_height_mean": 1.4065, "road_density_mean": 0.1143, "sand_fraction_mean": 0.3989, "water_fraction_mean": 0.0, "dist_to_coast_mean": 13864.8085 }, "geometry": { "type": "Polygon", "coordinates": [ [ [ 55.407722289037601, 25.192509226546001, 0.0 ], [ 55.409109687739203, 25.189944785636197, 0.0 ], [ 55.409584925424198, 25.188355746417194, 0.0 ], [ 55.409831317008504, 25.185737717564798, 0.0 ], [ 55.409322851331801, 25.181702798261501, 0.0 ], [ 55.408397876607197, 25.177839604700996, 0.0 ], [ 55.4045988532216, 25.178554645244095, 0.0 ], [ 55.401186462833202, 25.1788812213664, 0.0 ], [ 55.397070134162099, 25.180020485889699, 0.0 ], [ 55.397171106307702, 25.183414690318404, 0.0 ], [ 55.396661681872104, 25.1958905625802, 0.0 ], [ 55.396821781232198, 25.198499365255298, 0.0 ], [ 55.400641143754001, 25.197477598998599, 0.0 ], [ 55.4040929790307, 25.195833031014502, 0.0 ], [ 55.405362436632998, 25.1949567762756, 0.0 ], [ 55.406611881774097, 25.193827757789798, 0.0 ], [ 55.407722289037601, 25.192509226546001, 0.0 ] ] ] } },
{ "type": "Feature", "properties": { "id": "kml_72", "description": "<center><table><tr><th colspan='2' align='center'><em>Attributes</em></th></tr><tr bgcolor=\"#E3E3F3\">\n<th>OBJECTID</th>\n<td>72</td>\n</tr><tr bgcolor=\"\">\n<th>CNAME_E</th>\n<td>NADD AL HAMAR</td>\n</tr><tr bgcolor=\"#E3E3F3\">\n<th>CNAME_A</th>\n<td>ند الحمر</td>\n</tr><tr bgcolor=\"\">\n<th>LABEL_E</th>\n<td>NADD AL HAMAR</td>\n</tr><tr bgcolor=\"#E3E3F3\">\n<th>LABEL_A</th>\n<td>ند الحمر</td>\n</tr><tr bgcolor=\"\">\n<th>C_PREFIX_E</th>\n<td>Community:</td>\n</tr><tr bgcolor=\"#E3E3F3\">\n<th>C_PREFIX_A</th>\n<td>:???????</td>\n</tr><tr bgcolor=\"\">\n<th>COMMUNITY_E</th>\n<td>NADD AL HAMAR - 416</td>\n</tr><tr bgcolor=\"#E3E3F3\">\n<th>COMMUNITY_A</th>\n<td>ند الحمر - 416</td>\n</tr><tr bgcolor=\"\">\n<th>DGIS_ID</th>\n<td>0000143</td>\n</tr><tr bgcolor=\"#E3E3F3\">\n<th>COMM_NUM</th>\n<td>416</td>\n</tr><tr bgcolor=\"\">\n<th>NDGIS_ID</th>\n<td>143</td>\n</tr></table></center>", "COMM_NUM": 416, "CNAME_E": "NADD AL HAMAR", "population": 28189.0, "area_km2": 8.3122335864999997, "pop_density": 3391.266584, "anomaly_morning_mean": 5.8492, "anomaly_morning_median": 5.4111, "anomaly_morning_std": 1.5868, "anomaly_morning_min": 0.9374, "anomaly_morning_max": 9.8101, "anomaly_morning_count": 9229, "anomaly_morning_extreme_pct": 0.1111, "anomaly_afternoon_mean": 0.3466, "anomaly_afternoon_median": 1.5982, "anomaly_afternoon_std": 2.4074, "anomaly_afternoon_min": -5.6336, "anomaly_afternoon_max": 3.4919, "anomaly_afternoon_count": 9229, "anomaly_afternoon_extreme_pct": 0.2664, "anomaly_night_mean": 0.382, "anomaly_night_median": 0.466, "anomaly_night_std": 1.0361, "anomaly_night_min": -2.0653, "anomaly_night_max": 3.361, "anomaly_night_count": 9229, "anomaly_night_extreme_pct": 0.0001, "diurnal_range_mean": -0.0354, "diurnal_range_std": 2.9698, "ndvi_mean": 0.0572, "green_fraction": 0.039, "albedo_mean": 0.3887, "building_density_mean": 0.1612, "building_height_mean": 0.8037, "road_density_mean": 0.0943, "sand_fraction_mean": 0.4943, "water_fraction_mean": 0.0, "dist_to_coast_mean": 12154.9871 }, "geometry": { "type": "Polygon", "coordinates": [ [ [ 55.375982517662301, 25.217473042111695, 0.0 ], [ 55.380287969020699, 25.214050422695198, 0.0 ], [ 55.3812503229342, 25.2135626441756, 0.0 ], [ 55.382311975677901, 25.2132643890636, 0.0 ], [ 55.3984265387626, 25.212292269296896, 0.0 ], [ 55.402792682777203, 25.212335418688699, 0.0 ], [ 55.39771626940211, 25.201387693130997, 0.0 ], [ 55.396821781232198, 25.198499365255298, 0.0 ], [ 55.396661681872104, 25.1958905625802, 0.0 ], [ 55.397171106307702, 25.183414690318404, 0.0 ], [ 55.397070134162099, 25.180020485889699, 0.0 ], [ 55.370842134209298, 25.184922230760002, 0.0 ], [ 55.375768772727298, 25.202036552324195, 0.0 ], [ 55.3762457868241, 25.204175868448299, 0.0 ], [ 55.376434953431101, 25.205999313619898, 0.0 ], [ 55.376396032093297, 25.208183913695901, 0.0 ], [ 55.375436692237606, 25.217364872011103, 0.0 ], [ 55.375982517662301, 25.217473042111695, 0.0 ] ] ] } },
{ "type": "Feature", "properties": { "id": "kml_73", "description": "<center><table><tr><th colspan='2' align='center'><em>Attributes</em></th></tr><tr bgcolor=\"#E3E3F3\">\n<th>OBJECTID</th>\n<td>73</td>\n</tr><tr bgcolor=\"\">\n<th>CNAME_E</th>\n<td>AL BARSHA SECOND</td>\n</tr><tr bgcolor=\"#E3E3F3\">\n<th>CNAME_A</th>\n<td>البرشاء الثانية</td>\n</tr><tr bgcolor=\"\">\n<th>LABEL_E</th>\n<td>AL BARSHA SECOND</td>\n</tr><tr bgcolor=\"#E3E3F3\">\n<th>LABEL_A</th>\n<td>البرشاء الثانية</td>\n</tr><tr bgcolor=\"\">\n<th>C_PREFIX_E</th>\n<td>Community:</td>\n</tr><tr bgcolor=\"#E3E3F3\">\n<th>C_PREFIX_A</th>\n<td>:???????</td>\n</tr><tr bgcolor=\"\">\n<th>COMMUNITY_E</th>\n<td>AL BARSHA SECOND - 376</td>\n</tr><tr bgcolor=\"#E3E3F3\">\n<th>COMMUNITY_A</th>\n<td>البرشاء الثانية - 376</td>\n</tr><tr bgcolor=\"\">\n<th>DGIS_ID</th>\n<td>0000121</td>\n</tr><tr bgcolor=\"#E3E3F3\">\n<th>COMM_NUM</th>\n<td>376</td>\n</tr><tr bgcolor=\"\">\n<th>NDGIS_ID</th>\n<td>121</td>\n</tr></table></center>", "COMM_NUM": 376, "CNAME_E": "AL BARSHA SECOND", "population": 18038.0, "area_km2": 6.4113680464999998, "pop_density": 2813.440107, "anomaly_morning_mean": 4.3124, "anomaly_morning_median": 3.9979, "anomaly_morning_std": 1.8165, "anomaly_morning_min": -6.8541, "anomaly_morning_max": 8.0883, "anomaly_morning_count": 7124, "anomaly_morning_extreme_pct": 0.0, "anomaly_afternoon_mean": -1.286, "anomaly_afternoon_median": -1.5264, "anomaly_afternoon_std": 2.2071, "anomaly_afternoon_min": -12.0138, "anomaly_afternoon_max": 2.7487, "anomaly_afternoon_count": 7124, "anomaly_afternoon_extreme_pct": 0.0013, "anomaly_night_mean": 0.6375, "anomaly_night_median": 0.7072, "anomaly_night_std": 0.9933, "anomaly_night_min": -2.1339, "anomaly_night_max": 3.4744, "anomaly_night_count": 7124, "anomaly_night_extreme_pct": 0.0003, "diurnal_range_mean": -1.9235, "diurnal_range_std": 2.7098, "ndvi_mean": 0.0535, "green_fraction": 0.0182, "albedo_mean": 0.3991, "building_density_mean": 0.196, "building_height_mean": 0.7154, "road_density_mean": 0.0987, "sand_fraction_mean": 0.3316, "water_fraction_mean": 0.0114, "dist_to_coast_mean": 4898.4144 }, "geometry": { "type": "Polygon", "coordinates": [ [ [ 55.211592040772111, 25.116666750252989, 0.0 ], [ 55.233030593582598, 25.102347391521601, 0.0 ], [ 55.232743210268701, 25.102193722981202, 0.0 ], [ 55.217194582807601, 25.084723468907097, 0.0 ], [ 55.203811995706005, 25.094588328649301, 0.0 ], [ 55.203325282013502, 25.095490628841397, 0.0 ], [ 55.203175098812402, 25.096898763435203, 0.0 ], [ 55.201677876794697, 25.097132144207198, 0.0 ], [ 55.200407961661902, 25.098024727973403, 0.0 ], [ 55.1999213659834, 25.098782597114095, 0.0 ], [ 55.199722315291503, 25.099495569073799, 0.0 ], [ 55.199269401368099, 25.105724024506202, 0.0 ], [ 55.201767414177404, 25.106105409666792, 0.0 ], [ 55.203164674620403, 25.106747583447397, 0.0 ], [ 55.204145406846798, 25.107488673444795, 0.0 ], [ 55.211592040772111, 25.116666750252989, 0.0 ] ] ] } },
{ "type": "Feature", "properties": { "id": "kml_75", "description": "<center><table><tr><th colspan='2' align='center'><em>Attributes</em></th></tr><tr bgcolor=\"#E3E3F3\">\n<th>OBJECTID</th>\n<td>75</td>\n</tr><tr bgcolor=\"\">\n<th>CNAME_E</th>\n<td>AL KHABAISI</td>\n</tr><tr bgcolor=\"#E3E3F3\">\n<th>CNAME_A</th>\n<td>الخبيصي</td>\n</tr><tr bgcolor=\"\">\n<th>LABEL_E</th>\n<td>AL KHABAISI</td>\n</tr><tr bgcolor=\"#E3E3F3\">\n<th>LABEL_A</th>\n<td>الخبيصي</td>\n</tr><tr bgcolor=\"\">\n<th>C_PREFIX_E</th>\n<td>Community:</td>\n</tr><tr bgcolor=\"#E3E3F3\">\n<th>C_PREFIX_A</th>\n<td>:???????</td>\n</tr><tr bgcolor=\"\">\n<th>COMMUNITY_E</th>\n<td>AL KHABAISI - 128</td>\n</tr><tr bgcolor=\"#E3E3F3\">\n<th>COMMUNITY_A</th>\n<td>الخبيصي - 128</td>\n</tr><tr bgcolor=\"\">\n<th>DGIS_ID</th>\n<td>0000030</td>\n</tr><tr bgcolor=\"#E3E3F3\">\n<th>COMM_NUM</th>\n<td>128</td>\n</tr><tr bgcolor=\"\">\n<th>NDGIS_ID</th>\n<td>30</td>\n</tr></table></center>", "COMM_NUM": 128, "CNAME_E": "AL KHABAISI", "population": 2344.0, "area_km2": 1.226749013, "pop_density": 1910.741297, "anomaly_morning_mean": 6.7548, "anomaly_morning_median": 6.9133, "anomaly_morning_std": 0.8045, "anomaly_morning_min": 3.6133, "anomaly_morning_max": 8.4148, "anomaly_morning_count": 1369, "anomaly_morning_extreme_pct": 0.0073, "anomaly_afternoon_mean": -0.6521, "anomaly_afternoon_median": -0.6902, "anomaly_afternoon_std": 0.8793, "anomaly_afternoon_min": -5.4798, "anomaly_afternoon_max": 1.7673, "anomaly_afternoon_count": 1369, "anomaly_afternoon_extreme_pct": 0.0, "anomaly_night_mean": 1.4733, "anomaly_night_median": 1.3589, "anomaly_night_std": 0.8464, "anomaly_night_min": -0.7025, "anomaly_night_max": 3.6857, "anomaly_night_count": 1369, "anomaly_night_extreme_pct": 0.0168, "diurnal_range_mean": -2.1254, "diurnal_range_std": 1.0967, "ndvi_mean": 0.0064, "green_fraction": 0.0044, "albedo_mean": 0.389, "building_density_mean": 0.4643, "building_height_mean": 4.1227, "road_density_mean": 0.155, "sand_fraction_mean": 0.0621, "water_fraction_mean": 0.0, "dist_to_coast_mean": 2984.2516 }, "geometry": { "type": "Polygon", "coordinates": [ [ [ 55.349365550317899, 25.275216165906794, 0.0 ], [ 55.333629454210801, 25.261017324321596, 0.0 ], [ 55.332835303082305, 25.262064474489396, 0.0 ], [ 55.331812795946199, 25.262994264988698, 0.0 ], [ 55.329608943241603, 25.264041376271095, 0.0 ], [ 55.330244243058104, 25.265675306390701, 0.0 ], [ 55.3305519323402, 25.268229997281896, 0.0 ], [ 55.3303632544796, 25.270468727238796, 0.0 ], [ 55.334413773601703, 25.271136762264003, 0.0 ], [ 55.337183647499003, 25.271849860779799, 0.0 ], [ 55.346545965833897, 25.275216445263798, 0.0 ], [ 55.348303346194797, 25.276064828994201, 0.0 ], [ 55.349365550317899, 25.275216165906794, 0.0 ] ] ] } },
{ "type": "Feature", "properties": { "id": "kml_77", "description": "<center><table><tr><th colspan='2' align='center'><em>Attributes</em></th></tr><tr bgcolor=\"#E3E3F3\">\n<th>OBJECTID</th>\n<td>77</td>\n</tr><tr bgcolor=\"\">\n<th>CNAME_E</th>\n<td>AL MURAR</td>\n</tr><tr bgcolor=\"#E3E3F3\">\n<th>CNAME_A</th>\n<td>المرر</td>\n</tr><tr bgcolor=\"\">\n<th>LABEL_E</th>\n<td>AL MURAR</td>\n</tr><tr bgcolor=\"#E3E3F3\">\n<th>LABEL_A</th>\n<td>المرر</td>\n</tr><tr bgcolor=\"\">\n<th>C_PREFIX_E</th>\n<td>Community:</td>\n</tr><tr bgcolor=\"#E3E3F3\">\n<th>C_PREFIX_A</th>\n<td>:???????</td>\n</tr><tr bgcolor=\"\">\n<th>COMMUNITY_E</th>\n<td>AL MURAR - 117</td>\n</tr><tr bgcolor=\"#E3E3F3\">\n<th>COMMUNITY_A</th>\n<td>المرر - 117</td>\n</tr><tr bgcolor=\"\">\n<th>DGIS_ID</th>\n<td>0000024</td>\n</tr><tr bgcolor=\"#E3E3F3\">\n<th>COMM_NUM</th>\n<td>117</td>\n</tr><tr bgcolor=\"\">\n<th>NDGIS_ID</th>\n<td>24</td>\n</tr></table></center>", "COMM_NUM": 117, "CNAME_E": "AL MURAR", "population": 43762.0, "area_km2": 0.387711066, "pop_density": 112872.7133, "anomaly_morning_mean": 2.4487, "anomaly_morning_median": 2.2784, "anomaly_morning_std": 0.7588, "anomaly_morning_min": 1.176, "anomaly_morning_max": 4.5587, "anomaly_morning_count": 427, "anomaly_morning_extreme_pct": 0.0, "anomaly_afternoon_mean": -1.4423, "anomaly_afternoon_median": -1.377, "anomaly_afternoon_std": 1.0286, "anomaly_afternoon_min": -11.8917, "anomaly_afternoon_max": 1.1652, "anomaly_afternoon_count": 427, "anomaly_afternoon_extreme_pct": 0.0, "anomaly_night_mean": 2.2601, "anomaly_night_median": 2.3271, "anomaly_night_std": 0.6499, "anomaly_night_min": 0.2312, "anomaly_night_max": 3.4182, "anomaly_night_count": 427, "anomaly_night_extreme_pct": 0.0281, "diurnal_range_mean": -3.7024, "diurnal_range_std": 1.207, "ndvi_mean": 0.0192, "green_fraction": 0.0023, "albedo_mean": 0.336, "building_density_mean": 0.4699, "building_height_mean": 5.8282, "road_density_mean": 0.2147, "sand_fraction_mean": 0.0422, "water_fraction_mean": 0.0023, "dist_to_coast_mean": 667.7462 }, "geometry": { "type": "Polygon", "coordinates": [ [ [ 55.315371482633999, 25.2765970966243, 0.0 ], [ 55.312968918119097, 25.276199590371899, 0.0 ], [ 55.3065062673071, 25.273454305203494, 0.0 ], [ 55.305969814798203, 25.274979794249894, 0.0 ], [ 55.304807780345499, 25.276893328538598, 0.0 ], [ 55.310089031938197, 25.279873211130596, 0.0 ], [ 55.310933151068198, 25.278853274966007, 0.0 ], [ 55.313752814951897, 25.278943947430701, 0.0 ], [ 55.314626548674198, 25.278664219440198, 0.0 ], [ 55.315132992425099, 25.278023355797497, 0.0 ], [ 55.315371482633999, 25.2765970966243, 0.0 ] ] ] } },
{ "type": "Feature", "properties": { "id": "kml_78", "description": "<center><table><tr><th colspan='2' align='center'><em>Attributes</em></th></tr><tr bgcolor=\"#E3E3F3\">\n<th>OBJECTID</th>\n<td>40</td>\n</tr><tr bgcolor=\"\">\n<th>CNAME_E</th>\n<td>AL QUSAIS IND. THIRD</td>\n</tr><tr bgcolor=\"#E3E3F3\">\n<th>CNAME_A</th>\n<td>القصيص الصناعية الثالثة</td>\n</tr><tr bgcolor=\"\">\n<th>LABEL_E</th>\n<td>AL QUSAIS IND. THIRD</td>\n</tr><tr bgcolor=\"#E3E3F3\">\n<th>LABEL_A</th>\n<td>القصيص الصناعية الثالثة</td>\n</tr><tr bgcolor=\"\">\n<th>C_PREFIX_E</th>\n<td>Community:</td>\n</tr><tr bgcolor=\"#E3E3F3\">\n<th>C_PREFIX_A</th>\n<td>:???????</td>\n</tr><tr bgcolor=\"\">\n<th>COMMUNITY_E</th>\n<td>AL QUSAIS IND. THIRD - 246</td>\n</tr><tr bgcolor=\"#E3E3F3\">\n<th>COMMUNITY_A</th>\n<td>القصيص الصناعية الثالثة - 246</td>\n</tr><tr bgcolor=\"\">\n<th>DGIS_ID</th>\n<td>0000003</td>\n</tr><tr bgcolor=\"#E3E3F3\">\n<th>COMM_NUM</th>\n<td>246</td>\n</tr><tr bgcolor=\"\">\n<th>NDGIS_ID</th>\n<td>3</td>\n</tr></table></center>", "COMM_NUM": 246, "CNAME_E": "AL QUSAIS IND. THIRD", "population": 3187.0, "area_km2": 0.92505167264200006, "pop_density": 3445.212948, "anomaly_morning_mean": 5.7053, "anomaly_morning_median": 5.6774, "anomaly_morning_std": 0.983, "anomaly_morning_min": 3.1466, "anomaly_morning_max": 8.3133, "anomaly_morning_count": 1028, "anomaly_morning_extreme_pct": 0.0049, "anomaly_afternoon_mean": -0.9039, "anomaly_afternoon_median": -1.0295, "anomaly_afternoon_std": 1.2535, "anomaly_afternoon_min": -5.4085, "anomaly_afternoon_max": 1.5717, "anomaly_afternoon_count": 1028, "anomaly_afternoon_extreme_pct": 0.0, "anomaly_night_mean": 1.1884, "anomaly_night_median": 1.232, "anomaly_night_std": 1.1205, "anomaly_night_min": -1.6465, "anomaly_night_max": 3.4305, "anomaly_night_count": 1028, "anomaly_night_extreme_pct": 0.0078, "diurnal_range_mean": -2.0922, "diurnal_range_std": 1.8247, "ndvi_mean": 0.0258, "green_fraction": 0.001, "albedo_mean": 0.3773, "building_density_mean": 0.3198, "building_height_mean": 2.8259, "road_density_mean": 0.103, "sand_fraction_mean": 0.2879, "water_fraction_mean": 0.0, "dist_to_coast_mean": 2516.6294 }, "geometry": { "type": "Polygon", "coordinates": [ [ [ 55.396704936362198, 25.298448282813297, 0.0 ], [ 55.395699558512007, 25.293664340071501, 0.0 ], [ 55.394795135682799, 25.292021783904399, 0.0 ], [ 55.385970035836202, 25.297134545926198, 0.0 ], [ 55.384331882625403, 25.2978031279597, 0.0 ], [ 55.382594301921898, 25.298200911577297, 0.0 ], [ 55.3812934955264, 25.2982555029939, 0.0 ], [ 55.379218039846997, 25.298021458303296, 0.0 ], [ 55.377907148677302, 25.297651748580694, 0.0 ], [ 55.3771771767709, 25.297866487749697, 0.0 ], [ 55.386061726767103, 25.302478572533001, 0.0 ], [ 55.396704936362198, 25.298448282813297, 0.0 ] ] ] } },
{ "type": "Feature", "properties": { "id": "kml_79", "description": "<center><table><tr><th colspan='2' align='center'><em>Attributes</em></th></tr><tr bgcolor=\"#E3E3F3\">\n<th>OBJECTID</th>\n<td>41</td>\n</tr><tr bgcolor=\"\">\n<th>CNAME_E</th>\n<td>AL MIZHAR FIRST</td>\n</tr><tr bgcolor=\"#E3E3F3\">\n<th>CNAME_A</th>\n<td>المزهر الأولى</td>\n</tr><tr bgcolor=\"\">\n<th>LABEL_E</th>\n<td>AL MIZHAR FIRST</td>\n</tr><tr bgcolor=\"#E3E3F3\">\n<th>LABEL_A</th>\n<td>المزهر الأولى</td>\n</tr><tr bgcolor=\"\">\n<th>C_PREFIX_E</th>\n<td>Community:</td>\n</tr><tr bgcolor=\"#E3E3F3\">\n<th>C_PREFIX_A</th>\n<td>:???????</td>\n</tr><tr bgcolor=\"\">\n<th>COMMUNITY_E</th>\n<td>AL MIZHAR FIRST - 262</td>\n</tr><tr bgcolor=\"#E3E3F3\">\n<th>COMMUNITY_A</th>\n<td>المزهر الأولى - 262</td>\n</tr><tr bgcolor=\"\">\n<th>DGIS_ID</th>\n<td>0000140</td>\n</tr><tr bgcolor=\"#E3E3F3\">\n<th>COMM_NUM</th>\n<td>262</td>\n</tr><tr bgcolor=\"\">\n<th>NDGIS_ID</th>\n<td>140</td>\n</tr></table></center>", "COMM_NUM": 262, "CNAME_E": "AL MIZHAR FIRST", "population": 19144.0, "area_km2": 6.8646209595009999, "pop_density": 2788.791998, "anomaly_morning_mean": 4.9794, "anomaly_morning_median": 4.7003, "anomaly_morning_std": 0.9324, "anomaly_morning_min": 2.4767, "anomaly_morning_max": 8.4366, "anomaly_morning_count": 7625, "anomaly_morning_extreme_pct": 0.0025, "anomaly_afternoon_mean": -0.4148, "anomaly_afternoon_median": -0.2134, "anomaly_afternoon_std": 2.3942, "anomaly_afternoon_min": -5.668, "anomaly_afternoon_max": 3.058, "anomaly_afternoon_count": 7625, "anomaly_afternoon_extreme_pct": 0.0995, "anomaly_night_mean": 0.5531, "anomaly_night_median": 0.5932, "anomaly_night_std": 0.9368, "anomaly_night_min": -1.9839, "anomaly_night_max": 3.3732, "anomaly_night_count": 7625, "anomaly_night_extreme_pct": 0.0003, "diurnal_range_mean": -0.9679, "diurnal_range_std": 2.8528, "ndvi_mean": 0.0581, "green_fraction": 0.0206, "albedo_mean": 0.3958, "building_density_mean": 0.1726, "building_height_mean": 0.8243, "road_density_mean": 0.1017, "sand_fraction_mean": 0.417, "water_fraction_mean": 0.0, "dist_to_coast_mean": 10411.1801 }, "geometry": { "type": "Polygon", "coordinates": [ [ [ 55.455926070991602, 25.257563193421699, 0.0 ], [ 55.450867480429899, 25.230774664955398, 0.0 ], [ 55.425443883351299, 25.234692444651202, 0.0 ], [ 55.4263904445205, 25.239557503454897, 0.0 ], [ 55.430255952015699, 25.245359492454298, 0.0 ], [ 55.430882386574098, 25.246758291721193, 0.0 ], [ 55.431081862921197, 25.247958773486491, 0.0 ], [ 55.4310527856966, 25.248834428115799, 0.0 ], [ 55.429767521527999, 25.255307749959503, 0.0 ], [ 55.43610155039741, 25.256413818302601, 0.0 ], [ 55.43893184812741, 25.257829085053299, 0.0 ], [ 55.440570099696103, 25.258225099210801, 0.0 ], [ 55.453494359889703, 25.257890169806203, 0.0 ], [ 55.455926070991602, 25.257563193421699, 0.0 ] ] ] } },
{ "type": "Feature", "properties": { "id": "kml_80", "description": "<center><table><tr><th colspan='2' align='center'><em>Attributes</em></th></tr><tr bgcolor=\"#E3E3F3\">\n<th>OBJECTID</th>\n<td>42</td>\n</tr><tr bgcolor=\"\">\n<th>CNAME_E</th>\n<td>MIRDIF</td>\n</tr><tr bgcolor=\"#E3E3F3\">\n<th>CNAME_A</th>\n<td>مردف</td>\n</tr><tr bgcolor=\"\">\n<th>LABEL_E</th>\n<td>MIRDIF</td>\n</tr><tr bgcolor=\"#E3E3F3\">\n<th>LABEL_A</th>\n<td>مردف</td>\n</tr><tr bgcolor=\"\">\n<th>C_PREFIX_E</th>\n<td>Community:</td>\n</tr><tr bgcolor=\"#E3E3F3\">\n<th>C_PREFIX_A</th>\n<td>:???????</td>\n</tr><tr bgcolor=\"\">\n<th>COMMUNITY_E</th>\n<td>MIRDIF - 251</td>\n</tr><tr bgcolor=\"#E3E3F3\">\n<th>COMMUNITY_A</th>\n<td>مردف - 251</td>\n</tr><tr bgcolor=\"\">\n<th>DGIS_ID</th>\n<td>0000066</td>\n</tr><tr bgcolor=\"#E3E3F3\">\n<th>COMM_NUM</th>\n<td>251</td>\n</tr><tr bgcolor=\"\">\n<th>NDGIS_ID</th>\n<td>66</td>\n</tr></table></center>", "COMM_NUM": 251, "CNAME_E": "MIRDIF", "population": 74135.0, "area_km2": 9.350317475872, "pop_density": 7928.607792, "anomaly_morning_mean": 5.0157, "anomaly_morning_median": 4.8414, "anomaly_morning_std": 1.1702, "anomaly_morning_min": 1.4412, "anomaly_morning_max": 8.5782, "anomaly_morning_count": 10390, "anomaly_morning_extreme_pct": 0.007, "anomaly_afternoon_mean": -0.2959, "anomaly_afternoon_median": 0.0037, "anomaly_afternoon_std": 2.4081, "anomaly_afternoon_min": -16.02, "anomaly_afternoon_max": 3.2495, "anomaly_afternoon_count": 10390, "anomaly_afternoon_extreme_pct": 0.1488, "anomaly_night_mean": 0.7409, "anomaly_night_median": 0.8279, "anomaly_night_std": 0.958, "anomaly_night_min": -1.9599, "anomaly_night_max": 3.1893, "anomaly_night_count": 10390, "anomaly_night_extreme_pct": 0.0, "diurnal_range_mean": -1.0367, "diurnal_range_std": 2.8529, "ndvi_mean": 0.0591, "green_fraction": 0.0332, "albedo_mean": 0.3772, "building_density_mean": 0.1971, "building_height_mean": 1.4023, "road_density_mean": 0.1127, "sand_fraction_mean": 0.3858, "water_fraction_mean": 0.0001, "dist_to_coast_mean": 11131.8406 }, "geometry": { "type": "Polygon", "coordinates": [ [ [ 55.441748680728203, 25.221619034337198, 0.0 ], [ 55.437195384184697, 25.214030252792199, 0.0 ], [ 55.431111173120399, 25.217022660765195, 0.0 ], [ 55.430111421855699, 25.215265513507799, 0.0 ], [ 55.427947824871509, 25.207649786432096, 0.0 ], [ 55.428211255028302, 25.206977180055894, 0.0 ], [ 55.406722179543898, 25.212315466005901, 0.0 ], [ 55.402792682777203, 25.212335418688699, 0.0 ], [ 55.404611194791599, 25.216803024224198, 0.0 ], [ 55.405099170562103, 25.219736631271701, 0.0 ], [ 55.405020930496406, 25.221713627490796, 0.0 ], [ 55.404349432968303, 25.227428170521105, 0.0 ], [ 55.403398067917699, 25.229802777480899, 0.0 ], [ 55.403469325452306, 25.232917125557307, 0.0 ], [ 55.406646258052099, 25.234630749683596, 0.0 ], [ 55.411658547568102, 25.235052464609993, 0.0 ], [ 55.4195588409452, 25.2352195729923, 0.0 ], [ 55.423885855628903, 25.234919087365206, 0.0 ], [ 55.442403055585203, 25.232081069855504, 0.0 ], [ 55.442037103060699, 25.222331971247598, 0.0 ], [ 55.441748680728203, 25.221619034337198, 0.0 ] ] ] } },
{ "type": "Feature", "properties": { "id": "kml_82", "description": "<center><table><tr><th colspan='2' align='center'><em>Attributes</em></th></tr><tr bgcolor=\"#E3E3F3\">\n<th>OBJECTID</th>\n<td>44</td>\n</tr><tr bgcolor=\"\">\n<th>CNAME_E</th>\n<td>AL BARSHA SOUTH FIFTH</td>\n</tr><tr bgcolor=\"#E3E3F3\">\n<th>CNAME_A</th>\n<td>البرشاء جنوب الخامسة</td>\n</tr><tr bgcolor=\"\">\n<th>LABEL_E</th>\n<td>AL BARSHA SOUTH FIFTH</td>\n</tr><tr bgcolor=\"#E3E3F3\">\n<th>LABEL_A</th>\n<td>البرشاء جنوب الخامسة</td>\n</tr><tr bgcolor=\"\">\n<th>C_PREFIX_E</th>\n<td>Community:</td>\n</tr><tr bgcolor=\"#E3E3F3\">\n<th>C_PREFIX_A</th>\n<td>:???????</td>\n</tr><tr bgcolor=\"\">\n<th>COMMUNITY_E</th>\n<td>AL BARSHA SOUTH FIFTH - 684</td>\n</tr><tr bgcolor=\"#E3E3F3\">\n<th>COMMUNITY_A</th>\n<td>البرشاء جنوب الخامسة - 684</td>\n</tr><tr bgcolor=\"\">\n<th>DGIS_ID</th>\n<td>0000155</td>\n</tr><tr bgcolor=\"#E3E3F3\">\n<th>COMM_NUM</th>\n<td>684</td>\n</tr><tr bgcolor=\"\">\n<th>NDGIS_ID</th>\n<td>155</td>\n</tr></table></center>", "COMM_NUM": 684, "CNAME_E": "AL BARSHA SOUTH FIFTH", "population": 16398.0, "area_km2": 2.9513786180650001, "pop_density": 5556.04757, "anomaly_morning_mean": 4.7487, "anomaly_morning_median": 4.5784, "anomaly_morning_std": 1.0057, "anomaly_morning_min": 1.0637, "anomaly_morning_max": 7.868, "anomaly_morning_count": 3285, "anomaly_morning_extreme_pct": 0.0, "anomaly_afternoon_mean": -1.6409, "anomaly_afternoon_median": -2.1888, "anomaly_afternoon_std": 2.0108, "anomaly_afternoon_min": -5.3818, "anomaly_afternoon_max": 2.7379, "anomaly_afternoon_count": 3285, "anomaly_afternoon_extreme_pct": 0.003, "anomaly_night_mean": 1.2241, "anomaly_night_median": 1.3386, "anomaly_night_std": 0.8509, "anomaly_night_min": -1.8596, "anomaly_night_max": 3.4064, "anomaly_night_count": 3285, "anomaly_night_extreme_pct": 0.0006, "diurnal_range_mean": -2.865, "diurnal_range_std": 2.1272, "ndvi_mean": 0.0851, "green_fraction": 0.0499, "albedo_mean": 0.3526, "building_density_mean": 0.1397, "building_height_mean": 0.9565, "road_density_mean": 0.1696, "sand_fraction_mean": 0.1419, "water_fraction_mean": 0.0, "dist_to_coast_mean": 6475.6268 }, "geometry": { "type": "Polygon", "coordinates": [ [ [ 55.1986704000795, 25.0636554023014, 0.0 ], [ 55.196869997357098, 25.061135695248101, 0.0 ], [ 55.196365812726498, 25.059997779977294, 0.0 ], [ 55.195703783923697, 25.058218771826102, 0.0 ], [ 55.195289523914496, 25.056439990859605, 0.0 ], [ 55.195123102314497, 25.054616293170305, 0.0 ], [ 55.195214206518202, 25.052910217817995, 0.0 ], [ 55.195960844850802, 25.049877694556095, 0.0 ], [ 55.19683529168941, 25.047720951067195, 0.0 ], [ 55.199545426952099, 25.043318041026801, 0.0 ], [ 55.196048095289498, 25.042719041534401, 0.0 ], [ 55.192105254597507, 25.041794550190701, 0.0 ], [ 55.188707422963198, 25.040915622841496, 0.0 ], [ 55.186310509589703, 25.039992474521803, 0.0 ], [ 55.184290348336098, 25.038925227310799, 0.0 ], [ 55.1811022323296, 25.0368366629348, 0.0 ], [ 55.170341227170908, 25.029359576630497, 0.0 ], [ 55.168573836476099, 25.030749331107994, 0.0 ], [ 55.198228705947407, 25.064081427714999, 0.0 ], [ 55.1986704000795, 25.0636554023014, 0.0 ] ] ] } },
{ "type": "Feature", "properties": { "id": "kml_83", "description": "<center><table><tr><th colspan='2' align='center'><em>Attributes</em></th></tr><tr bgcolor=\"#E3E3F3\">\n<th>OBJECTID</th>\n<td>45</td>\n</tr><tr bgcolor=\"\">\n<th>CNAME_E</th>\n<td>AL SAFA SECOND</td>\n</tr><tr bgcolor=\"#E3E3F3\">\n<th>CNAME_A</th>\n<td>الصفا الثانية</td>\n</tr><tr bgcolor=\"\">\n<th>LABEL_E</th>\n<td>AL SAFA SECOND</td>\n</tr><tr bgcolor=\"#E3E3F3\">\n<th>LABEL_A</th>\n<td>الصفا الثانية</td>\n</tr><tr bgcolor=\"\">\n<th>C_PREFIX_E</th>\n<td>Community:</td>\n</tr><tr bgcolor=\"#E3E3F3\">\n<th>C_PREFIX_A</th>\n<td>:???????</td>\n</tr><tr bgcolor=\"\">\n<th>COMMUNITY_E</th>\n<td>AL SAFA SECOND - 357</td>\n</tr><tr bgcolor=\"#E3E3F3\">\n<th>COMMUNITY_A</th>\n<td>الصفا الثانية - 357</td>\n</tr><tr bgcolor=\"\">\n<th>DGIS_ID</th>\n<td>0000101</td>\n</tr><tr bgcolor=\"#E3E3F3\">\n<th>COMM_NUM</th>\n<td>357</td>\n</tr><tr bgcolor=\"\">\n<th>NDGIS_ID</th>\n<td>101</td>\n</tr></table></center>", "COMM_NUM": 357, "CNAME_E": "AL SAFA SECOND", "population": 7913.0, "area_km2": 1.8927945565, "pop_density": 4180.591059, "anomaly_morning_mean": 2.6693, "anomaly_morning_median": 2.5104, "anomaly_morning_std": 0.9699, "anomaly_morning_min": 0.5775, "anomaly_morning_max": 6.1759, "anomaly_morning_count": 2102, "anomaly_morning_extreme_pct": 0.0, "anomaly_afternoon_mean": -2.4639, "anomaly_afternoon_median": -2.7526, "anomaly_afternoon_std": 1.6967, "anomaly_afternoon_min": -6.1933, "anomaly_afternoon_max": 1.3564, "anomaly_afternoon_count": 2102, "anomaly_afternoon_extreme_pct": 0.0, "anomaly_night_mean": 1.2442, "anomaly_night_median": 1.3018, "anomaly_night_std": 0.7185, "anomaly_night_min": -1.3838, "anomaly_night_max": 3.1252, "anomaly_night_count": 2102, "anomaly_night_extreme_pct": 0.0, "diurnal_range_mean": -3.7081, "diurnal_range_std": 1.9064, "ndvi_mean": 0.0693, "green_fraction": 0.0366, "albedo_mean": 0.3673, "building_density_mean": 0.2157, "building_height_mean": 1.752, "road_density_mean": 0.1508, "sand_fraction_mean": 0.1732, "water_fraction_mean": 0.0, "dist_to_coast_mean": 1828.0611 }, "geometry": { "type": "Polygon", "coordinates": [ [ [ 55.232164600633702, 25.166738585834398, 0.0 ], [ 55.234457370758101, 25.164988844582101, 0.0 ], [ 55.234943865775598, 25.164420450610301, 0.0 ], [ 55.229820683806999, 25.158495065655693, 0.0 ], [ 55.223986769568903, 25.149337208632801, 0.0 ], [ 55.215938233035097, 25.154693254332898, 0.0 ], [ 55.227658734382302, 25.169642217614399, 0.0 ], [ 55.232164600633702, 25.166738585834398, 0.0 ] ] ] } },
{ "type": "Feature", "properties": { "id": "kml_84", "description": "<center><table><tr><th colspan='2' align='center'><em>Attributes</em></th></tr><tr bgcolor=\"#E3E3F3\">\n<th>OBJECTID</th>\n<td>46</td>\n</tr><tr bgcolor=\"\">\n<th>CNAME_E</th>\n<td>ME'AISEM FIRST</td>\n</tr><tr bgcolor=\"#E3E3F3\">\n<th>CNAME_A</th>\n<td>معيصم الأولى</td>\n</tr><tr bgcolor=\"\">\n<th>LABEL_E</th>\n<td>ME'AISEM FIRST</td>\n</tr><tr bgcolor=\"#E3E3F3\">\n<th>LABEL_A</th>\n<td>معيصم الأولى</td>\n</tr><tr bgcolor=\"\">\n<th>C_PREFIX_E</th>\n<td>Community:</td>\n</tr><tr bgcolor=\"#E3E3F3\">\n<th>C_PREFIX_A</th>\n<td>:???????</td>\n</tr><tr bgcolor=\"\">\n<th>COMMUNITY_E</th>\n<td>ME'AISEM FIRST - 685</td>\n</tr><tr bgcolor=\"#E3E3F3\">\n<th>COMMUNITY_A</th>\n<td>معيصم الأولى - 685</td>\n</tr><tr bgcolor=\"\">\n<th>DGIS_ID</th>\n<td>0000163</td>\n</tr><tr bgcolor=\"#E3E3F3\">\n<th>COMM_NUM</th>\n<td>685</td>\n</tr><tr bgcolor=\"\">\n<th>NDGIS_ID</th>\n<td>163</td>\n</tr></table></center>", "COMM_NUM": 685, "CNAME_E": "ME'AISEM FIRST", "population": 26334.0, "area_km2": 16.423985395034002, "pop_density": 1603.386716, "anomaly_morning_mean": 5.4343, "anomaly_morning_median": 6.1003, "anomaly_morning_std": 2.6037, "anomaly_morning_min": -7.1153, "anomaly_morning_max": 10.5377, "anomaly_morning_count": 18248, "anomaly_morning_extreme_pct": 0.1194, "anomaly_afternoon_mean": -1.124, "anomaly_afternoon_median": -0.0418, "anomaly_afternoon_std": 2.6005, "anomaly_afternoon_min": -16.1155, "anomaly_afternoon_max": 2.9758, "anomaly_afternoon_count": 18248, "anomaly_afternoon_extreme_pct": 0.0072, "anomaly_night_mean": -0.6177, "anomaly_night_median": -0.8245, "anomaly_night_std": 1.2904, "anomaly_night_min": -2.7232, "anomaly_night_max": 3.9097, "anomaly_night_count": 18248, "anomaly_night_extreme_pct": 0.0026, "diurnal_range_mean": -0.5063, "diurnal_range_std": 3.1187, "ndvi_mean": 0.0817, "green_fraction": 0.1249, "albedo_mean": 0.4327, "building_density_mean": 0.066, "building_height_mean": 0.4805, "road_density_mean": 0.0593, "sand_fraction_mean": 0.4895, "water_fraction_mean": 0.0041, "dist_to_coast_mean": 8410.349 }, "geometry": { "type": "Polygon", "coordinates": [ [ [ 55.216198083957003, 25.011358166707996, 0.0 ], [ 55.214406362928905, 25.010555964366201, 0.0 ], [ 55.2093359275339, 25.010673513299196, 0.0 ], [ 55.204583893115398, 25.010498748085698, 0.0 ], [ 55.201850239448703, 25.009936654349804, 0.0 ], [ 55.197294888638901, 25.0083798354583, 0.0 ], [ 55.195324659587108, 25.007330835691896, 0.0 ], [ 55.192978914891398, 25.005496067311697, 0.0 ], [ 55.190674157241702, 25.002541896245901, 0.0 ], [ 55.1886779851745, 24.9983963640124, 0.0 ], [ 55.1878584032928, 24.996192863556502, 0.0 ], [ 55.184627630579207, 24.997489624323702, 0.0 ], [ 55.181317155611701, 24.999102194160798, 0.0 ], [ 55.178660508663, 25.000616059843697, 0.0 ], [ 55.175616816638197, 25.002635023198899, 0.0 ], [ 55.173227081505402, 25.004465043182602, 0.0 ], [ 55.170519546552001, 25.006845350857095, 0.0 ], [ 55.168019703834197, 25.009406387957597, 0.0 ], [ 55.165112397849001, 25.0128335555905, 0.0 ], [ 55.163842645471703, 25.014050817945201, 0.0 ], [ 55.160897439312002, 25.016078604775604, 0.0 ], [ 55.158151460930803, 25.017276043512901, 0.0 ], [ 55.161000003274502, 25.020673686138505, 0.0 ], [ 55.163502961198006, 25.023321602583003, 0.0 ], [ 55.168945650259602, 25.028247666954396, 0.0 ], [ 55.173875200033798, 25.031882060094102, 0.0 ], [ 55.184290348336098, 25.038925227310799, 0.0 ], [ 55.186310509589703, 25.039992474521803, 0.0 ], [ 55.188707422963198, 25.040915622841496, 0.0 ], [ 55.196048095289498, 25.042719041534401, 0.0 ], [ 55.199545426952099, 25.043318041026801, 0.0 ], [ 55.201917567859901, 25.039745302127095, 0.0 ], [ 55.208081281409697, 25.029712130272298, 0.0 ], [ 55.208835901289802, 25.028123936402896, 0.0 ], [ 55.211787086650602, 25.019532258105301, 0.0 ], [ 55.212710550560601, 25.017411551682695, 0.0 ], [ 55.214377997164398, 25.014271352135491, 0.0 ], [ 55.216198083957003, 25.011358166707996, 0.0 ] ] ] } },
{ "type": "Feature", "properties": { "id": "kml_85", "description": "<center><table><tr><th colspan='2' align='center'><em>Attributes</em></th></tr><tr bgcolor=\"#E3E3F3\">\n<th>OBJECTID</th>\n<td>47</td>\n</tr><tr bgcolor=\"\">\n<th>CNAME_E</th>\n<td>AL SABKHA</td>\n</tr><tr bgcolor=\"#E3E3F3\">\n<th>CNAME_A</th>\n<td>السبخة</td>\n</tr><tr bgcolor=\"\">\n<th>LABEL_E</th>\n<td>AL SABKHA</td>\n</tr><tr bgcolor=\"#E3E3F3\">\n<th>LABEL_A</th>\n<td>السبخة</td>\n</tr><tr bgcolor=\"\">\n<th>C_PREFIX_E</th>\n<td>Community:</td>\n</tr><tr bgcolor=\"#E3E3F3\">\n<th>C_PREFIX_A</th>\n<td>:???????</td>\n</tr><tr bgcolor=\"\">\n<th>COMMUNITY_E</th>\n<td>AL SABKHA - 115</td>\n</tr><tr bgcolor=\"#E3E3F3\">\n<th>COMMUNITY_A</th>\n<td>السبخة - 115</td>\n</tr><tr bgcolor=\"\">\n<th>DGIS_ID</th>\n<td>0000036</td>\n</tr><tr bgcolor=\"#E3E3F3\">\n<th>COMM_NUM</th>\n<td>115</td>\n</tr><tr bgcolor=\"\">\n<th>NDGIS_ID</th>\n<td>36</td>\n</tr></table></center>", "COMM_NUM": 115, "CNAME_E": "AL SABKHA", "population": 4767.0, "area_km2": 0.075481463210999994, "pop_density": 63154.57858, "anomaly_morning_mean": 1.9757, "anomaly_morning_median": 2.363, "anomaly_morning_std": 2.0516, "anomaly_morning_min": -5.2077, "anomaly_morning_max": 4.8626, "anomaly_morning_count": 85, "anomaly_morning_extreme_pct": 0.0, "anomaly_afternoon_mean": -1.5302, "anomaly_afternoon_median": -1.0234, "anomaly_afternoon_std": 2.609, "anomaly_afternoon_min": -11.7524, "anomaly_afternoon_max": 1.1729, "anomaly_afternoon_count": 85, "anomaly_afternoon_extreme_pct": 0.0, "anomaly_night_mean": 2.2744, "anomaly_night_median": 2.3807, "anomaly_night_std": 0.6012, "anomaly_night_min": 0.9473, "anomaly_night_max": 3.4893, "anomaly_night_count": 85, "anomaly_night_extreme_pct": 0.0471, "diurnal_range_mean": -3.8046, "diurnal_range_std": 2.4322, "ndvi_mean": 0.0074, "green_fraction": 0.0, "albedo_mean": 0.3339, "building_density_mean": 0.5081, "building_height_mean": 4.4897, "road_density_mean": 0.1142, "sand_fraction_mean": 0.0118, "water_fraction_mean": 0.0588, "dist_to_coast_mean": 1015.5599 }, "geometry": { "type": "Polygon", "coordinates": [ [ [ 55.3032409480629, 25.269472704264796, 0.0 ], [ 55.303333137248302, 25.267438843610798, 0.0 ], [ 55.303636990215402, 25.267239636279296, 0.0 ], [ 55.303558593845899, 25.266839473841294, 0.0 ], [ 55.301786592410899, 25.267110969819196, 0.0 ], [ 55.301772064971097, 25.267892645958195, 0.0 ], [ 55.301950755642302, 25.267910738360293, 0.0 ], [ 55.301950674405099, 25.268226688678901, 0.0 ], [ 55.302367632045097, 25.268262885343098, 0.0 ], [ 55.302049771689603, 25.268921800404993, 0.0 ], [ 55.300480712582399, 25.270772025324398, 0.0 ], [ 55.302376729947902, 25.271494607044893, 0.0 ], [ 55.302684759587898, 25.270429467750297, 0.0 ], [ 55.3032409480629, 25.269472704264796, 0.0 ] ] ] } },
{ "type": "Feature", "properties": { "id": "kml_86", "description": "<center><table><tr><th colspan='2' align='center'><em>Attributes</em></th></tr><tr bgcolor=\"#E3E3F3\">\n<th>OBJECTID</th>\n<td>48</td>\n</tr><tr bgcolor=\"\">\n<th>CNAME_E</th>\n<td>MUHAISNAH FIRST</td>\n</tr><tr bgcolor=\"#E3E3F3\">\n<th>CNAME_A</th>\n<td>محيصنة الأولى</td>\n</tr><tr bgcolor=\"\">\n<th>LABEL_E</th>\n<td>MUHAISNAH FIRST</td>\n</tr><tr bgcolor=\"#E3E3F3\">\n<th>LABEL_A</th>\n<td>محيصنة الأولى</td>\n</tr><tr bgcolor=\"\">\n<th>C_PREFIX_E</th>\n<td>Community:</td>\n</tr><tr bgcolor=\"#E3E3F3\">\n<th>C_PREFIX_A</th>\n<td>:???????</td>\n</tr><tr bgcolor=\"\">\n<th>COMMUNITY_E</th>\n<td>MUHAISNAH FIRST - 261</td>\n</tr><tr bgcolor=\"#E3E3F3\">\n<th>COMMUNITY_A</th>\n<td>محيصنة الأولى - 261</td>\n</tr><tr bgcolor=\"\">\n<th>DGIS_ID</th>\n<td>0000053</td>\n</tr><tr bgcolor=\"#E3E3F3\">\n<th>COMM_NUM</th>\n<td>261</td>\n</tr><tr bgcolor=\"\">\n<th>NDGIS_ID</th>\n<td>53</td>\n</tr></table></center>", "COMM_NUM": 261, "CNAME_E": "MUHAISNAH FIRST", "population": 9547.0, "area_km2": 4.973393311, "pop_density": 1919.614919, "anomaly_morning_mean": 4.9071, "anomaly_morning_median": 4.668, "anomaly_morning_std": 1.0637, "anomaly_morning_min": 2.449, "anomaly_morning_max": 8.2333, "anomaly_morning_count": 5518, "anomaly_morning_extreme_pct": 0.0014, "anomaly_afternoon_mean": -1.0196, "anomaly_afternoon_median": -0.4607, "anomaly_afternoon_std": 2.2223, "anomaly_afternoon_min": -6.1334, "anomaly_afternoon_max": 2.9387, "anomaly_afternoon_count": 5518, "anomaly_afternoon_extreme_pct": 0.0043, "anomaly_night_mean": 0.5899, "anomaly_night_median": 0.6631, "anomaly_night_std": 1.0062, "anomaly_night_min": -2.0156, "anomaly_night_max": 3.7179, "anomaly_night_count": 5518, "anomaly_night_extreme_pct": 0.0004, "diurnal_range_mean": -1.6094, "diurnal_range_std": 2.761, "ndvi_mean": 0.0718, "green_fraction": 0.0401, "albedo_mean": 0.3815, "building_density_mean": 0.1264, "building_height_mean": 0.6958, "road_density_mean": 0.1276, "sand_fraction_mean": 0.4007, "water_fraction_mean": 0.0, "dist_to_coast_mean": 8889.2729 }, "geometry": { "type": "Polygon", "coordinates": [ [ [ 55.426290965905103, 25.2392596691171, 0.0 ], [ 55.425443883351299, 25.234692444651202, 0.0 ], [ 55.422109436132601, 25.235091681914099, 0.0 ], [ 55.4195588409452, 25.2352195729923, 0.0 ], [ 55.410656087230997, 25.234971738888998, 0.0 ], [ 55.406646258052099, 25.234630749683596, 0.0 ], [ 55.403469325452306, 25.232917125557307, 0.0 ], [ 55.403918614876801, 25.237556886796998, 0.0 ], [ 55.404686084784402, 25.243108235528702, 0.0 ], [ 55.405156722407298, 25.250149203939397, 0.0 ], [ 55.405554704519901, 25.2517377917228, 0.0 ], [ 55.406418235087202, 25.251656122394696, 0.0 ], [ 55.412195757314997, 25.2524114323375, 0.0 ], [ 55.429767521527999, 25.255307749959503, 0.0 ], [ 55.4310527856966, 25.248834428115799, 0.0 ], [ 55.431081862921197, 25.247958773486491, 0.0 ], [ 55.430882386574098, 25.246758291721193, 0.0 ], [ 55.430255952015699, 25.245359492454298, 0.0 ], [ 55.426539549757997, 25.239855306411496, 0.0 ], [ 55.426290965905103, 25.2392596691171, 0.0 ] ] ] } },
{ "type": "Feature", "properties": { "id": "kml_87", "description": "<center><table><tr><th colspan='2' align='center'><em>Attributes</em></th></tr><tr bgcolor=\"#E3E3F3\">\n<th>OBJECTID</th>\n<td>49</td>\n</tr><tr bgcolor=\"\">\n<th>CNAME_E</th>\n<td>AL WARQA'A SECOND</td>\n</tr><tr bgcolor=\"#E3E3F3\">\n<th>CNAME_A</th>\n<td>الورقاء الثانية</td>\n</tr><tr bgcolor=\"\">\n<th>LABEL_E</th>\n<td>AL WARQA'A SECOND</td>\n</tr><tr bgcolor=\"#E3E3F3\">\n<th>LABEL_A</th>\n<td>الورقاء الثانية</td>\n</tr><tr bgcolor=\"\">\n<th>C_PREFIX_E</th>\n<td>Community:</td>\n</tr><tr bgcolor=\"#E3E3F3\">\n<th>C_PREFIX_A</th>\n<td>:???????</td>\n</tr><tr bgcolor=\"\">\n<th>COMMUNITY_E</th>\n<td>AL WARQA'A SECOND - 422</td>\n</tr><tr bgcolor=\"#E3E3F3\">\n<th>COMMUNITY_A</th>\n<td>الورقاء الثانية - 422</td>\n</tr><tr bgcolor=\"\">\n<th>DGIS_ID</th>\n<td>0000078</td>\n</tr><tr bgcolor=\"#E3E3F3\">\n<th>COMM_NUM</th>\n<td>422</td>\n</tr><tr bgcolor=\"\">\n<th>NDGIS_ID</th>\n<td>78</td>\n</tr></table></center>", "COMM_NUM": 422, "CNAME_E": "AL WARQA'A SECOND", "population": 12358.0, "area_km2": 3.5634350164999997, "pop_density": 3468.002066, "anomaly_morning_mean": 5.3837, "anomaly_morning_median": 5.2089, "anomaly_morning_std": 1.0142, "anomaly_morning_min": 1.5227, "anomaly_morning_max": 8.7932, "anomaly_morning_count": 3963, "anomaly_morning_extreme_pct": 0.0167, "anomaly_afternoon_mean": 0.2346, "anomaly_afternoon_median": 0.7279, "anomaly_afternoon_std": 2.3339, "anomaly_afternoon_min": -5.1202, "anomaly_afternoon_max": 3.3408, "anomaly_afternoon_count": 3963, "anomaly_afternoon_extreme_pct": 0.2904, "anomaly_night_mean": 0.6968, "anomaly_night_median": 0.7847, "anomaly_night_std": 0.9823, "anomaly_night_min": -1.7168, "anomaly_night_max": 3.2999, "anomaly_night_count": 3963, "anomaly_night_extreme_pct": 0.0003, "diurnal_range_mean": -0.4622, "diurnal_range_std": 2.8602, "ndvi_mean": 0.0508, "green_fraction": 0.0262, "albedo_mean": 0.3917, "building_density_mean": 0.1598, "building_height_mean": 0.6438, "road_density_mean": 0.108, "sand_fraction_mean": 0.4539, "water_fraction_mean": 0.0, "dist_to_coast_mean": 12486.5425 }, "geometry": { "type": "Polygon", "coordinates": [ [ [ 55.406722179543898, 25.212315466005901, 0.0 ], [ 55.421008756989508, 25.208769006382898, 0.0 ], [ 55.417996382559508, 25.200393506468, 0.0 ], [ 55.416098803796601, 25.196738560504901, 0.0 ], [ 55.4151155514867, 25.195240577284398, 0.0 ], [ 55.413993636459601, 25.194067652450698, 0.0 ], [ 55.412733042015901, 25.193201719517297, 0.0 ], [ 55.408485488381999, 25.191290163222092, 0.0 ], [ 55.407722289037601, 25.192509226546001, 0.0 ], [ 55.406611881774097, 25.193827757789798, 0.0 ], [ 55.405362436632998, 25.1949567762756, 0.0 ], [ 55.4040929790307, 25.195833031014502, 0.0 ], [ 55.400641143754001, 25.197477598998599, 0.0 ], [ 55.396821781232198, 25.198499365255298, 0.0 ], [ 55.39771626940211, 25.201387693130997, 0.0 ], [ 55.402792682777203, 25.212335418688699, 0.0 ], [ 55.406722179543898, 25.212315466005901, 0.0 ] ] ] } },
{ "type": "Feature", "properties": { "id": "kml_88", "description": "<center><table><tr><th colspan='2' align='center'><em>Attributes</em></th></tr><tr bgcolor=\"#E3E3F3\">\n<th>OBJECTID</th>\n<td>50</td>\n</tr><tr bgcolor=\"\">\n<th>CNAME_E</th>\n<td>AL QUSAIS IND. SECOND</td>\n</tr><tr bgcolor=\"#E3E3F3\">\n<th>CNAME_A</th>\n<td>القصيص الصناعية الثانية</td>\n</tr><tr bgcolor=\"\">\n<th>LABEL_E</th>\n<td>AL QUSAIS IND. SECOND</td>\n</tr><tr bgcolor=\"#E3E3F3\">\n<th>LABEL_A</th>\n<td>القصيص الصناعية الثانية</td>\n</tr><tr bgcolor=\"\">\n<th>C_PREFIX_E</th>\n<td>Community:</td>\n</tr><tr bgcolor=\"#E3E3F3\">\n<th>C_PREFIX_A</th>\n<td>:???????</td>\n</tr><tr bgcolor=\"\">\n<th>COMMUNITY_E</th>\n<td>AL QUSAIS IND. SECOND - 243</td>\n</tr><tr bgcolor=\"#E3E3F3\">\n<th>COMMUNITY_A</th>\n<td>القصيص الصناعية الثانية - 243</td>\n</tr><tr bgcolor=\"\">\n<th>DGIS_ID</th>\n<td>0000012</td>\n</tr><tr bgcolor=\"#E3E3F3\">\n<th>COMM_NUM</th>\n<td>243</td>\n</tr><tr bgcolor=\"\">\n<th>NDGIS_ID</th>\n<td>12</td>\n</tr></table></center>", "COMM_NUM": 243, "CNAME_E": "AL QUSAIS IND. SECOND", "population": 10901.0, "area_km2": 1.7283328154990001, "pop_density": 6307.234291, "anomaly_morning_mean": 5.6851, "anomaly_morning_median": 5.6916, "anomaly_morning_std": 0.8618, "anomaly_morning_min": 2.3677, "anomaly_morning_max": 8.0052, "anomaly_morning_count": 1915, "anomaly_morning_extreme_pct": 0.0, "anomaly_afternoon_mean": -0.239, "anomaly_afternoon_median": 0.155, "anomaly_afternoon_std": 1.3435, "anomaly_afternoon_min": -4.8952, "anomaly_afternoon_max": 1.922, "anomaly_afternoon_count": 1915, "anomaly_afternoon_extreme_pct": 0.0, "anomaly_night_mean": 0.7695, "anomaly_night_median": 0.7682, "anomaly_night_std": 1.0786, "anomaly_night_min": -1.5619, "anomaly_night_max": 3.2403, "anomaly_night_count": 1915, "anomaly_night_extreme_pct": 0.001, "diurnal_range_mean": -1.0085, "diurnal_range_std": 1.9273, "ndvi_mean": 0.0336, "green_fraction": 0.0167, "albedo_mean": 0.3851, "building_density_mean": 0.2078, "building_height_mean": 1.5595, "road_density_mean": 0.0868, "sand_fraction_mean": 0.4329, "water_fraction_mean": 0.0, "dist_to_coast_mean": 4151.4298 }, "geometry": { "type": "Polygon", "coordinates": [ [ [ 55.394795135682799, 25.292021783904399, 0.0 ], [ 55.400929585271101, 25.288471441432701, 0.0 ], [ 55.398316179169598, 25.284663168129601, 0.0 ], [ 55.397600581752499, 25.283300384897501, 0.0 ], [ 55.3966957838228, 25.280836368997797, 0.0 ], [ 55.396197778532802, 25.277776382861596, 0.0 ], [ 55.396293540253097, 25.270951822586497, 0.0 ], [ 55.384730517722502, 25.277654442240088, 0.0 ], [ 55.394795135682799, 25.292021783904399, 0.0 ] ] ] } },
{ "type": "Feature", "properties": { "id": "kml_89", "description": "<center><table><tr><th colspan='2' align='center'><em>Attributes</em></th></tr><tr bgcolor=\"#E3E3F3\">\n<th>OBJECTID</th>\n<td>51</td>\n</tr><tr bgcolor=\"\">\n<th>CNAME_E</th>\n<td>WADI AL SAFA 5</td>\n</tr><tr bgcolor=\"#E3E3F3\">\n<th>CNAME_A</th>\n<td>وادي الصفا 5</td>\n</tr><tr bgcolor=\"\">\n<th>LABEL_E</th>\n<td>WADI AL SAFA 5</td>\n</tr><tr bgcolor=\"#E3E3F3\">\n<th>LABEL_A</th>\n<td>وادي الصفا 5</td>\n</tr><tr bgcolor=\"\">\n<th>C_PREFIX_E</th>\n<td>Community:</td>\n</tr><tr bgcolor=\"#E3E3F3\">\n<th>C_PREFIX_A</th>\n<td>:???????</td>\n</tr><tr bgcolor=\"\">\n<th>COMMUNITY_E</th>\n<td>WADI AL SAFA 5 - 648</td>\n</tr><tr bgcolor=\"#E3E3F3\">\n<th>COMMUNITY_A</th>\n<td>وادي الصفا 5 - 648</td>\n</tr><tr bgcolor=\"\">\n<th>DGIS_ID</th>\n<td>0000228</td>\n</tr><tr bgcolor=\"#E3E3F3\">\n<th>COMM_NUM</th>\n<td>648</td>\n</tr><tr bgcolor=\"\">\n<th>NDGIS_ID</th>\n<td>228</td>\n</tr></table></center>", "COMM_NUM": 648, "CNAME_E": "WADI AL SAFA 5", "population": 30756.0, "area_km2": 16.319666857196999, "pop_density": 1884.597294, "anomaly_morning_mean": 5.097, "anomaly_morning_median": 5.6661, "anomaly_morning_std": 2.2918, "anomaly_morning_min": -7.0662, "anomaly_morning_max": 9.0308, "anomaly_morning_count": 18129, "anomaly_morning_extreme_pct": 0.0225, "anomaly_afternoon_mean": -0.7676, "anomaly_afternoon_median": -0.2529, "anomaly_afternoon_std": 3.1787, "anomaly_afternoon_min": -16.2103, "anomaly_afternoon_max": 4.0733, "anomaly_afternoon_count": 18129, "anomaly_afternoon_extreme_pct": 0.2242, "anomaly_night_mean": 0.0672, "anomaly_night_median": 0.2391, "anomaly_night_std": 1.4131, "anomaly_night_min": -2.6762, "anomaly_night_max": 4.9218, "anomaly_night_count": 18129, "anomaly_night_extreme_pct": 0.0024, "diurnal_range_mean": -0.8349, "diurnal_range_std": 3.9745, "ndvi_mean": 0.0784, "green_fraction": 0.0868, "albedo_mean": 0.4216, "building_density_mean": 0.062, "building_height_mean": 0.3148, "road_density_mean": 0.0762, "sand_fraction_mean": 0.4629, "water_fraction_mean": 0.0117, "dist_to_coast_mean": 17384.2114 }, "geometry": { "type": "Polygon", "coordinates": [ [ [ 55.3789238812899, 25.103402217157598, 0.0 ], [ 55.390272400844601, 25.089560552770401, 0.0 ], [ 55.392117253656906, 25.087524685176298, 0.0 ], [ 55.384723737549599, 25.082094575436201, 0.0 ], [ 55.375971921745702, 25.076461381835998, 0.0 ], [ 55.3710714368707, 25.0739105759782, 0.0 ], [ 55.362671319176599, 25.070509625702496, 0.0 ], [ 55.3583548150932, 25.069021663182795, 0.0 ], [ 55.348205777612598, 25.066789919496799, 0.0 ], [ 55.3437730172082, 25.066045925096496, 0.0 ], [ 55.339106982541303, 25.065514484050603, 0.0 ], [ 55.332691296649003, 25.064025841045996, 0.0 ], [ 55.327792164064206, 25.062324317295499, 0.0 ], [ 55.320093924682702, 25.0584956234134, 0.0 ], [ 55.316711595560598, 25.056262163946801, 0.0 ], [ 55.312862976896497, 25.053177837820495, 0.0 ], [ 55.308775861859502, 25.0493919952666, 0.0 ], [ 55.301165435154509, 25.058273472044299, 0.0 ], [ 55.360062665513802, 25.092860927192298, 0.0 ], [ 55.376092448341097, 25.101925725040399, 0.0 ], [ 55.3789238812899, 25.103402217157598, 0.0 ] ] ] } },
{ "type": "Feature", "properties": { "id": "kml_90", "description": "<center><table><tr><th colspan='2' align='center'><em>Attributes</em></th></tr><tr bgcolor=\"#E3E3F3\">\n<th>OBJECTID</th>\n<td>52</td>\n</tr><tr bgcolor=\"\">\n<th>CNAME_E</th>\n<td>JABAL ALI SECOND</td>\n</tr><tr bgcolor=\"#E3E3F3\">\n<th>CNAME_A</th>\n<td>جبل علي الثانية</td>\n</tr><tr bgcolor=\"\">\n<th>LABEL_E</th>\n<td>JABAL ALI SECOND</td>\n</tr><tr bgcolor=\"#E3E3F3\">\n<th>LABEL_A</th>\n<td>جبل علي الثانية</td>\n</tr><tr bgcolor=\"\">\n<th>C_PREFIX_E</th>\n<td>Community:</td>\n</tr><tr bgcolor=\"#E3E3F3\">\n<th>C_PREFIX_A</th>\n<td>:???????</td>\n</tr><tr bgcolor=\"\">\n<th>COMMUNITY_E</th>\n<td>JABAL ALI SECOND - 592</td>\n</tr><tr bgcolor=\"#E3E3F3\">\n<th>COMMUNITY_A</th>\n<td>جبل علي الثانية - 592</td>\n</tr><tr bgcolor=\"\">\n<th>DGIS_ID</th>\n<td>0000240</td>\n</tr><tr bgcolor=\"#E3E3F3\">\n<th>COMM_NUM</th>\n<td>592</td>\n</tr><tr bgcolor=\"\">\n<th>NDGIS_ID</th>\n<td>240</td>\n</tr></table></center>", "COMM_NUM": 592, "CNAME_E": "JABAL ALI SECOND", "population": 1921.0, "area_km2": 5.0595960638960005, "pop_density": 379.6745779, "anomaly_morning_mean": 3.4368, "anomaly_morning_median": 3.9201, "anomaly_morning_std": 1.983, "anomaly_morning_min": -7.6356, "anomaly_morning_max": 7.3418, "anomaly_morning_count": 5622, "anomaly_morning_extreme_pct": 0.0, "anomaly_afternoon_mean": -1.2632, "anomaly_afternoon_median": -0.6972, "anomaly_afternoon_std": 1.8331, "anomaly_afternoon_min": -11.8225, "anomaly_afternoon_max": 1.3142, "anomaly_afternoon_count": 5622, "anomaly_afternoon_extreme_pct": 0.0, "anomaly_night_mean": 1.1843, "anomaly_night_median": 1.2844, "anomaly_night_std": 1.2434, "anomaly_night_min": -1.923, "anomaly_night_max": 4.1493, "anomaly_night_count": 5622, "anomaly_night_extreme_pct": 0.0105, "diurnal_range_mean": -2.4475, "diurnal_range_std": 1.8169, "ndvi_mean": 0.0317, "green_fraction": 0.0342, "albedo_mean": 0.3843, "building_density_mean": 0.114, "building_height_mean": 1.005, "road_density_mean": 0.0373, "sand_fraction_mean": 0.1667, "water_fraction_mean": 0.0028, "dist_to_coast_mean": 658.6829 }, "geometry": { "type": "Polygon", "coordinates": [ [ [ 55.132688688785898, 25.064747547380996, 0.0 ], [ 55.122088100898999, 25.052476313333301, 0.0 ], [ 55.117950666257798, 25.047965637881397, 0.0 ], [ 55.110845491177599, 25.039374937106999, 0.0 ], [ 55.108374674192099, 25.036744851758801, 0.0 ], [ 55.097645218602999, 25.044484864039095, 0.0 ], [ 55.102147390688799, 25.049371315553397, 0.0 ], [ 55.103625029940403, 25.051302071115295, 0.0 ], [ 55.105000319301709, 25.052449042659205, 0.0 ], [ 55.1060732285857, 25.052912248475703, 0.0 ], [ 55.106849679352003, 25.053475442352795, 0.0 ], [ 55.1099405002739, 25.056619011417595, 0.0 ], [ 55.118740022733498, 25.066398773071299, 0.0 ], [ 55.118585415270402, 25.066792792317997, 0.0 ], [ 55.118908375008999, 25.0671610697439, 0.0 ], [ 55.119217211048202, 25.066988894308096, 0.0 ], [ 55.121522330920698, 25.069370512075, 0.0 ], [ 55.121715405255998, 25.069185925209197, 0.0 ], [ 55.123498003838598, 25.071091810112499, 0.0 ], [ 55.1239465455944, 25.070861911865499, 0.0 ], [ 55.124349685603597, 25.071271798233202, 0.0 ], [ 55.1241919131893, 25.071505294254692, 0.0 ], [ 55.132688688785898, 25.064747547380996, 0.0 ] ] ] } },
{ "type": "Feature", "properties": { "id": "kml_91", "description": "<center><table><tr><th colspan='2' align='center'><em>Attributes</em></th></tr><tr bgcolor=\"#E3E3F3\">\n<th>OBJECTID</th>\n<td>53</td>\n</tr><tr bgcolor=\"\">\n<th>CNAME_E</th>\n<td>AL WARQA'A THIRD</td>\n</tr><tr bgcolor=\"#E3E3F3\">\n<th>CNAME_A</th>\n<td>الورقاء الثالثة</td>\n</tr><tr bgcolor=\"\">\n<th>LABEL_E</th>\n<td>AL WARQA'A THIRD</td>\n</tr><tr bgcolor=\"#E3E3F3\">\n<th>LABEL_A</th>\n<td>الورقاء الثالثة</td>\n</tr><tr bgcolor=\"\">\n<th>C_PREFIX_E</th>\n<td>Community:</td>\n</tr><tr bgcolor=\"#E3E3F3\">\n<th>C_PREFIX_A</th>\n<td>:???????</td>\n</tr><tr bgcolor=\"\">\n<th>COMMUNITY_E</th>\n<td>AL WARQA'A THIRD - 423</td>\n</tr><tr bgcolor=\"#E3E3F3\">\n<th>COMMUNITY_A</th>\n<td>الورقاء الثالثة - 423</td>\n</tr><tr bgcolor=\"\">\n<th>DGIS_ID</th>\n<td>0000082</td>\n</tr><tr bgcolor=\"#E3E3F3\">\n<th>COMM_NUM</th>\n<td>423</td>\n</tr><tr bgcolor=\"\">\n<th>NDGIS_ID</th>\n<td>82</td>\n</tr></table></center>", "COMM_NUM": 423, "CNAME_E": "AL WARQA'A THIRD", "population": 16898.0, "area_km2": 6.220073248, "pop_density": 2716.688265, "anomaly_morning_mean": 5.7345, "anomaly_morning_median": 5.6447, "anomaly_morning_std": 0.9353, "anomaly_morning_min": 2.6973, "anomaly_morning_max": 8.6071, "anomaly_morning_count": 6910, "anomaly_morning_extreme_pct": 0.0098, "anomaly_afternoon_mean": 0.6056, "anomaly_afternoon_median": 1.8175, "anomaly_afternoon_std": 2.3027, "anomaly_afternoon_min": -5.3721, "anomaly_afternoon_max": 3.7194, "anomaly_afternoon_count": 6910, "anomaly_afternoon_extreme_pct": 0.3835, "anomaly_night_mean": 0.6737, "anomaly_night_median": 0.7469, "anomaly_night_std": 1.1105, "anomaly_night_min": -2.0865, "anomaly_night_max": 3.0928, "anomaly_night_count": 6910, "anomaly_night_extreme_pct": 0.0, "diurnal_range_mean": -0.0681, "diurnal_range_std": 2.981, "ndvi_mean": 0.0509, "green_fraction": 0.021, "albedo_mean": 0.4071, "building_density_mean": 0.132, "building_height_mean": 0.672, "road_density_mean": 0.1009, "sand_fraction_mean": 0.5077, "water_fraction_mean": 0.0, "dist_to_coast_mean": 14217.8894 }, "geometry": { "type": "Polygon", "coordinates": [ [ [ 55.421008756989508, 25.208769006382898, 0.0 ], [ 55.434768696486898, 25.205320846112905, 0.0 ], [ 55.437268158029802, 25.204154599029092, 0.0 ], [ 55.439479490512603, 25.202600337093198, 0.0 ], [ 55.434356394260007, 25.198677090721603, 0.0 ], [ 55.431179746423602, 25.196621017620501, 0.0 ], [ 55.42989871283131, 25.195186529372496, 0.0 ], [ 55.429123669787003, 25.193706566723296, 0.0 ], [ 55.428775432975399, 25.192442978643399, 0.0 ], [ 55.427418630003999, 25.182685397181302, 0.0 ], [ 55.4275067358546, 25.1811507085167, 0.0 ], [ 55.428209600252302, 25.179227454740396, 0.0 ], [ 55.4284071450544, 25.178116975660199, 0.0 ], [ 55.428356669043403, 25.1769886010911, 0.0 ], [ 55.427719611807198, 25.174172504113294, 0.0 ], [ 55.408397876607197, 25.177839604700996, 0.0 ], [ 55.409322851331801, 25.181702798261501, 0.0 ], [ 55.409831317008504, 25.185737717564798, 0.0 ], [ 55.409584925424198, 25.188355746417194, 0.0 ], [ 55.409109687739203, 25.189944785636197, 0.0 ], [ 55.408485488381999, 25.191290163222092, 0.0 ], [ 55.412991087694998, 25.193336989379098, 0.0 ], [ 55.414321243500297, 25.194365372302702, 0.0 ], [ 55.415304237332499, 25.1955022626965, 0.0 ], [ 55.416098803796601, 25.196738560504901, 0.0 ], [ 55.418195129721099, 25.200835726806496, 0.0 ], [ 55.421008756989508, 25.208769006382898, 0.0 ] ] ] } },
{ "type": "Feature", "properties": { "id": "kml_92", "description": "<center><table><tr><th colspan='2' align='center'><em>Attributes</em></th></tr><tr bgcolor=\"#E3E3F3\">\n<th>OBJECTID</th>\n<td>54</td>\n</tr><tr bgcolor=\"\">\n<th>CNAME_E</th>\n<td>AL ATHBAH</td>\n</tr><tr bgcolor=\"#E3E3F3\">\n<th>CNAME_A</th>\n<td>العذبة</td>\n</tr><tr bgcolor=\"\">\n<th>LABEL_E</th>\n<td>Al Athbah</td>\n</tr><tr bgcolor=\"#E3E3F3\">\n<th>LABEL_A</th>\n<td>العذبة</td>\n</tr><tr bgcolor=\"\">\n<th>C_PREFIX_E</th>\n<td>Community:</td>\n</tr><tr bgcolor=\"#E3E3F3\">\n<th>C_PREFIX_A</th>\n<td>:???????</td>\n</tr><tr bgcolor=\"\">\n<th>COMMUNITY_E</th>\n<td>Al Athbah - 431</td>\n</tr><tr bgcolor=\"#E3E3F3\">\n<th>COMMUNITY_A</th>\n<td>العذبة - 431</td>\n</tr><tr bgcolor=\"\">\n<th>DGIS_ID</th>\n<td>0000153</td>\n</tr><tr bgcolor=\"#E3E3F3\">\n<th>COMM_NUM</th>\n<td>431</td>\n</tr><tr bgcolor=\"\">\n<th>NDGIS_ID</th>\n<td>153</td>\n</tr></table></center>", "COMM_NUM": 431, "CNAME_E": "AL ATHBAH", "population": 341.0, "area_km2": 10.54106465331, "pop_density": 32.34967351, "anomaly_morning_mean": 8.3474, "anomaly_morning_median": 8.5227, "anomaly_morning_std": 0.7011, "anomaly_morning_min": 5.8053, "anomaly_morning_max": 9.4866, "anomaly_morning_count": 11711, "anomaly_morning_extreme_pct": 0.6889, "anomaly_afternoon_mean": 3.0901, "anomaly_afternoon_median": 3.3174, "anomaly_afternoon_std": 1.5027, "anomaly_afternoon_min": -4.7276, "anomaly_afternoon_max": 5.2448, "anomaly_afternoon_count": 11711, "anomaly_afternoon_extreme_pct": 0.8162, "anomaly_night_mean": -1.3778, "anomaly_night_median": -1.8434, "anomaly_night_std": 1.2576, "anomaly_night_min": -3.0124, "anomaly_night_max": 3.7661, "anomaly_night_count": 11711, "anomaly_night_extreme_pct": 0.0054, "diurnal_range_mean": 4.4679, "diurnal_range_std": 2.4682, "ndvi_mean": 0.0477, "green_fraction": 0.0026, "albedo_mean": 0.4527, "building_density_mean": 0.0083, "building_height_mean": 0.0567, "road_density_mean": 0.0378, "sand_fraction_mean": 0.909, "water_fraction_mean": 0.0, "dist_to_coast_mean": 18992.3921 }, "geometry": { "type": "Polygon", "coordinates": [ [ [ 55.495509906074801, 25.164444419724301, 0.0 ], [ 55.475882722379602, 25.165151195230997, 0.0 ], [ 55.460062093177001, 25.168036911079401, 0.0 ], [ 55.462573439230802, 25.179093126086805, 0.0 ], [ 55.4645392202344, 25.189815757763292, 0.0 ], [ 55.496709628496497, 25.1846474245115, 0.0 ], [ 55.504041367160902, 25.182555647113297, 0.0 ], [ 55.5116308323501, 25.179781085359799, 0.0 ], [ 55.515062207531201, 25.177682059646301, 0.0 ], [ 55.511265754002508, 25.174691465667905, 0.0 ], [ 55.506301111082799, 25.171375325226997, 0.0 ], [ 55.497664049617299, 25.166185469181993, 0.0 ], [ 55.495509906074801, 25.164444419724301, 0.0 ] ] ] } },
{ "type": "Feature", "properties": { "id": "kml_93", "description": "<center><table><tr><th colspan='2' align='center'><em>Attributes</em></th></tr><tr bgcolor=\"#E3E3F3\">\n<th>OBJECTID</th>\n<td>55</td>\n</tr><tr bgcolor=\"\">\n<th>CNAME_E</th>\n<td>JUMEIRA SECOND</td>\n</tr><tr bgcolor=\"#E3E3F3\">\n<th>CNAME_A</th>\n<td>جميرا الثانية</td>\n</tr><tr bgcolor=\"\">\n<th>LABEL_E</th>\n<td>JUMEIRA SECOND</td>\n</tr><tr bgcolor=\"#E3E3F3\">\n<th>LABEL_A</th>\n<td>جميرا الثانية</td>\n</tr><tr bgcolor=\"\">\n<th>C_PREFIX_E</th>\n<td>Community:</td>\n</tr><tr bgcolor=\"#E3E3F3\">\n<th>C_PREFIX_A</th>\n<td>:???????</td>\n</tr><tr bgcolor=\"\">\n<th>COMMUNITY_E</th>\n<td>JUMEIRA SECOND - 342</td>\n</tr><tr bgcolor=\"#E3E3F3\">\n<th>COMMUNITY_A</th>\n<td>جميرا الثانية - 342</td>\n</tr><tr bgcolor=\"\">\n<th>DGIS_ID</th>\n<td>0000081</td>\n</tr><tr bgcolor=\"#E3E3F3\">\n<th>COMM_NUM</th>\n<td>342</td>\n</tr><tr bgcolor=\"\">\n<th>NDGIS_ID</th>\n<td>81</td>\n</tr></table></center>", "COMM_NUM": 342, "CNAME_E": "JUMEIRA SECOND", "population": 12024.0, "area_km2": 3.3685505824569999, "pop_density": 3569.487738, "anomaly_morning_mean": -0.3307, "anomaly_morning_median": 1.3211, "anomaly_morning_std": 3.9614, "anomaly_morning_min": -11.6108, "anomaly_morning_max": 4.7478, "anomaly_morning_count": 3741, "anomaly_morning_extreme_pct": 0.0, "anomaly_afternoon_mean": -3.6654, "anomaly_afternoon_median": -2.9325, "anomaly_afternoon_std": 3.6171, "anomaly_afternoon_min": -12.4962, "anomaly_afternoon_max": 1.3998, "anomaly_afternoon_count": 3741, "anomaly_afternoon_extreme_pct": 0.0, "anomaly_night_mean": 1.379, "anomaly_night_median": 1.4129, "anomaly_night_std": 0.7703, "anomaly_night_min": -1.5243, "anomaly_night_max": 4.3549, "anomaly_night_count": 3741, "anomaly_night_extreme_pct": 0.0091, "diurnal_range_mean": -5.0444, "diurnal_range_std": 3.8467, "ndvi_mean": 0.0446, "green_fraction": 0.0182, "albedo_mean": 0.3645, "building_density_mean": 0.1429, "building_height_mean": 0.9423, "road_density_mean": 0.0876, "sand_fraction_mean": 0.065, "water_fraction_mean": 0.143, "dist_to_coast_mean": 408.7495 }, "geometry": { "type": "Polygon", "coordinates": [ [ [ 55.230839740011305, 25.198902049752995, 0.0 ], [ 55.228642524662099, 25.202381840281195, 0.0 ], [ 55.227238502931797, 25.203659470260998, 0.0 ], [ 55.226311935098302, 25.205647604304101, 0.0 ], [ 55.231825427072401, 25.208592505327598, 0.0 ], [ 55.232769136104402, 25.207636866516701, 0.0 ], [ 55.234812115850303, 25.2040790377016, 0.0 ], [ 55.236572446765408, 25.206351536973294, 0.0 ], [ 55.238562549240797, 25.205204691829199, 0.0 ], [ 55.240528492386403, 25.206874323763799, 0.0 ], [ 55.242222919666801, 25.208631017095701, 0.0 ], [ 55.242648758557699, 25.209425990021693, 0.0 ], [ 55.242769224723801, 25.210346000474399, 0.0 ], [ 55.241792633943597, 25.210326107930204, 0.0 ], [ 55.241778200810899, 25.210505650327498, 0.0 ], [ 55.2428182174611, 25.210569074939102, 0.0 ], [ 55.243796387207198, 25.209939209680503, 0.0 ], [ 55.243564206052, 25.209624605783699, 0.0 ], [ 55.2438738278681, 25.209432739374506, 0.0 ], [ 55.2439845870326, 25.209580491627101, 0.0 ], [ 55.244222056908001, 25.209433328789398, 0.0 ], [ 55.244344472794602, 25.2095987991991, 0.0 ], [ 55.245714092141696, 25.208741977210803, 0.0 ], [ 55.246655873088997, 25.209979252162398, 0.0 ], [ 55.249147173960807, 25.208996724751998, 0.0 ], [ 55.253693157040701, 25.206886873317799, 0.0 ], [ 55.252127046334301, 25.204394507815003, 0.0 ], [ 55.241006189175003, 25.188445889011799, 0.0 ], [ 55.234186426214798, 25.193379375803602, 0.0 ], [ 55.234919823210298, 25.194363834178397, 0.0 ], [ 55.234630767881903, 25.194537614460593, 0.0 ], [ 55.235045722068101, 25.195260719444796, 0.0 ], [ 55.233414053456499, 25.195795473827399, 0.0 ], [ 55.231076550977697, 25.197567194759202, 0.0 ], [ 55.230630393229298, 25.197476081868299, 0.0 ], [ 55.230452269208804, 25.196824327441497, 0.0 ], [ 55.229719132023405, 25.197269931289501, 0.0 ], [ 55.230839740011305, 25.198902049752995, 0.0 ] ] ] } },
{ "type": "Feature", "properties": { "id": "kml_94", "description": "<center><table><tr><th colspan='2' align='center'><em>Attributes</em></th></tr><tr bgcolor=\"#E3E3F3\">\n<th>OBJECTID</th>\n<td>56</td>\n</tr><tr bgcolor=\"\">\n<th>CNAME_E</th>\n<td>AL KHEERAN FIRST</td>\n</tr><tr bgcolor=\"#E3E3F3\">\n<th>CNAME_A</th>\n<td>الخيران الأولى </td>\n</tr><tr bgcolor=\"\">\n<th>LABEL_E</th>\n<td>AL KHEERAN FIRST</td>\n</tr><tr bgcolor=\"#E3E3F3\">\n<th>LABEL_A</th>\n<td>الخيران الأولى </td>\n</tr><tr bgcolor=\"\">\n<th>C_PREFIX_E</th>\n<td>Community:</td>\n</tr><tr bgcolor=\"#E3E3F3\">\n<th>C_PREFIX_A</th>\n<td>:???????</td>\n</tr><tr bgcolor=\"\">\n<th>COMMUNITY_E</th>\n<td>AL KHEERAN FIRST - 415</td>\n</tr><tr bgcolor=\"#E3E3F3\">\n<th>COMMUNITY_A</th>\n<td>الخيران الأولى  - 415</td>\n</tr><tr bgcolor=\"\">\n<th>DGIS_ID</th>\n<td>0000166</td>\n</tr><tr bgcolor=\"#E3E3F3\">\n<th>COMM_NUM</th>\n<td>415</td>\n</tr><tr bgcolor=\"\">\n<th>NDGIS_ID</th>\n<td>166</td>\n</tr></table></center>", "COMM_NUM": 415, "CNAME_E": "AL KHEERAN FIRST", "population": 16956.0, "area_km2": 7.3342751240239998, "pop_density": 2311.884912, "anomaly_morning_mean": 5.1034, "anomaly_morning_median": 6.2028, "anomaly_morning_std": 3.3706, "anomaly_morning_min": -10.5908, "anomaly_morning_max": 8.8702, "anomaly_morning_count": 8155, "anomaly_morning_extreme_pct": 0.0227, "anomaly_afternoon_mean": -0.464, "anomaly_afternoon_median": 0.2138, "anomaly_afternoon_std": 3.3034, "anomaly_afternoon_min": -16.1298, "anomaly_afternoon_max": 3.1865, "anomaly_afternoon_count": 8155, "anomaly_afternoon_extreme_pct": 0.0522, "anomaly_night_mean": -0.2271, "anomaly_night_median": -0.1812, "anomaly_night_std": 1.2041, "anomaly_night_min": -2.6585, "anomaly_night_max": 4.7548, "anomaly_night_count": 8155, "anomaly_night_extreme_pct": 0.0044, "diurnal_range_mean": -0.2368, "diurnal_range_std": 3.8875, "ndvi_mean": 0.0321, "green_fraction": 0.0135, "albedo_mean": 0.4485, "building_density_mean": 0.0336, "building_height_mean": 0.297, "road_density_mean": 0.0524, "sand_fraction_mean": 0.3556, "water_fraction_mean": 0.0358, "dist_to_coast_mean": 10290.6487 }, "geometry": { "type": "Polygon", "coordinates": [ [ [ 55.341152411690501, 25.205150870647795, 0.0 ], [ 55.340645119627005, 25.205720802543098, 0.0 ], [ 55.3424169628437, 25.209766050711401, 0.0 ], [ 55.341863115630296, 25.210317411258092, 0.0 ], [ 55.342357486077802, 25.210815512004494, 0.0 ], [ 55.342732878505601, 25.210441803317998, 0.0 ], [ 55.346519359319203, 25.211104297366205, 0.0 ], [ 55.356581989567204, 25.2083381181105, 0.0 ], [ 55.374074804603701, 25.204046950744498, 0.0 ], [ 55.37352408684, 25.201875546750003, 0.0 ], [ 55.374399656067197, 25.2016636898318, 0.0 ], [ 55.374231819754797, 25.201089459864196, 0.0 ], [ 55.375406517762997, 25.200805178725105, 0.0 ], [ 55.370842154056398, 25.184922248809499, 0.0 ], [ 55.3678164828059, 25.185518783583202, 0.0 ], [ 55.364145861210297, 25.185862629098697, 0.0 ], [ 55.346466840698398, 25.185431946271095, 0.0 ], [ 55.3462601822255, 25.186205573024594, 0.0 ], [ 55.3458438701769, 25.1991059305189, 0.0 ], [ 55.339965090705597, 25.201236350512698, 0.0 ], [ 55.339309614702998, 25.202622781063198, 0.0 ], [ 55.340264712103, 25.2048034929316, 0.0 ], [ 55.341152411690501, 25.205150870647795, 0.0 ] ] ] } },
{ "type": "Feature", "properties": { "id": "kml_95", "description": "<center><table><tr><th colspan='2' align='center'><em>Attributes</em></th></tr><tr bgcolor=\"#E3E3F3\">\n<th>OBJECTID</th>\n<td>57</td>\n</tr><tr bgcolor=\"\">\n<th>CNAME_E</th>\n<td>NADD AL SHIBA FIRST</td>\n</tr><tr bgcolor=\"#E3E3F3\">\n<th>CNAME_A</th>\n<td>ند الشبا الأولى</td>\n</tr><tr bgcolor=\"\">\n<th>LABEL_E</th>\n<td>NADD AL SHIBA FIRST</td>\n</tr><tr bgcolor=\"#E3E3F3\">\n<th>LABEL_A</th>\n<td>ند الشبا الأولى</td>\n</tr><tr bgcolor=\"\">\n<th>C_PREFIX_E</th>\n<td>Community:</td>\n</tr><tr bgcolor=\"#E3E3F3\">\n<th>C_PREFIX_A</th>\n<td>:???????</td>\n</tr><tr bgcolor=\"\">\n<th>COMMUNITY_E</th>\n<td>NADD AL SHIBA FIRST - 618</td>\n</tr><tr bgcolor=\"#E3E3F3\">\n<th>COMMUNITY_A</th>\n<td>ند الشبا الأولى - 618</td>\n</tr><tr bgcolor=\"\">\n<th>DGIS_ID</th>\n<td>0000235</td>\n</tr><tr bgcolor=\"#E3E3F3\">\n<th>COMM_NUM</th>\n<td>618</td>\n</tr><tr bgcolor=\"\">\n<th>NDGIS_ID</th>\n<td>235</td>\n</tr></table></center>", "COMM_NUM": 618, "CNAME_E": "NADD AL SHIBA FIRST", "population": 8754.0, "area_km2": 23.819489892419, "pop_density": 367.5141676, "anomaly_morning_mean": 4.9924, "anomaly_morning_median": 5.1492, "anomaly_morning_std": 2.3356, "anomaly_morning_min": -4.7604, "anomaly_morning_max": 9.522, "anomaly_morning_count": 26468, "anomaly_morning_extreme_pct": 0.0952, "anomaly_afternoon_mean": -0.95, "anomaly_afternoon_median": 0.1805, "anomaly_afternoon_std": 2.9311, "anomaly_afternoon_min": -16.0364, "anomaly_afternoon_max": 3.1143, "anomaly_afternoon_count": 26468, "anomaly_afternoon_extreme_pct": 0.0544, "anomaly_night_mean": -0.6648, "anomaly_night_median": -0.755, "anomaly_night_std": 1.192, "anomaly_night_min": -2.7797, "anomaly_night_max": 3.308, "anomaly_night_count": 26468, "anomaly_night_extreme_pct": 0.0001, "diurnal_range_mean": -0.2853, "diurnal_range_std": 3.5405, "ndvi_mean": 0.0968, "green_fraction": 0.1385, "albedo_mean": 0.4125, "building_density_mean": 0.0499, "building_height_mean": 0.4498, "road_density_mean": 0.0389, "sand_fraction_mean": 0.4722, "water_fraction_mean": 0.0012, "dist_to_coast_mean": 9841.8425 }, "geometry": { "type": "Polygon", "coordinates": [ [ [ 55.3031542867258, 25.128072779223498, 0.0 ], [ 55.298509139226702, 25.125409205321397, 0.0 ], [ 55.296498552822896, 25.1245294633272, 0.0 ], [ 55.295274629326201, 25.130750490911804, 0.0 ], [ 55.293228264408299, 25.1307687010096, 0.0 ], [ 55.280619836106808, 25.127343587758499, 0.0 ], [ 55.281636512783408, 25.133054483558201, 0.0 ], [ 55.282115519312903, 25.139127376891093, 0.0 ], [ 55.283030251970303, 25.139923375253598, 0.0 ], [ 55.290576279819398, 25.140158367523295, 0.0 ], [ 55.288059148399803, 25.146747228652597, 0.0 ], [ 55.287687549997599, 25.147313108221205, 0.0 ], [ 55.286733037409299, 25.150445752461, 0.0 ], [ 55.285355383344303, 25.150864458934297, 0.0 ], [ 55.284296346481199, 25.1524770185937, 0.0 ], [ 55.285685379251703, 25.153895244224895, 0.0 ], [ 55.287607647759899, 25.155230860007098, 0.0 ], [ 55.288704542718499, 25.154136491271103, 0.0 ], [ 55.291185277832298, 25.155719963749096, 0.0 ], [ 55.291706751270702, 25.155829386576201, 0.0 ], [ 55.292864710135703, 25.155642833621901, 0.0 ], [ 55.293200075941201, 25.156235846240598, 0.0 ], [ 55.292579904038, 25.156445407861899, 0.0 ], [ 55.2925564701304, 25.156673710551896, 0.0 ], [ 55.296435601959999, 25.160079061877898, 0.0 ], [ 55.296881203836598, 25.160109178935496, 0.0 ], [ 55.297371107540201, 25.1605642647982, 0.0 ], [ 55.297342000235503, 25.160921043040798, 0.0 ], [ 55.300522718027899, 25.163875607778198, 0.0 ], [ 55.300753751532604, 25.163807448671097, 0.0 ], [ 55.301379320846699, 25.1644431596314, 0.0 ], [ 55.301500751579702, 25.164784055834801, 0.0 ], [ 55.302453283419403, 25.165668786382597, 0.0 ], [ 55.303435341977199, 25.1656866362875, 0.0 ], [ 55.30385599932, 25.166871857652502, 0.0 ], [ 55.305035977204106, 25.168054065179696, 0.0 ], [ 55.306611088061203, 25.1690721198501, 0.0 ], [ 55.309746638483304, 25.169918417870093, 0.0 ], [ 55.312964043201298, 25.1699065823471, 0.0 ], [ 55.324034554857001, 25.170638359144199, 0.0 ], [ 55.347820626358903, 25.140159985399002, 0.0 ], [ 55.350979462672697, 25.136373028721898, 0.0 ], [ 55.340742953906805, 25.130955301131895, 0.0 ], [ 55.339804966590002, 25.132593686217998, 0.0 ], [ 55.335931432112098, 25.128862605381695, 0.0 ], [ 55.333703074121203, 25.126393302317204, 0.0 ], [ 55.332719294791403, 25.1259451128007, 0.0 ], [ 55.332110165479698, 25.129756833580799, 0.0 ], [ 55.324395503463599, 25.128792767018997, 0.0 ], [ 55.325340462843897, 25.126803397284498, 0.0 ], [ 55.314808333216, 25.119217872974499, 0.0 ], [ 55.312760002671503, 25.119525128043097, 0.0 ], [ 55.304109145394598, 25.128284661307493, 0.0 ], [ 55.3031542867258, 25.128072779223498, 0.0 ] ] ] } },
{ "type": "Feature", "properties": { "id": "kml_97", "description": "<center><table><tr><th colspan='2' align='center'><em>Attributes</em></th></tr><tr bgcolor=\"#E3E3F3\">\n<th>OBJECTID</th>\n<td>59</td>\n</tr><tr bgcolor=\"\">\n<th>CNAME_E</th>\n<td>AL MURAQQABAT</td>\n</tr><tr bgcolor=\"#E3E3F3\">\n<th>CNAME_A</th>\n<td>المرقبات</td>\n</tr><tr bgcolor=\"\">\n<th>LABEL_E</th>\n<td>AL MURAQQABAT</td>\n</tr><tr bgcolor=\"#E3E3F3\">\n<th>LABEL_A</th>\n<td>المرقبات</td>\n</tr><tr bgcolor=\"\">\n<th>C_PREFIX_E</th>\n<td>Community:</td>\n</tr><tr bgcolor=\"#E3E3F3\">\n<th>C_PREFIX_A</th>\n<td>:???????</td>\n</tr><tr bgcolor=\"\">\n<th>COMMUNITY_E</th>\n<td>AL MURAQQABAT - 124</td>\n</tr><tr bgcolor=\"#E3E3F3\">\n<th>COMMUNITY_A</th>\n<td>المرقبات - 124</td>\n</tr><tr bgcolor=\"\">\n<th>DGIS_ID</th>\n<td>0000039</td>\n</tr><tr bgcolor=\"#E3E3F3\">\n<th>COMM_NUM</th>\n<td>124</td>\n</tr><tr bgcolor=\"\">\n<th>NDGIS_ID</th>\n<td>39</td>\n</tr></table></center>", "COMM_NUM": 124, "CNAME_E": "AL MURAQQABAT", "population": 78016.0, "area_km2": 1.5054747764999998, "pop_density": 51821.52582, "anomaly_morning_mean": 3.3121, "anomaly_morning_median": 3.1354, "anomaly_morning_std": 0.9364, "anomaly_morning_min": 1.2382, "anomaly_morning_max": 6.7802, "anomaly_morning_count": 1668, "anomaly_morning_extreme_pct": 0.0, "anomaly_afternoon_mean": -1.8516, "anomaly_afternoon_median": -1.9148, "anomaly_afternoon_std": 1.3157, "anomaly_afternoon_min": -6.5646, "anomaly_afternoon_max": 1.2169, "anomaly_afternoon_count": 1668, "anomaly_afternoon_extreme_pct": 0.0, "anomaly_night_mean": 2.4809, "anomaly_night_median": 2.5747, "anomaly_night_std": 0.7032, "anomaly_night_min": -0.1278, "anomaly_night_max": 3.7176, "anomaly_night_count": 1668, "anomaly_night_extreme_pct": 0.1625, "diurnal_range_mean": -4.3325, "diurnal_range_std": 1.3268, "ndvi_mean": 0.02, "green_fraction": 0.009, "albedo_mean": 0.3274, "building_density_mean": 0.3419, "building_height_mean": 7.8672, "road_density_mean": 0.1647, "sand_fraction_mean": 0.0282, "water_fraction_mean": 0.0, "dist_to_coast_mean": 2458.3681 }, "geometry": { "type": "Polygon", "coordinates": [ [ [ 55.329608943241603, 25.264041376271095, 0.0 ], [ 55.326382907697401, 25.258661071391799, 0.0 ], [ 55.321766812599698, 25.2602224812773, 0.0 ], [ 55.314291199081801, 25.264464471606107, 0.0 ], [ 55.315879180514699, 25.267100597397299, 0.0 ], [ 55.3164247777976, 25.270079621200296, 0.0 ], [ 55.318857030230497, 25.270359721442997, 0.0 ], [ 55.328596125126303, 25.270306201421995, 0.0 ], [ 55.3303632544796, 25.270468727238796, 0.0 ], [ 55.3305519323402, 25.268229997281896, 0.0 ], [ 55.330244243058104, 25.265675306390701, 0.0 ], [ 55.329608943241603, 25.264041376271095, 0.0 ] ] ] } },
{ "type": "Feature", "properties": { "id": "kml_98", "description": "<center><table><tr><th colspan='2' align='center'><em>Attributes</em></th></tr><tr bgcolor=\"#E3E3F3\">\n<th>OBJECTID</th>\n<td>60</td>\n</tr><tr bgcolor=\"\">\n<th>CNAME_E</th>\n<td>MENA JABAL ALI</td>\n</tr><tr bgcolor=\"#E3E3F3\">\n<th>CNAME_A</th>\n<td>ميناء جبل علي</td>\n</tr><tr bgcolor=\"\">\n<th>LABEL_E</th>\n<td>MENA JABAL ALI</td>\n</tr><tr bgcolor=\"#E3E3F3\">\n<th>LABEL_A</th>\n<td>ميناء جبل علي</td>\n</tr><tr bgcolor=\"\">\n<th>C_PREFIX_E</th>\n<td>Community:</td>\n</tr><tr bgcolor=\"#E3E3F3\">\n<th>C_PREFIX_A</th>\n<td>:???????</td>\n</tr><tr bgcolor=\"\">\n<th>COMMUNITY_E</th>\n<td>MENA JABAL ALI - 594</td>\n</tr><tr bgcolor=\"#E3E3F3\">\n<th>COMMUNITY_A</th>\n<td>ميناء جبل علي - 594</td>\n</tr><tr bgcolor=\"\">\n<th>DGIS_ID</th>\n<td>0000241</td>\n</tr><tr bgcolor=\"#E3E3F3\">\n<th>COMM_NUM</th>\n<td>594</td>\n</tr><tr bgcolor=\"\">\n<th>NDGIS_ID</th>\n<td>241</td>\n</tr></table></center>", "COMM_NUM": 594, "CNAME_E": "MENA JABAL ALI", "population": 14300.0, "area_km2": 34.842363732398006, "pop_density": 410.4199161, "anomaly_morning_mean": 5.4367, "anomaly_morning_median": 5.8637, "anomaly_morning_std": 3.4174, "anomaly_morning_min": -13.6952, "anomaly_morning_max": 11.4702, "anomaly_morning_count": 38721, "anomaly_morning_extreme_pct": 0.2048, "anomaly_afternoon_mean": -0.8715, "anomaly_afternoon_median": -0.3935, "anomaly_afternoon_std": 2.0807, "anomaly_afternoon_min": -13.9254, "anomaly_afternoon_max": 1.9266, "anomaly_afternoon_count": 38721, "anomaly_afternoon_extreme_pct": 0.0, "anomaly_night_mean": 1.1565, "anomaly_night_median": 1.3943, "anomaly_night_std": 1.5713, "anomaly_night_min": -2.6597, "anomaly_night_max": 4.3841, "anomaly_night_count": 38721, "anomaly_night_extreme_pct": 0.0745, "diurnal_range_mean": -2.0281, "diurnal_range_std": 2.3067, "ndvi_mean": 0.0274, "green_fraction": 0.0268, "albedo_mean": 0.3882, "building_density_mean": 0.1344, "building_height_mean": 1.6579, "road_density_mean": 0.0259, "sand_fraction_mean": 0.2375, "water_fraction_mean": 0.0126, "dist_to_coast_mean": 928.8029 }, "geometry": { "type": "Polygon", "coordinates": [ [ [ 55.0356209902789, 24.974621305303195, 0.0 ], [ 55.040317146497301, 24.967848389303096, 0.0 ], [ 55.039927703794604, 24.966674136115095, 0.0 ], [ 55.037804901868299, 24.965789464679602, 0.0 ], [ 55.032279645722006, 24.963906195745999, 0.0 ], [ 55.029974623657502, 24.965058402755496, 0.0 ], [ 55.028663202134297, 24.966967899401901, 0.0 ], [ 55.0288380613122, 24.967052699715598, 0.0 ], [ 55.021973303827799, 24.9827001005747, 0.0 ], [ 55.022264986094001, 24.983685285383402, 0.0 ], [ 55.021619604015399, 24.984434086028795, 0.0 ], [ 55.020130770578596, 24.984204372325404, 0.0 ], [ 55.0191004436913, 24.986713562692493, 0.0 ], [ 55.019497731438797, 24.987341968368604, 0.0 ], [ 55.023706730274299, 24.990365442750797, 0.0 ], [ 55.025074149785397, 24.990952508394301, 0.0 ], [ 55.025784525590403, 24.992073376646196, 0.0 ], [ 55.026002527723598, 24.992037717450501, 0.0 ], [ 55.0260723571784, 24.991839258737997, 0.0 ], [ 55.025470845101303, 24.990754726711799, 0.0 ], [ 55.024075572754697, 24.990219216501604, 0.0 ], [ 55.024154518857998, 24.990336736836298, 0.0 ], [ 55.023660401410602, 24.989884339046295, 0.0 ], [ 55.023552555763906, 24.989441771635999, 0.0 ], [ 55.023755884360803, 24.988504490829499, 0.0 ], [ 55.025822156798903, 24.988720485764702, 0.0 ], [ 55.025662275844198, 24.989455175949502, 0.0 ], [ 55.025503550208498, 24.989554149182201, 0.0 ], [ 55.025622354210398, 24.989572449711893, 0.0 ], [ 55.025617606363198, 24.990194491485699, 0.0 ], [ 55.026398410107397, 24.990113927562696, 0.0 ], [ 55.026444081621598, 24.989858780821301, 0.0 ], [ 55.026875102592697, 24.989916388308096, 0.0 ], [ 55.028096685805799, 24.990417221051104, 0.0 ], [ 55.029713982199503, 24.991411703116295, 0.0 ], [ 55.0298079284008, 24.991296253677401, 0.0 ], [ 55.030568449994298, 24.992182489057296, 0.0 ], [ 55.030078779796, 24.993941836150398, 0.0 ], [ 55.030510784378201, 24.995504457010593, 0.0 ], [ 55.030747209472302, 24.996037554831503, 0.0 ], [ 55.031903105796601, 24.997285691815105, 0.0 ], [ 55.032150766071297, 24.997277156957193, 0.0 ], [ 55.032210705227001, 24.997069648026905, 0.0 ], [ 55.030975608625702, 24.9958033066779, 0.0 ], [ 55.030365965952598, 24.993969503414604, 0.0 ], [ 55.030775573545903, 24.9925440066616, 0.0 ], [ 55.030954109173003, 24.992445068100395, 0.0 ], [ 55.031429533900699, 24.9924550608904, 0.0 ], [ 55.031408246051001, 24.9930598539991, 0.0 ], [ 55.0315268658454, 24.993159396127599, 0.0 ], [ 55.031675664168802, 24.993069423797401, 0.0 ], [ 55.031557264764402, 24.992879608159196, 0.0 ], [ 55.031962980770999, 24.993042923789904, 0.0 ], [ 55.031557529273698, 24.992771279805702, 0.0 ], [ 55.031617775679997, 24.992437387892501, 0.0 ], [ 55.031954638531097, 24.992401960936704, 0.0 ], [ 55.034410742039597, 24.992560372286, 0.0 ], [ 55.035143178886898, 24.992787536173196, 0.0 ], [ 55.0353603744419, 24.993085875791596, 0.0 ], [ 55.035430254809697, 24.992860330482202, 0.0 ], [ 55.0361034161715, 24.993024170076495, 0.0 ], [ 55.036112670062899, 24.993295010847401, 0.0 ], [ 55.035548420915802, 24.993149444117591, 0.0 ], [ 55.036102699716409, 24.993322073158893, 0.0 ], [ 55.035663326014109, 24.994792662347493, 0.0 ], [ 55.035275951143902, 24.995234229775498, 0.0 ], [ 55.035433883090803, 24.995460231236901, 0.0 ], [ 55.035334534360601, 24.9955864159718, 0.0 ], [ 55.034155092845403, 24.995872925954092, 0.0 ], [ 55.032660209414097, 24.995526871076603, 0.0 ], [ 55.03241226692041, 24.995652753472299, 0.0 ], [ 55.032589927004501, 24.995914898395892, 0.0 ], [ 55.033797994497498, 24.996079837765397, 0.0 ], [ 55.034322873343498, 24.996126030585497, 0.0 ], [ 55.035462804039, 24.995794303169802, 0.0 ], [ 55.035988985651898, 24.995298848324996, 0.0 ], [ 55.036257472428808, 24.994866069102898, 0.0 ], [ 55.036876454287402, 24.992845155052002, 0.0 ], [ 55.037767941954399, 24.992837910185905, 0.0 ], [ 55.040563521742897, 24.993741926307404, 0.0 ], [ 55.037520096371701, 25.001037714391199, 0.0 ], [ 55.042987955441497, 25.002926385248099, 0.0 ], [ 55.046728812930603, 25.001324947487305, 0.0 ], [ 55.050295873960003, 24.992766063013995, 0.0 ], [ 55.049957078634101, 24.992648088832492, 0.0 ], [ 55.050023160875497, 24.992490550823597, 0.0 ], [ 55.050362466187401, 24.992606259942701, 0.0 ], [ 55.050878086779797, 24.991368957647204, 0.0 ], [ 55.050640441763399, 24.9907849559048, 0.0 ], [ 55.0546179944863, 24.9812452412583, 0.0 ], [ 55.054532690051097, 24.9809503177392, 0.0 ], [ 55.050052789325299, 24.9770659213941, 0.0 ], [ 55.050093957608297, 24.976855109789195, 0.0 ], [ 55.049089131838599, 24.975954648657698, 0.0 ], [ 55.051847497100702, 24.973340866982898, 0.0 ], [ 55.052920108690401, 24.974278269455297, 0.0 ], [ 55.055352264125503, 24.971888310240693, 0.0 ], [ 55.081921553793102, 24.994963742571002, 0.0 ], [ 55.079044967602201, 24.997684875131696, 0.0 ], [ 55.063323407911497, 24.9840112794178, 0.0 ], [ 55.059452910224401, 24.985511318977704, 0.0 ], [ 55.0579502563508, 24.989077106363997, 0.0 ], [ 55.0758318851966, 25.004657643089303, 0.0 ], [ 55.0717619728443, 25.008583477709998, 0.0 ], [ 55.055997650180998, 24.994878245097297, 0.0 ], [ 55.055501280425503, 24.995056813436396, 0.0 ], [ 55.055132446666697, 24.994733737121596, 0.0 ], [ 55.052933162870197, 24.996838160032897, 0.0 ], [ 55.051940965920501, 24.9992118230684, 0.0 ], [ 55.052267767186898, 24.999324669618399, 0.0 ], [ 55.052214950486501, 24.999450583442304, 0.0 ], [ 55.051880155021898, 24.999342072863897, 0.0 ], [ 55.050505831401601, 25.002635190087499, 0.0 ], [ 55.052373579435503, 25.005653276737402, 0.0 ], [ 55.052043256732702, 25.006153369692299, 0.0 ], [ 55.052165051164003, 25.006298534917299, 0.0 ], [ 55.052003845707098, 25.006755215210902, 0.0 ], [ 55.051392486048599, 25.006812913972801, 0.0 ], [ 55.051029207757303, 25.007683488627798, 0.0 ], [ 55.051419572279997, 25.008125334888, 0.0 ], [ 55.050911450623701, 25.009346779912097, 0.0 ], [ 55.050277116267502, 25.009497062725803, 0.0 ], [ 55.049921003966197, 25.010343524432301, 0.0 ], [ 55.050313758343599, 25.010773263257501, 0.0 ], [ 55.046231626228703, 25.020553750325703, 0.0 ], [ 55.060091622821297, 25.022873695296898, 0.0 ], [ 55.062753998164702, 25.022565440878097, 0.0 ], [ 55.068057105230409, 25.017558403726799, 0.0 ], [ 55.0686284423385, 25.017804524791597, 0.0 ], [ 55.070031798113703, 25.016472787517191, 0.0 ], [ 55.077351924738402, 25.0229724206364, 0.0 ], [ 55.078044098211699, 25.023003906794695, 0.0 ], [ 55.078371317353302, 25.023373869300997, 0.0 ], [ 55.091751694627099, 25.013649487778796, 0.0 ], [ 55.095244645695402, 25.011847309431701, 0.0 ], [ 55.096858105437398, 25.010718558967799, 0.0 ], [ 55.092530115876002, 24.984610124098797, 0.0 ], [ 55.091672482769098, 24.981004046654899, 0.0 ], [ 55.090420315977298, 24.977456882691406, 0.0 ], [ 55.088424908305399, 24.973372878000198, 0.0 ], [ 55.079571745576999, 24.958535876551405, 0.0 ], [ 55.0779631280163, 24.956479395101702, 0.0 ], [ 55.0761529527853, 24.954567231557295, 0.0 ], [ 55.074156734985408, 24.952815736403505, 0.0 ], [ 55.071991563610801, 24.9512399088444, 0.0 ], [ 55.069675963278598, 24.949853234366497, 0.0 ], [ 55.067541960130406, 24.948804412576401, 0.0 ], [ 55.064998586773299, 24.947803012273802, 0.0 ], [ 55.0623646131667, 24.947020130730301, 0.0 ], [ 55.042292371161203, 24.966191005698995, 0.0 ], [ 55.038267868092703, 24.971645463123597, 0.0 ], [ 55.034019580821898, 24.977948718986088, 0.0 ], [ 55.033694024567097, 24.9779531645265, 0.0 ], [ 55.0356209902789, 24.974621305303195, 0.0 ] ] ] } },
{ "type": "Feature", "properties": { "id": "kml_99", "description": "<center><table><tr><th colspan='2' align='center'><em>Attributes</em></th></tr><tr bgcolor=\"#E3E3F3\">\n<th>OBJECTID</th>\n<td>61</td>\n</tr><tr bgcolor=\"\">\n<th>CNAME_E</th>\n<td>AL HEBIAH FIFTH</td>\n</tr><tr bgcolor=\"#E3E3F3\">\n<th>CNAME_A</th>\n<td>الحبيه الخامسة</td>\n</tr><tr bgcolor=\"\">\n<th>LABEL_E</th>\n<td>AL HEBIAH FIFTH</td>\n</tr><tr bgcolor=\"#E3E3F3\">\n<th>LABEL_A</th>\n<td>الحبيه الخامسة</td>\n</tr><tr bgcolor=\"\">\n<th>C_PREFIX_E</th>\n<td>Community:</td>\n</tr><tr bgcolor=\"#E3E3F3\">\n<th>C_PREFIX_A</th>\n<td>:???????</td>\n</tr><tr bgcolor=\"\">\n<th>COMMUNITY_E</th>\n<td>AL HEBIAH FIFTH - 683</td>\n</tr><tr bgcolor=\"#E3E3F3\">\n<th>COMMUNITY_A</th>\n<td>الحبيه الخامسة - 683</td>\n</tr><tr bgcolor=\"\">\n<th>DGIS_ID</th>\n<td>0000161</td>\n</tr><tr bgcolor=\"#E3E3F3\">\n<th>COMM_NUM</th>\n<td>683</td>\n</tr><tr bgcolor=\"\">\n<th>NDGIS_ID</th>\n<td>161</td>\n</tr></table></center>", "COMM_NUM": 683, "CNAME_E": "AL HEBIAH FIFTH", "population": 18179.0, "area_km2": 8.0933235326310005, "pop_density": 2246.172407, "anomaly_morning_mean": 4.8978, "anomaly_morning_median": 4.7176, "anomaly_morning_std": 1.4732, "anomaly_morning_min": 0.5105, "anomaly_morning_max": 8.7077, "anomaly_morning_count": 8992, "anomaly_morning_extreme_pct": 0.0082, "anomaly_afternoon_mean": -0.0849, "anomaly_afternoon_median": 0.32, "anomaly_afternoon_std": 1.9639, "anomaly_afternoon_min": -16.2829, "anomaly_afternoon_max": 3.3603, "anomaly_afternoon_count": 8992, "anomaly_afternoon_extreme_pct": 0.0624, "anomaly_night_mean": -0.249, "anomaly_night_median": -0.0526, "anomaly_night_std": 1.1699, "anomaly_night_min": -2.6265, "anomaly_night_max": 2.7644, "anomaly_night_count": 8992, "anomaly_night_extreme_pct": 0.0, "diurnal_range_mean": 0.1641, "diurnal_range_std": 2.7928, "ndvi_mean": 0.0343, "green_fraction": 0.0169, "albedo_mean": 0.4859, "building_density_mean": 0.0302, "building_height_mean": 0.3713, "road_density_mean": 0.091, "sand_fraction_mean": 0.4857, "water_fraction_mean": 0.0001, "dist_to_coast_mean": 13112.4368 }, "geometry": { "type": "Polygon", "coordinates": [ [ [ 55.239595208195297, 25.024181177347305, 0.0 ], [ 55.257816319324299, 25.004550095821102, 0.0 ], [ 55.260165178709002, 25.002727720696097, 0.0 ], [ 55.253155916706909, 24.996170170174295, 0.0 ], [ 55.248968702543607, 24.992006177156401, 0.0 ], [ 55.244885821326299, 24.994693995612604, 0.0 ], [ 55.239336875784403, 24.997182177188495, 0.0 ], [ 55.229260569847703, 24.999865656489192, 0.0 ], [ 55.2256533822165, 25.001533170966503, 0.0 ], [ 55.221995777629402, 25.0040762236668, 0.0 ], [ 55.218386227136904, 25.008045560852903, 0.0 ], [ 55.216198083957003, 25.011358166707996, 0.0 ], [ 55.239595208195297, 25.024181177347305, 0.0 ] ] ] } },
{ "type": "Feature", "properties": { "id": "kml_100", "description": "<center><table><tr><th colspan='2' align='center'><em>Attributes</em></th></tr><tr bgcolor=\"#E3E3F3\">\n<th>OBJECTID</th>\n<td>132</td>\n</tr><tr bgcolor=\"\">\n<th>CNAME_E</th>\n<td>AL QUSAIS IND. FOURTH</td>\n</tr><tr bgcolor=\"#E3E3F3\">\n<th>CNAME_A</th>\n<td>القصيص الصناعية الرابعة</td>\n</tr><tr bgcolor=\"\">\n<th>LABEL_E</th>\n<td>AL QUSAIS IND. FOURTH</td>\n</tr><tr bgcolor=\"#E3E3F3\">\n<th>LABEL_A</th>\n<td>القصيص الصناعية الرابعة</td>\n</tr><tr bgcolor=\"\">\n<th>C_PREFIX_E</th>\n<td>Community:</td>\n</tr><tr bgcolor=\"#E3E3F3\">\n<th>C_PREFIX_A</th>\n<td>:???????</td>\n</tr><tr bgcolor=\"\">\n<th>COMMUNITY_E</th>\n<td>AL QUSAIS IND. FOURTH - 247</td>\n</tr><tr bgcolor=\"#E3E3F3\">\n<th>COMMUNITY_A</th>\n<td>القصيص الصناعية الرابعة - 247</td>\n</tr><tr bgcolor=\"\">\n<th>DGIS_ID</th>\n<td>0000005</td>\n</tr><tr bgcolor=\"#E3E3F3\">\n<th>COMM_NUM</th>\n<td>247</td>\n</tr><tr bgcolor=\"\">\n<th>NDGIS_ID</th>\n<td>5</td>\n</tr></table></center>", "COMM_NUM": 247, "CNAME_E": "AL QUSAIS IND. FOURTH", "population": 3320.0, "area_km2": 0.727747056, "pop_density": 4562.024638, "anomaly_morning_mean": 5.8535, "anomaly_morning_median": 5.8491, "anomaly_morning_std": 0.7369, "anomaly_morning_min": 3.5132, "anomaly_morning_max": 7.8566, "anomaly_morning_count": 807, "anomaly_morning_extreme_pct": 0.0, "anomaly_afternoon_mean": -0.5193, "anomaly_afternoon_median": -0.6404, "anomaly_afternoon_std": 1.2627, "anomaly_afternoon_min": -5.4276, "anomaly_afternoon_max": 2.0517, "anomaly_afternoon_count": 807, "anomaly_afternoon_extreme_pct": 0.0, "anomaly_night_mean": 1.1679, "anomaly_night_median": 1.0981, "anomaly_night_std": 1.0528, "anomaly_night_min": -1.3642, "anomaly_night_max": 3.5461, "anomaly_night_count": 807, "anomaly_night_extreme_pct": 0.0037, "diurnal_range_mean": -1.6872, "diurnal_range_std": 1.7326, "ndvi_mean": 0.0222, "green_fraction": 0.0012, "albedo_mean": 0.3852, "building_density_mean": 0.3266, "building_height_mean": 2.7007, "road_density_mean": 0.1081, "sand_fraction_mean": 0.2528, "water_fraction_mean": 0.0, "dist_to_coast_mean": 3638.0908 }, "geometry": { "type": "Polygon", "coordinates": [ [ [ 55.407277959246798, 25.294444349476599, 0.0 ], [ 55.401764189129501, 25.289455013144394, 0.0 ], [ 55.400929585271101, 25.288471441432701, 0.0 ], [ 55.394795135682799, 25.292021783904399, 0.0 ], [ 55.395699558512007, 25.293664340071501, 0.0 ], [ 55.396704936362198, 25.298448282813297, 0.0 ], [ 55.407277959246798, 25.294444349476599, 0.0 ] ] ] } },
{ "type": "Feature", "properties": { "id": "kml_101", "description": "<center><table><tr><th colspan='2' align='center'><em>Attributes</em></th></tr><tr bgcolor=\"#E3E3F3\">\n<th>OBJECTID</th>\n<td>133</td>\n</tr><tr bgcolor=\"\">\n<th>CNAME_E</th>\n<td>JABAL ALI INDUSTRIAL SECOND</td>\n</tr><tr bgcolor=\"#E3E3F3\">\n<th>CNAME_A</th>\n<td>جبل علي الصناعية الثانية</td>\n</tr><tr bgcolor=\"\">\n<th>LABEL_E</th>\n<td>JABAL ALI INDUSTRIAL SECOND</td>\n</tr><tr bgcolor=\"#E3E3F3\">\n<th>LABEL_A</th>\n<td>جبل علي الصناعية الثانية</td>\n</tr><tr bgcolor=\"\">\n<th>C_PREFIX_E</th>\n<td>Community:</td>\n</tr><tr bgcolor=\"#E3E3F3\">\n<th>C_PREFIX_A</th>\n<td>:???????</td>\n</tr><tr bgcolor=\"\">\n<th>COMMUNITY_E</th>\n<td>JABAL ALI INDUSTRIAL SECOND - 518</td>\n</tr><tr bgcolor=\"#E3E3F3\">\n<th>COMMUNITY_A</th>\n<td>جبل علي الصناعية الثانية - 518</td>\n</tr><tr bgcolor=\"\">\n<th>DGIS_ID</th>\n<td>0000173</td>\n</tr><tr bgcolor=\"#E3E3F3\">\n<th>COMM_NUM</th>\n<td>518</td>\n</tr><tr bgcolor=\"\">\n<th>NDGIS_ID</th>\n<td>173</td>\n</tr></table></center>", "COMM_NUM": 518, "CNAME_E": "JABAL ALI INDUSTRIAL SECOND", "population": 36101.0, "area_km2": 32.565002018180003, "pop_density": 1108.582766, "anomaly_morning_mean": 7.4228, "anomaly_morning_median": 7.5397, "anomaly_morning_std": 1.0075, "anomaly_morning_min": -0.8818, "anomaly_morning_max": 10.6808, "anomaly_morning_count": 36189, "anomaly_morning_extreme_pct": 0.2532, "anomaly_afternoon_mean": 0.0886, "anomaly_afternoon_median": 0.2354, "anomaly_afternoon_std": 1.2387, "anomaly_afternoon_min": -12.936, "anomaly_afternoon_max": 3.0326, "anomaly_afternoon_count": 36189, "anomaly_afternoon_extreme_pct": 0.0022, "anomaly_night_mean": 0.061, "anomaly_night_median": 0.1645, "anomaly_night_std": 1.2113, "anomaly_night_min": -2.5047, "anomaly_night_max": 3.9775, "anomaly_night_count": 36189, "anomaly_night_extreme_pct": 0.0026, "diurnal_range_mean": 0.0277, "diurnal_range_std": 1.7234, "ndvi_mean": 0.024, "green_fraction": 0.0051, "albedo_mean": 0.4437, "building_density_mean": 0.145, "building_height_mean": 1.4586, "road_density_mean": 0.0643, "sand_fraction_mean": 0.4905, "water_fraction_mean": 0.0, "dist_to_coast_mean": 4902.8193 }, "geometry": { "type": "Polygon", "coordinates": [ [ [ 55.096725615580603, 24.986777581680499, 0.0 ], [ 55.113008043749709, 24.981792340048599, 0.0 ], [ 55.1201921400625, 24.979807740687299, 0.0 ], [ 55.139432447648801, 24.975789730298697, 0.0 ], [ 55.142267369847502, 24.974983477580295, 0.0 ], [ 55.139837026422498, 24.966903477765797, 0.0 ], [ 55.136664416598698, 24.959040277203403, 0.0 ], [ 55.132772457340202, 24.951450463082796, 0.0 ], [ 55.128192139931599, 24.944192683871599, 0.0 ], [ 55.122996045459502, 24.937364630660397, 0.0 ], [ 55.117189234965402, 24.930958917560297, 0.0 ], [ 55.110812866363901, 24.925020854211795, 0.0 ], [ 55.103912102870602, 24.9195924344064, 0.0 ], [ 55.066443973180299, 24.943122890772404, 0.0 ], [ 55.0623646131667, 24.947020130730301, 0.0 ], [ 55.064998567009198, 24.947802994183199, 0.0 ], [ 55.067229726326303, 24.948667549323602, 0.0 ], [ 55.069376882561897, 24.949693785042989, 0.0 ], [ 55.071709925952, 24.951055958106302, 0.0 ], [ 55.073894942647499, 24.952608840359897, 0.0 ], [ 55.075670680142899, 24.954113661189705, 0.0 ], [ 55.077528878086909, 24.955987140096397, 0.0 ], [ 55.078993026549, 24.957748858347593, 0.0 ], [ 55.080468578890603, 24.959886674911104, 0.0 ], [ 55.088235084845401, 24.973042666162602, 0.0 ], [ 55.089652948935303, 24.975729416566192, 0.0 ], [ 55.090835885717198, 24.9785090419916, 0.0 ], [ 55.091776595875999, 24.981364519264993, 0.0 ], [ 55.092530096102003, 24.984610106011889, 0.0 ], [ 55.093029480908598, 24.987629257546498, 0.0 ], [ 55.096725615580603, 24.986777581680499, 0.0 ] ] ] } },
{ "type": "Feature", "properties": { "id": "kml_102", "description": "<center><table><tr><th colspan='2' align='center'><em>Attributes</em></th></tr><tr bgcolor=\"#E3E3F3\">\n<th>OBJECTID</th>\n<td>134</td>\n</tr><tr bgcolor=\"\">\n<th>CNAME_E</th>\n<td>AL HEBIAH THIRD</td>\n</tr><tr bgcolor=\"#E3E3F3\">\n<th>CNAME_A</th>\n<td>الحبيه الثالثة</td>\n</tr><tr bgcolor=\"\">\n<th>LABEL_E</th>\n<td>AL HEBIAH THIRD</td>\n</tr><tr bgcolor=\"#E3E3F3\">\n<th>LABEL_A</th>\n<td>الحبيه الثالثة</td>\n</tr><tr bgcolor=\"\">\n<th>C_PREFIX_E</th>\n<td>Community:</td>\n</tr><tr bgcolor=\"#E3E3F3\">\n<th>C_PREFIX_A</th>\n<td>:???????</td>\n</tr><tr bgcolor=\"\">\n<th>COMMUNITY_E</th>\n<td>AL HEBIAH THIRD - 676</td>\n</tr><tr bgcolor=\"#E3E3F3\">\n<th>COMMUNITY_A</th>\n<td>الحبيه الثالثة - 676</td>\n</tr><tr bgcolor=\"\">\n<th>DGIS_ID</th>\n<td>0000230</td>\n</tr><tr bgcolor=\"#E3E3F3\">\n<th>COMM_NUM</th>\n<td>676</td>\n</tr><tr bgcolor=\"\">\n<th>NDGIS_ID</th>\n<td>230</td>\n</tr></table></center>", "COMM_NUM": 676, "CNAME_E": "AL HEBIAH THIRD", "population": 11008.0, "area_km2": 4.304802403579, "pop_density": 2557.144084, "anomaly_morning_mean": 2.2251, "anomaly_morning_median": 2.1371, "anomaly_morning_std": 1.9494, "anomaly_morning_min": -3.5014, "anomaly_morning_max": 7.6102, "anomaly_morning_count": 4784, "anomaly_morning_extreme_pct": 0.0, "anomaly_afternoon_mean": -2.893, "anomaly_afternoon_median": -3.3207, "anomaly_afternoon_std": 2.5352, "anomaly_afternoon_min": -16.024, "anomaly_afternoon_max": 3.201, "anomaly_afternoon_count": 4784, "anomaly_afternoon_extreme_pct": 0.0284, "anomaly_night_mean": 0.18, "anomaly_night_median": 0.1959, "anomaly_night_std": 0.9248, "anomaly_night_min": -2.5048, "anomaly_night_max": 3.0918, "anomaly_night_count": 4784, "anomaly_night_extreme_pct": 0.0, "diurnal_range_mean": -3.073, "diurnal_range_std": 2.4446, "ndvi_mean": 0.1363, "green_fraction": 0.2452, "albedo_mean": 0.3878, "building_density_mean": 0.1041, "building_height_mean": 0.6042, "road_density_mean": 0.0214, "sand_fraction_mean": 0.1033, "water_fraction_mean": 0.0017, "dist_to_coast_mean": 13359.6739 }, "geometry": { "type": "Polygon", "coordinates": [ [ [ 55.260653044566901, 25.011666280074397, 0.0 ], [ 55.259867613337498, 25.011231772560699, 0.0 ], [ 55.258898593688102, 25.011195271137996, 0.0 ], [ 55.256737076019398, 25.009929489347591, 0.0 ], [ 55.254405920262101, 25.008247350024799, 0.0 ], [ 55.239595208195297, 25.024181177347305, 0.0 ], [ 55.260006096773701, 25.035367938658094, 0.0 ], [ 55.266503975238898, 25.030318079368705, 0.0 ], [ 55.264296632900603, 25.026936516190901, 0.0 ], [ 55.263471032316609, 25.0263469634118, 0.0 ], [ 55.263754551469503, 25.025869138372496, 0.0 ], [ 55.263814392792504, 25.024818687754301, 0.0 ], [ 55.264181663843502, 25.023463992827601, 0.0 ], [ 55.2641539380731, 25.022622405148603, 0.0 ], [ 55.2636846590703, 25.0215180658608, 0.0 ], [ 55.262116767978704, 25.020011174266408, 0.0 ], [ 55.261483444691002, 25.018848883056503, 0.0 ], [ 55.261351559572802, 25.017316102131403, 0.0 ], [ 55.2619287427787, 25.015713510604602, 0.0 ], [ 55.262037972511102, 25.014523626826897, 0.0 ], [ 55.261815475416199, 25.0136422956211, 0.0 ], [ 55.260653044566901, 25.011666280074397, 0.0 ] ] ] } },
{ "type": "Feature", "properties": { "id": "kml_103", "description": "<center><table><tr><th colspan='2' align='center'><em>Attributes</em></th></tr><tr bgcolor=\"#E3E3F3\">\n<th>OBJECTID</th>\n<td>135</td>\n</tr><tr bgcolor=\"\">\n<th>CNAME_E</th>\n<td>RAS AL KHOR</td>\n</tr><tr bgcolor=\"#E3E3F3\">\n<th>CNAME_A</th>\n<td>راس الخور</td>\n</tr><tr bgcolor=\"\">\n<th>LABEL_E</th>\n<td>RAS AL KHOR</td>\n</tr><tr bgcolor=\"#E3E3F3\">\n<th>LABEL_A</th>\n<td>راس الخور</td>\n</tr><tr bgcolor=\"\">\n<th>C_PREFIX_E</th>\n<td>Community:</td>\n</tr><tr bgcolor=\"#E3E3F3\">\n<th>C_PREFIX_A</th>\n<td>:???????</td>\n</tr><tr bgcolor=\"\">\n<th>COMMUNITY_E</th>\n<td>RAS AL KHOR - 413</td>\n</tr><tr bgcolor=\"#E3E3F3\">\n<th>COMMUNITY_A</th>\n<td>راس الخور - 413</td>\n</tr><tr bgcolor=\"\">\n<th>DGIS_ID</th>\n<td>0000168</td>\n</tr><tr bgcolor=\"#E3E3F3\">\n<th>COMM_NUM</th>\n<td>413</td>\n</tr><tr bgcolor=\"\">\n<th>NDGIS_ID</th>\n<td>168</td>\n</tr></table></center>", "COMM_NUM": 413, "CNAME_E": "RAS AL KHOR", "population": 2.0, "area_km2": 7.7935491551589999, "pop_density": 0.2566224913, "anomaly_morning_mean": -4.0163, "anomaly_morning_median": -6.2476, "anomaly_morning_std": 6.4347, "anomaly_morning_min": -11.9404, "anomaly_morning_max": 9.2939, "anomaly_morning_count": 8655, "anomaly_morning_extreme_pct": 0.0059, "anomaly_afternoon_mean": -8.0738, "anomaly_afternoon_median": -6.6469, "anomaly_afternoon_std": 6.8423, "anomaly_afternoon_min": -16.8555, "anomaly_afternoon_max": 3.2586, "anomaly_afternoon_count": 8655, "anomaly_afternoon_extreme_pct": 0.0044, "anomaly_night_mean": 0.645, "anomaly_night_median": 0.5425, "anomaly_night_std": 1.0927, "anomaly_night_min": -1.9377, "anomaly_night_max": 3.5638, "anomaly_night_count": 8655, "anomaly_night_extreme_pct": 0.0081, "diurnal_range_mean": -8.7188, "diurnal_range_std": 7.5502, "ndvi_mean": 0.0549, "green_fraction": 0.0949, "albedo_mean": 0.2516, "building_density_mean": 0.0002, "building_height_mean": 0.1321, "road_density_mean": 0.0168, "sand_fraction_mean": 0.0729, "water_fraction_mean": 0.4541, "dist_to_coast_mean": 8030.9213 }, "geometry": { "type": "Polygon", "coordinates": [ [ [ 55.336028539030799, 25.210907056258701, 0.0 ], [ 55.341152391844503, 25.2051508525944, 0.0 ], [ 55.340264692257101, 25.204803474877998, 0.0 ], [ 55.33930959485771, 25.202622763009593, 0.0 ], [ 55.339965070860409, 25.201236332459096, 0.0 ], [ 55.345843850331207, 25.199105912466095, 0.0 ], [ 55.34626016238181, 25.186205554971799, 0.0 ], [ 55.346466820854801, 25.185431928218399, 0.0 ], [ 55.327885139515402, 25.184827584719493, 0.0 ], [ 55.326347435452803, 25.184538647947793, 0.0 ], [ 55.325057766673197, 25.184105273174296, 0.0 ], [ 55.316536423484003, 25.179988121536692, 0.0 ], [ 55.312140728438997, 25.185620565751101, 0.0 ], [ 55.311376590685903, 25.186920378737696, 0.0 ], [ 55.31082071575031, 25.188563254884105, 0.0 ], [ 55.309232647996197, 25.1962798911288, 0.0 ], [ 55.312757068430003, 25.201695637373405, 0.0 ], [ 55.314588466388599, 25.203779546708496, 0.0 ], [ 55.329923143386402, 25.203770214727104, 0.0 ], [ 55.330726877248999, 25.203920751139101, 0.0 ], [ 55.3329319519002, 25.204904678561604, 0.0 ], [ 55.3334890560945, 25.205597157842895, 0.0 ], [ 55.334639961983598, 25.205569077468095, 0.0 ], [ 55.335682456731007, 25.206169501712694, 0.0 ], [ 55.335993600061997, 25.206777101143398, 0.0 ], [ 55.3360128223839, 25.207336797950703, 0.0 ], [ 55.335957310130603, 25.207556115435505, 0.0 ], [ 55.335311383623598, 25.207942174849897, 0.0 ], [ 55.33565608202781, 25.208747876864997, 0.0 ], [ 55.336028539030799, 25.210907056258701, 0.0 ] ] ] } },
{ "type": "Feature", "properties": { "id": "kml_104", "description": "<center><table><tr><th colspan='2' align='center'><em>Attributes</em></th></tr><tr bgcolor=\"#E3E3F3\">\n<th>OBJECTID</th>\n<td>136</td>\n</tr><tr bgcolor=\"\">\n<th>CNAME_E</th>\n<td>AL TWAR SECOND</td>\n</tr><tr bgcolor=\"#E3E3F3\">\n<th>CNAME_A</th>\n<td>الطوار الثانية</td>\n</tr><tr bgcolor=\"\">\n<th>LABEL_E</th>\n<td>AL TWAR SECOND</td>\n</tr><tr bgcolor=\"#E3E3F3\">\n<th>LABEL_A</th>\n<td>الطوار الثانية</td>\n</tr><tr bgcolor=\"\">\n<th>C_PREFIX_E</th>\n<td>Community:</td>\n</tr><tr bgcolor=\"#E3E3F3\">\n<th>C_PREFIX_A</th>\n<td>:???????</td>\n</tr><tr bgcolor=\"\">\n<th>COMMUNITY_E</th>\n<td>AL TWAR SECOND - 227</td>\n</tr><tr bgcolor=\"#E3E3F3\">\n<th>COMMUNITY_A</th>\n<td>الطوار الثانية - 227</td>\n</tr><tr bgcolor=\"\">\n<th>DGIS_ID</th>\n<td>0000042</td>\n</tr><tr bgcolor=\"#E3E3F3\">\n<th>COMM_NUM</th>\n<td>227</td>\n</tr><tr bgcolor=\"\">\n<th>NDGIS_ID</th>\n<td>42</td>\n</tr></table></center>", "COMM_NUM": 227, "CNAME_E": "AL TWAR SECOND", "population": 5605.0, "area_km2": 1.1108783395, "pop_density": 5045.557016, "anomaly_morning_mean": 4.5749, "anomaly_morning_median": 4.6099, "anomaly_morning_std": 0.7759, "anomaly_morning_min": 1.8065, "anomaly_morning_max": 6.7834, "anomaly_morning_count": 1236, "anomaly_morning_extreme_pct": 0.0, "anomaly_afternoon_mean": -1.369, "anomaly_afternoon_median": -1.7103, "anomaly_afternoon_std": 1.8169, "anomaly_afternoon_min": -4.9923, "anomaly_afternoon_max": 2.1843, "anomaly_afternoon_count": 1236, "anomaly_afternoon_extreme_pct": 0.0, "anomaly_night_mean": 0.9082, "anomaly_night_median": 0.8666, "anomaly_night_std": 0.7342, "anomaly_night_min": -1.6928, "anomaly_night_max": 2.9607, "anomaly_night_count": 1236, "anomaly_night_extreme_pct": 0.0, "diurnal_range_mean": -2.2772, "diurnal_range_std": 2.0161, "ndvi_mean": 0.0658, "green_fraction": 0.051, "albedo_mean": 0.3744, "building_density_mean": 0.2295, "building_height_mean": 0.8158, "road_density_mean": 0.1485, "sand_fraction_mean": 0.2257, "water_fraction_mean": 0.0, "dist_to_coast_mean": 5446.767 }, "geometry": { "type": "Polygon", "coordinates": [ [ [ 55.389667152332102, 25.261051713425598, 0.0 ], [ 55.388167180334499, 25.258822578471793, 0.0 ], [ 55.3877598042573, 25.257974166889301, 0.0 ], [ 55.387262707404297, 25.256250160927195, 0.0 ], [ 55.387122888562203, 25.254327425482, 0.0 ], [ 55.373834014707803, 25.262149191895094, 0.0 ], [ 55.377955855201307, 25.267934410188492, 0.0 ], [ 55.389667152332102, 25.261051713425598, 0.0 ] ] ] } },
{ "type": "Feature", "properties": { "id": "kml_105", "description": "<center><table><tr><th colspan='2' align='center'><em>Attributes</em></th></tr><tr bgcolor=\"#E3E3F3\">\n<th>OBJECTID</th>\n<td>137</td>\n</tr><tr bgcolor=\"\">\n<th>CNAME_E</th>\n<td>AL HUDAIBA</td>\n</tr><tr bgcolor=\"#E3E3F3\">\n<th>CNAME_A</th>\n<td>الحضيبة</td>\n</tr><tr bgcolor=\"\">\n<th>LABEL_E</th>\n<td>AL HUDAIBA</td>\n</tr><tr bgcolor=\"#E3E3F3\">\n<th>LABEL_A</th>\n<td>الحضيبة</td>\n</tr><tr bgcolor=\"\">\n<th>C_PREFIX_E</th>\n<td>Community:</td>\n</tr><tr bgcolor=\"#E3E3F3\">\n<th>C_PREFIX_A</th>\n<td>:???????</td>\n</tr><tr bgcolor=\"\">\n<th>COMMUNITY_E</th>\n<td>AL HUDAIBA - 322</td>\n</tr><tr bgcolor=\"#E3E3F3\">\n<th>COMMUNITY_A</th>\n<td>الحضيبة - 322</td>\n</tr><tr bgcolor=\"\">\n<th>DGIS_ID</th>\n<td>0000058</td>\n</tr><tr bgcolor=\"#E3E3F3\">\n<th>COMM_NUM</th>\n<td>322</td>\n</tr><tr bgcolor=\"\">\n<th>NDGIS_ID</th>\n<td>58</td>\n</tr></table></center>", "COMM_NUM": 322, "CNAME_E": "AL HUDAIBA", "population": 16143.0, "area_km2": 0.882341245, "pop_density": 18295.64252, "anomaly_morning_mean": 3.0574, "anomaly_morning_median": 3.142, "anomaly_morning_std": 0.5866, "anomaly_morning_min": 1.0329, "anomaly_morning_max": 5.0004, "anomaly_morning_count": 978, "anomaly_morning_extreme_pct": 0.0, "anomaly_afternoon_mean": -1.6547, "anomaly_afternoon_median": -1.5021, "anomaly_afternoon_std": 1.3204, "anomaly_afternoon_min": -5.9956, "anomaly_afternoon_max": 1.1675, "anomaly_afternoon_count": 978, "anomaly_afternoon_extreme_pct": 0.0, "anomaly_night_mean": 1.8218, "anomaly_night_median": 1.813, "anomaly_night_std": 0.6808, "anomaly_night_min": -0.8892, "anomaly_night_max": 3.2988, "anomaly_night_count": 978, "anomaly_night_extreme_pct": 0.0072, "diurnal_range_mean": -3.4765, "diurnal_range_std": 1.3545, "ndvi_mean": 0.0322, "green_fraction": 0.0061, "albedo_mean": 0.362, "building_density_mean": 0.2677, "building_height_mean": 2.8128, "road_density_mean": 0.1522, "sand_fraction_mean": 0.0818, "water_fraction_mean": 0.0, "dist_to_coast_mean": 1050.2163 }, "geometry": { "type": "Polygon", "coordinates": [ [ [ 55.284903732287702, 25.246592993473101, 0.0 ], [ 55.280291671735597, 25.238692625102196, 0.0 ], [ 55.278784661777401, 25.235081200846192, 0.0 ], [ 55.275458756441097, 25.2373638144438, 0.0 ], [ 55.272331533190297, 25.239041613061495, 0.0 ], [ 55.275010428358698, 25.240929376487905, 0.0 ], [ 55.2786005080265, 25.247376165684205, 0.0 ], [ 55.280376150623603, 25.2498773313317, 0.0 ], [ 55.283513540928602, 25.248018825009904, 0.0 ], [ 55.284903732287702, 25.246592993473101, 0.0 ] ] ] } },
{ "type": "Feature", "properties": { "id": "kml_106", "description": "<center><table><tr><th colspan='2' align='center'><em>Attributes</em></th></tr><tr bgcolor=\"#E3E3F3\">\n<th>OBJECTID</th>\n<td>138</td>\n</tr><tr bgcolor=\"\">\n<th>CNAME_E</th>\n<td>AL BARSHA THIRD</td>\n</tr><tr bgcolor=\"#E3E3F3\">\n<th>CNAME_A</th>\n<td>البرشاء الثالثة</td>\n</tr><tr bgcolor=\"\">\n<th>LABEL_E</th>\n<td>AL BARSHA THIRD</td>\n</tr><tr bgcolor=\"#E3E3F3\">\n<th>LABEL_A</th>\n<td>البرشاء الثالثة</td>\n</tr><tr bgcolor=\"\">\n<th>C_PREFIX_E</th>\n<td>Community:</td>\n</tr><tr bgcolor=\"#E3E3F3\">\n<th>C_PREFIX_A</th>\n<td>:???????</td>\n</tr><tr bgcolor=\"\">\n<th>COMMUNITY_E</th>\n<td>AL BARSHA THIRD - 375</td>\n</tr><tr bgcolor=\"#E3E3F3\">\n<th>COMMUNITY_A</th>\n<td>البرشاء الثالثة - 375</td>\n</tr><tr bgcolor=\"\">\n<th>DGIS_ID</th>\n<td>0000125</td>\n</tr><tr bgcolor=\"#E3E3F3\">\n<th>COMM_NUM</th>\n<td>375</td>\n</tr><tr bgcolor=\"\">\n<th>NDGIS_ID</th>\n<td>125</td>\n</tr></table></center>", "COMM_NUM": 375, "CNAME_E": "AL BARSHA THIRD", "population": 16912.0, "area_km2": 4.9467914524990002, "pop_density": 3418.781681, "anomaly_morning_mean": 3.8701, "anomaly_morning_median": 3.5114, "anomaly_morning_std": 1.2724, "anomaly_morning_min": 1.1234, "anomaly_morning_max": 8.392, "anomaly_morning_count": 5495, "anomaly_morning_extreme_pct": 0.0062, "anomaly_afternoon_mean": -1.5992, "anomaly_afternoon_median": -2.1318, "anomaly_afternoon_std": 1.8455, "anomaly_afternoon_min": -5.6823, "anomaly_afternoon_max": 2.2992, "anomaly_afternoon_count": 5495, "anomaly_afternoon_extreme_pct": 0.0, "anomaly_night_mean": 0.775, "anomaly_night_median": 0.847, "anomaly_night_std": 0.9403, "anomaly_night_min": -2.0454, "anomaly_night_max": 3.1296, "anomaly_night_count": 5495, "anomaly_night_extreme_pct": 0.0, "diurnal_range_mean": -2.3742, "diurnal_range_std": 2.4202, "ndvi_mean": 0.0577, "green_fraction": 0.0095, "albedo_mean": 0.4019, "building_density_mean": 0.2041, "building_height_mean": 0.8851, "road_density_mean": 0.0969, "sand_fraction_mean": 0.3181, "water_fraction_mean": 0.0, "dist_to_coast_mean": 4199.1352 }, "geometry": { "type": "Polygon", "coordinates": [ [ [ 55.203811995706005, 25.094588328649301, 0.0 ], [ 55.217194582807601, 25.084723468907097, 0.0 ], [ 55.2102436778246, 25.076927247445099, 0.0 ], [ 55.203627324426002, 25.081688063888794, 0.0 ], [ 55.190564394091204, 25.088807685496096, 0.0 ], [ 55.188530711798101, 25.090096635240201, 0.0 ], [ 55.186695046524903, 25.091557254164204, 0.0 ], [ 55.1852856759822, 25.092964120879699, 0.0 ], [ 55.181939709036698, 25.097167486613397, 0.0 ], [ 55.188068130983602, 25.104061473981904, 0.0 ], [ 55.189256927750101, 25.104838984338802, 0.0 ], [ 55.190664326530602, 25.105210474597996, 0.0 ], [ 55.199269401368099, 25.105724024506202, 0.0 ], [ 55.199702330646403, 25.099639988560298, 0.0 ], [ 55.200219346623399, 25.098259269807095, 0.0 ], [ 55.200735465369704, 25.097700036647801, 0.0 ], [ 55.201539017742199, 25.097195221357605, 0.0 ], [ 55.202302630134902, 25.096952159449895, 0.0 ], [ 55.203175098812402, 25.096898763435203, 0.0 ], [ 55.203325282013502, 25.095490628841397, 0.0 ], [ 55.203811995706005, 25.094588328649301, 0.0 ] ] ] } },
{ "type": "Feature", "properties": { "id": "kml_107", "description": "<center><table><tr><th colspan='2' align='center'><em>Attributes</em></th></tr><tr bgcolor=\"#E3E3F3\">\n<th>OBJECTID</th>\n<td>139</td>\n</tr><tr bgcolor=\"\">\n<th>CNAME_E</th>\n<td>AL MUTEENA</td>\n</tr><tr bgcolor=\"#E3E3F3\">\n<th>CNAME_A</th>\n<td>المطينة</td>\n</tr><tr bgcolor=\"\">\n<th>LABEL_E</th>\n<td>AL MUTEENA</td>\n</tr><tr bgcolor=\"#E3E3F3\">\n<th>LABEL_A</th>\n<td>المطينة</td>\n</tr><tr bgcolor=\"\">\n<th>C_PREFIX_E</th>\n<td>Community:</td>\n</tr><tr bgcolor=\"#E3E3F3\">\n<th>C_PREFIX_A</th>\n<td>:???????</td>\n</tr><tr bgcolor=\"\">\n<th>COMMUNITY_E</th>\n<td>AL MUTEENA - 123</td>\n</tr><tr bgcolor=\"#E3E3F3\">\n<th>COMMUNITY_A</th>\n<td>المطينة - 123</td>\n</tr><tr bgcolor=\"\">\n<th>DGIS_ID</th>\n<td>0000025</td>\n</tr><tr bgcolor=\"#E3E3F3\">\n<th>COMM_NUM</th>\n<td>123</td>\n</tr><tr bgcolor=\"\">\n<th>NDGIS_ID</th>\n<td>25</td>\n</tr></table></center>", "COMM_NUM": 123, "CNAME_E": "AL MUTEENA", "population": 52892.0, "area_km2": 1.113041985, "pop_density": 47520.22, "anomaly_morning_mean": 3.7363, "anomaly_morning_median": 3.7613, "anomaly_morning_std": 0.6663, "anomaly_morning_min": 1.73, "anomaly_morning_max": 5.8383, "anomaly_morning_count": 1243, "anomaly_morning_extreme_pct": 0.0, "anomaly_afternoon_mean": -1.5264, "anomaly_afternoon_median": -1.4791, "anomaly_afternoon_std": 1.2662, "anomaly_afternoon_min": -6.1583, "anomaly_afternoon_max": 1.3629, "anomaly_afternoon_count": 1243, "anomaly_afternoon_extreme_pct": 0.0, "anomaly_night_mean": 2.0014, "anomaly_night_median": 1.9964, "anomaly_night_std": 0.7958, "anomaly_night_min": -0.4595, "anomaly_night_max": 3.6882, "anomaly_night_count": 1243, "anomaly_night_extreme_pct": 0.0603, "diurnal_range_mean": -3.5278, "diurnal_range_std": 1.5182, "ndvi_mean": 0.028, "green_fraction": 0.0056, "albedo_mean": 0.3504, "building_density_mean": 0.3667, "building_height_mean": 5.298, "road_density_mean": 0.1688, "sand_fraction_mean": 0.1207, "water_fraction_mean": 0.0, "dist_to_coast_mean": 1676.4968 }, "geometry": { "type": "Polygon", "coordinates": [ [ [ 55.329846944259202, 25.2728609104078, 0.0 ], [ 55.3303632544796, 25.270468727238796, 0.0 ], [ 55.328596125126303, 25.270306201421995, 0.0 ], [ 55.318857030230497, 25.270359721442997, 0.0 ], [ 55.3164247777976, 25.270079621200296, 0.0 ], [ 55.315371482633999, 25.2765970966243, 0.0 ], [ 55.318746994443501, 25.277310613090901, 0.0 ], [ 55.326699487876802, 25.278466658919797, 0.0 ], [ 55.327126398075599, 25.278665274583098, 0.0 ], [ 55.328744824972503, 25.276047462617697, 0.0 ], [ 55.329846944259202, 25.2728609104078, 0.0 ] ] ] } },
{ "type": "Feature", "properties": { "id": "kml_109", "description": "<center><table><tr><th colspan='2' align='center'><em>Attributes</em></th></tr><tr bgcolor=\"#E3E3F3\">\n<th>OBJECTID</th>\n<td>141</td>\n</tr><tr bgcolor=\"\">\n<th>CNAME_E</th>\n<td>NAIF</td>\n</tr><tr bgcolor=\"#E3E3F3\">\n<th>CNAME_A</th>\n<td>نايف</td>\n</tr><tr bgcolor=\"\">\n<th>LABEL_E</th>\n<td>NAIF</td>\n</tr><tr bgcolor=\"#E3E3F3\">\n<th>LABEL_A</th>\n<td>نايف</td>\n</tr><tr bgcolor=\"\">\n<th>C_PREFIX_E</th>\n<td>Community:</td>\n</tr><tr bgcolor=\"#E3E3F3\">\n<th>C_PREFIX_A</th>\n<td>:???????</td>\n</tr><tr bgcolor=\"\">\n<th>COMMUNITY_E</th>\n<td>NAIF - 118</td>\n</tr><tr bgcolor=\"#E3E3F3\">\n<th>COMMUNITY_A</th>\n<td>نايف - 118</td>\n</tr><tr bgcolor=\"\">\n<th>DGIS_ID</th>\n<td>0000029</td>\n</tr><tr bgcolor=\"#E3E3F3\">\n<th>COMM_NUM</th>\n<td>118</td>\n</tr><tr bgcolor=\"\">\n<th>NDGIS_ID</th>\n<td>29</td>\n</tr></table></center>", "COMM_NUM": 118, "CNAME_E": "NAIF", "population": 57344.0, "area_km2": 0.747248209, "pop_density": 76740.23077, "anomaly_morning_mean": 2.6375, "anomaly_morning_median": 2.5001, "anomaly_morning_std": 0.6191, "anomaly_morning_min": 1.3681, "anomaly_morning_max": 4.6093, "anomaly_morning_count": 829, "anomaly_morning_extreme_pct": 0.0, "anomaly_afternoon_mean": -1.6302, "anomaly_afternoon_median": -1.6501, "anomaly_afternoon_std": 1.0274, "anomaly_afternoon_min": -6.3927, "anomaly_afternoon_max": 1.2886, "anomaly_afternoon_count": 829, "anomaly_afternoon_extreme_pct": 0.0, "anomaly_night_mean": 2.1694, "anomaly_night_median": 2.2818, "anomaly_night_std": 0.7096, "anomaly_night_min": -0.2119, "anomaly_night_max": 3.462, "anomaly_night_count": 829, "anomaly_night_extreme_pct": 0.041, "diurnal_range_mean": -3.7996, "diurnal_range_std": 1.1203, "ndvi_mean": 0.0158, "green_fraction": 0.0145, "albedo_mean": 0.3585, "building_density_mean": 0.5021, "building_height_mean": 6.8018, "road_density_mean": 0.1466, "sand_fraction_mean": 0.0302, "water_fraction_mean": 0.0, "dist_to_coast_mean": 1132.1378 }, "geometry": { "type": "Polygon", "coordinates": [ [ [ 55.315371482633999, 25.2765970966243, 0.0 ], [ 55.3164247777976, 25.270079621200296, 0.0 ], [ 55.311818396775202, 25.269681827030197, 0.0 ], [ 55.310547647396199, 25.269726772095304, 0.0 ], [ 55.305047901856099, 25.268940458526998, 0.0 ], [ 55.303340354168697, 25.268940121451195, 0.0 ], [ 55.302376728707202, 25.271494605916196, 0.0 ], [ 55.306933119251298, 25.273689078940503, 0.0 ], [ 55.311559212838503, 25.275648724349601, 0.0 ], [ 55.313375954881401, 25.276316998834901, 0.0 ], [ 55.315371482633999, 25.2765970966243, 0.0 ] ] ] } },
{ "type": "Feature", "properties": { "id": "kml_110", "description": "<center><table><tr><th colspan='2' align='center'><em>Attributes</em></th></tr><tr bgcolor=\"#E3E3F3\">\n<th>OBJECTID</th>\n<td>142</td>\n</tr><tr bgcolor=\"\">\n<th>CNAME_E</th>\n<td>TRADE CENTER FIRST</td>\n</tr><tr bgcolor=\"#E3E3F3\">\n<th>CNAME_A</th>\n<td>المركز التجاري الأولى</td>\n</tr><tr bgcolor=\"\">\n<th>LABEL_E</th>\n<td>TRADE CENTER FIRST</td>\n</tr><tr bgcolor=\"#E3E3F3\">\n<th>LABEL_A</th>\n<td>المركز التجاري الأولى</td>\n</tr><tr bgcolor=\"\">\n<th>C_PREFIX_E</th>\n<td>Community:</td>\n</tr><tr bgcolor=\"#E3E3F3\">\n<th>C_PREFIX_A</th>\n<td>:???????</td>\n</tr><tr bgcolor=\"\">\n<th>COMMUNITY_E</th>\n<td>TRADE CENTER FIRST - 335</td>\n</tr><tr bgcolor=\"#E3E3F3\">\n<th>COMMUNITY_A</th>\n<td>المركز التجاري الأولى - 335</td>\n</tr><tr bgcolor=\"\">\n<th>DGIS_ID</th>\n<td>0000072</td>\n</tr><tr bgcolor=\"#E3E3F3\">\n<th>COMM_NUM</th>\n<td>335</td>\n</tr><tr bgcolor=\"\">\n<th>NDGIS_ID</th>\n<td>72</td>\n</tr></table></center>", "COMM_NUM": 335, "CNAME_E": "TRADE CENTER FIRST", "population": 19913.0, "area_km2": 0.8348759415, "pop_density": 23851.44787, "anomaly_morning_mean": 1.4503, "anomaly_morning_median": 1.5593, "anomaly_morning_std": 1.2445, "anomaly_morning_min": -3.1996, "anomaly_morning_max": 5.0497, "anomaly_morning_count": 926, "anomaly_morning_extreme_pct": 0.0, "anomaly_afternoon_mean": -1.8332, "anomaly_afternoon_median": -1.5057, "anomaly_afternoon_std": 2.1462, "anomaly_afternoon_min": -12.3968, "anomaly_afternoon_max": 1.1351, "anomaly_afternoon_count": 926, "anomaly_afternoon_extreme_pct": 0.0, "anomaly_night_mean": 1.8264, "anomaly_night_median": 2.0361, "anomaly_night_std": 0.7851, "anomaly_night_min": -0.6674, "anomaly_night_max": 3.2273, "anomaly_night_count": 926, "anomaly_night_extreme_pct": 0.0011, "diurnal_range_mean": -3.6596, "diurnal_range_std": 2.211, "ndvi_mean": 0.0385, "green_fraction": 0.0184, "albedo_mean": 0.2963, "building_density_mean": 0.2116, "building_height_mean": 7.8887, "road_density_mean": 0.1888, "sand_fraction_mean": 0.135, "water_fraction_mean": 0.0227, "dist_to_coast_mean": 2418.7816 }, "geometry": { "type": "Polygon", "coordinates": [ [ [ 55.2896244656162, 25.229858059089405, 0.0 ], [ 55.287123930062698, 25.228746952886205, 0.0 ], [ 55.270850276440299, 25.204900091107604, 0.0 ], [ 55.269024071466802, 25.205820094343505, 0.0 ], [ 55.275915382910298, 25.216068825563305, 0.0 ], [ 55.276262326491299, 25.216845300267195, 0.0 ], [ 55.2766089259596, 25.218416168573793, 0.0 ], [ 55.2769956055159, 25.219147520516401, 0.0 ], [ 55.286140476642998, 25.231193012739595, 0.0 ], [ 55.2896244656162, 25.229858059089405, 0.0 ] ] ] } },
{ "type": "Feature", "properties": { "id": "kml_111", "description": "<center><table><tr><th colspan='2' align='center'><em>Attributes</em></th></tr><tr bgcolor=\"#E3E3F3\">\n<th>OBJECTID</th>\n<td>143</td>\n</tr><tr bgcolor=\"\">\n<th>CNAME_E</th>\n<td>AL SATWA</td>\n</tr><tr bgcolor=\"#E3E3F3\">\n<th>CNAME_A</th>\n<td>السطوة</td>\n</tr><tr bgcolor=\"\">\n<th>LABEL_E</th>\n<td>AL SATWA</td>\n</tr><tr bgcolor=\"#E3E3F3\">\n<th>LABEL_A</th>\n<td>السطوة</td>\n</tr><tr bgcolor=\"\">\n<th>C_PREFIX_E</th>\n<td>Community:</td>\n</tr><tr bgcolor=\"#E3E3F3\">\n<th>C_PREFIX_A</th>\n<td>:???????</td>\n</tr><tr bgcolor=\"\">\n<th>COMMUNITY_E</th>\n<td>AL SATWA - 334</td>\n</tr><tr bgcolor=\"#E3E3F3\">\n<th>COMMUNITY_A</th>\n<td>السطوة - 334</td>\n</tr><tr bgcolor=\"\">\n<th>DGIS_ID</th>\n<td>0000067</td>\n</tr><tr bgcolor=\"#E3E3F3\">\n<th>COMM_NUM</th>\n<td>334</td>\n</tr><tr bgcolor=\"\">\n<th>NDGIS_ID</th>\n<td>67</td>\n</tr></table></center>", "COMM_NUM": 334, "CNAME_E": "AL SATWA", "population": 45326.0, "area_km2": 2.6928862335, "pop_density": 16831.75451, "anomaly_morning_mean": 3.2951, "anomaly_morning_median": 3.4011, "anomaly_morning_std": 0.8641, "anomaly_morning_min": 0.0396, "anomaly_morning_max": 6.0732, "anomaly_morning_count": 2993, "anomaly_morning_extreme_pct": 0.0, "anomaly_afternoon_mean": -2.0602, "anomaly_afternoon_median": -2.0339, "anomaly_afternoon_std": 1.5732, "anomaly_afternoon_min": -6.3288, "anomaly_afternoon_max": 1.0937, "anomaly_afternoon_count": 2993, "anomaly_afternoon_extreme_pct": 0.0, "anomaly_night_mean": 1.5918, "anomaly_night_median": 1.574, "anomaly_night_std": 0.7384, "anomaly_night_min": -1.2211, "anomaly_night_max": 3.3193, "anomaly_night_count": 2993, "anomaly_night_extreme_pct": 0.0003, "diurnal_range_mean": -3.652, "diurnal_range_std": 1.6216, "ndvi_mean": 0.0489, "green_fraction": 0.0231, "albedo_mean": 0.3636, "building_density_mean": 0.2251, "building_height_mean": 1.8466, "road_density_mean": 0.1401, "sand_fraction_mean": 0.1113, "water_fraction_mean": 0.0, "dist_to_coast_mean": 1889.3784 }, "geometry": { "type": "Polygon", "coordinates": [ [ [ 55.278784661777401, 25.235081200846192, 0.0 ], [ 55.283787981796799, 25.232131071064803, 0.0 ], [ 55.286140476642998, 25.231193012739595, 0.0 ], [ 55.2769956055159, 25.219147520516401, 0.0 ], [ 55.2766089259596, 25.218416168573793, 0.0 ], [ 55.276262326491299, 25.216845300267195, 0.0 ], [ 55.275915382910298, 25.216068825563305, 0.0 ], [ 55.269024071466802, 25.205820094343505, 0.0 ], [ 55.261073666978, 25.210059217626302, 0.0 ], [ 55.273042609060802, 25.226087882268899, 0.0 ], [ 55.273885755268203, 25.226918726307101, 0.0 ], [ 55.278934157174902, 25.233682041219101, 0.0 ], [ 55.2782789458252, 25.234078995014496, 0.0 ], [ 55.278784661777401, 25.235081200846192, 0.0 ] ] ] } },
{ "type": "Feature", "properties": { "id": "kml_112", "description": "<center><table><tr><th colspan='2' align='center'><em>Attributes</em></th></tr><tr bgcolor=\"#E3E3F3\">\n<th>OBJECTID</th>\n<td>144</td>\n</tr><tr bgcolor=\"\">\n<th>CNAME_E</th>\n<td>NADD HESSA</td>\n</tr><tr bgcolor=\"#E3E3F3\">\n<th>CNAME_A</th>\n<td>ند حصه</td>\n</tr><tr bgcolor=\"\">\n<th>LABEL_E</th>\n<td>NADD HESSA</td>\n</tr><tr bgcolor=\"#E3E3F3\">\n<th>LABEL_A</th>\n<td>ند حصه</td>\n</tr><tr bgcolor=\"\">\n<th>C_PREFIX_E</th>\n<td>Community:</td>\n</tr><tr bgcolor=\"#E3E3F3\">\n<th>C_PREFIX_A</th>\n<td>:???????</td>\n</tr><tr bgcolor=\"\">\n<th>COMMUNITY_E</th>\n<td>NADD HESSA - 626</td>\n</tr><tr bgcolor=\"#E3E3F3\">\n<th>COMMUNITY_A</th>\n<td>ند حصه - 626</td>\n</tr><tr bgcolor=\"\">\n<th>DGIS_ID</th>\n<td>0000233</td>\n</tr><tr bgcolor=\"#E3E3F3\">\n<th>COMM_NUM</th>\n<td>626</td>\n</tr><tr bgcolor=\"\">\n<th>NDGIS_ID</th>\n<td>233</td>\n</tr></table></center>", "COMM_NUM": 626, "CNAME_E": "NADD HESSA", "population": 60804.0, "area_km2": 9.7726240885559985, "pop_density": 6221.870344, "anomaly_morning_mean": 6.2543, "anomaly_morning_median": 6.6316, "anomaly_morning_std": 1.7627, "anomaly_morning_min": -1.8367, "anomaly_morning_max": 9.2714, "anomaly_morning_count": 10860, "anomaly_morning_extreme_pct": 0.1343, "anomaly_afternoon_mean": 0.5253, "anomaly_afternoon_median": 1.9645, "anomaly_afternoon_std": 2.7545, "anomaly_afternoon_min": -15.5163, "anomaly_afternoon_max": 4.1534, "anomaly_afternoon_count": 10860, "anomaly_afternoon_extreme_pct": 0.4141, "anomaly_night_mean": 0.586, "anomaly_night_median": 0.6165, "anomaly_night_std": 1.3749, "anomaly_night_min": -2.3928, "anomaly_night_max": 3.8459, "anomaly_night_count": 10860, "anomaly_night_extreme_pct": 0.011, "diurnal_range_mean": -0.0607, "diurnal_range_std": 3.5975, "ndvi_mean": 0.0603, "green_fraction": 0.0507, "albedo_mean": 0.3892, "building_density_mean": 0.1283, "building_height_mean": 1.3482, "road_density_mean": 0.0855, "sand_fraction_mean": 0.4724, "water_fraction_mean": 0.0029, "dist_to_coast_mean": 17133.3599 }, "geometry": { "type": "Polygon", "coordinates": [ [ [ 55.399950116666098, 25.140271711482896, 0.0 ], [ 55.398902694465903, 25.139360989537998, 0.0 ], [ 55.396658955192201, 25.136426582631302, 0.0 ], [ 55.395928283744198, 25.1343893927179, 0.0 ], [ 55.394795018959201, 25.133996145327899, 0.0 ], [ 55.395751609251199, 25.133319008384998, 0.0 ], [ 55.401907945080801, 25.131145714684902, 0.0 ], [ 55.404243947555102, 25.129494150995402, 0.0 ], [ 55.4082291092503, 25.125232559428497, 0.0 ], [ 55.39229611152961, 25.113265593938102, 0.0 ], [ 55.382626195778698, 25.1063090414792, 0.0 ], [ 55.381545299267998, 25.105713591768897, 0.0 ], [ 55.378923882529598, 25.103402218285698, 0.0 ], [ 55.364943802891901, 25.119900970379394, 0.0 ], [ 55.367590289114801, 25.121650727967697, 0.0 ], [ 55.372440341197503, 25.125702807199502, 0.0 ], [ 55.375237612618797, 25.128518558768398, 0.0 ], [ 55.377053046030099, 25.130666536673399, 0.0 ], [ 55.379017499707203, 25.133374139390998, 0.0 ], [ 55.380734175022297, 25.136226231449196, 0.0 ], [ 55.381974756823801, 25.138690285210103, 0.0 ], [ 55.384997237302201, 25.145626330508101, 0.0 ], [ 55.399950116666098, 25.140271711482896, 0.0 ] ] ] } },
{ "type": "Feature", "properties": { "id": "kml_113", "description": "<center><table><tr><th colspan='2' align='center'><em>Attributes</em></th></tr><tr bgcolor=\"#E3E3F3\">\n<th>OBJECTID</th>\n<td>145</td>\n</tr><tr bgcolor=\"\">\n<th>CNAME_E</th>\n<td>MUHAISANAH FIFTH</td>\n</tr><tr bgcolor=\"#E3E3F3\">\n<th>CNAME_A</th>\n<td>محيصنة الخامسة</td>\n</tr><tr bgcolor=\"\">\n<th>LABEL_E</th>\n<td>MUHAISANAH FIFTH</td>\n</tr><tr bgcolor=\"#E3E3F3\">\n<th>LABEL_A</th>\n<td>محيصنة الخامسة</td>\n</tr><tr bgcolor=\"\">\n<th>C_PREFIX_E</th>\n<td>Community:</td>\n</tr><tr bgcolor=\"#E3E3F3\">\n<th>C_PREFIX_A</th>\n<td>:???????</td>\n</tr><tr bgcolor=\"\">\n<th>COMMUNITY_E</th>\n<td>MUHAISANAH FIFTH - 267</td>\n</tr><tr bgcolor=\"#E3E3F3\">\n<th>COMMUNITY_A</th>\n<td>محيصنة الخامسة - 267</td>\n</tr><tr bgcolor=\"\">\n<th>DGIS_ID</th>\n<td>0000018</td>\n</tr><tr bgcolor=\"#E3E3F3\">\n<th>COMM_NUM</th>\n<td>267</td>\n</tr><tr bgcolor=\"\">\n<th>NDGIS_ID</th>\n<td>18</td>\n</tr></table></center>", "COMM_NUM": 267, "CNAME_E": "MUHAISANAH FIFTH", "population": 2.0, "area_km2": 1.961509115498, "pop_density": 1.019623097, "anomaly_morning_mean": 6.2378, "anomaly_morning_median": 6.4686, "anomaly_morning_std": 1.7062, "anomaly_morning_min": -0.6908, "anomaly_morning_max": 10.1342, "anomaly_morning_count": 2181, "anomaly_morning_extreme_pct": 0.1275, "anomaly_afternoon_mean": -0.3384, "anomaly_afternoon_median": 0.1742, "anomaly_afternoon_std": 1.6377, "anomaly_afternoon_min": -5.7494, "anomaly_afternoon_max": 1.9709, "anomaly_afternoon_count": 2181, "anomaly_afternoon_extreme_pct": 0.0, "anomaly_night_mean": -0.7869, "anomaly_night_median": -0.5423, "anomaly_night_std": 0.9893, "anomaly_night_min": -2.4909, "anomaly_night_max": 2.3363, "anomaly_night_count": 2181, "anomaly_night_extreme_pct": 0.0, "diurnal_range_mean": 0.4485, "diurnal_range_std": 2.0718, "ndvi_mean": 0.0426, "green_fraction": 0.0344, "albedo_mean": 0.4882, "building_density_mean": 0.0049, "building_height_mean": 0.1022, "road_density_mean": 0.0195, "sand_fraction_mean": 0.5112, "water_fraction_mean": 0.0, "dist_to_coast_mean": 7054.2861 }, "geometry": { "type": "Polygon", "coordinates": [ [ [ 55.443786760701997, 25.2806100375788, 0.0 ], [ 55.439291165683798, 25.271532037675396, 0.0 ], [ 55.422270069871502, 25.278503198389899, 0.0 ], [ 55.423989542802403, 25.281011694741196, 0.0 ], [ 55.426335638939406, 25.284882872439201, 0.0 ], [ 55.427746945712499, 25.2866964279822, 0.0 ], [ 55.443786760701997, 25.2806100375788, 0.0 ] ] ] } },
{ "type": "Feature", "properties": { "id": "kml_115", "description": "<center><table><tr><th colspan='2' align='center'><em>Attributes</em></th></tr><tr bgcolor=\"#E3E3F3\">\n<th>OBJECTID</th>\n<td>147</td>\n</tr><tr bgcolor=\"\">\n<th>CNAME_E</th>\n<td>AL CORNICHE</td>\n</tr><tr bgcolor=\"#E3E3F3\">\n<th>CNAME_A</th>\n<td>الكورنيش</td>\n</tr><tr bgcolor=\"\">\n<th>LABEL_E</th>\n<td>AL CORNICHE</td>\n</tr><tr bgcolor=\"#E3E3F3\">\n<th>LABEL_A</th>\n<td>الكورنيش</td>\n</tr><tr bgcolor=\"\">\n<th>C_PREFIX_E</th>\n<td>Community:</td>\n</tr><tr bgcolor=\"#E3E3F3\">\n<th>C_PREFIX_A</th>\n<td>:???????</td>\n</tr><tr bgcolor=\"\">\n<th>COMMUNITY_E</th>\n<td>AL CORNICHE - 111</td>\n</tr><tr bgcolor=\"#E3E3F3\">\n<th>COMMUNITY_A</th>\n<td>الكورنيش - 111</td>\n</tr><tr bgcolor=\"\">\n<th>DGIS_ID</th>\n<td>0000020</td>\n</tr><tr bgcolor=\"#E3E3F3\">\n<th>COMM_NUM</th>\n<td>111</td>\n</tr><tr bgcolor=\"\">\n<th>NDGIS_ID</th>\n<td>20</td>\n</tr></table></center>", "COMM_NUM": 111, "CNAME_E": "AL CORNICHE", "population": 7824.0, "area_km2": 0.61132513390300003, "pop_density": 12798.42684, "anomaly_morning_mean": 1.5844, "anomaly_morning_median": 1.5924, "anomaly_morning_std": 1.6931, "anomaly_morning_min": -3.2389, "anomaly_morning_max": 5.0133, "anomaly_morning_count": 684, "anomaly_morning_extreme_pct": 0.0, "anomaly_afternoon_mean": -2.5897, "anomaly_afternoon_median": -2.098, "anomaly_afternoon_std": 2.4728, "anomaly_afternoon_min": -11.6014, "anomaly_afternoon_max": 0.7623, "anomaly_afternoon_count": 684, "anomaly_afternoon_extreme_pct": 0.0, "anomaly_night_mean": 1.6817, "anomaly_night_median": 1.7215, "anomaly_night_std": 0.654, "anomaly_night_min": -0.5835, "anomaly_night_max": 3.6488, "anomaly_night_count": 684, "anomaly_night_extreme_pct": 0.0073, "diurnal_range_mean": -4.2714, "diurnal_range_std": 2.3138, "ndvi_mean": 0.0517, "green_fraction": 0.0351, "albedo_mean": 0.3023, "building_density_mean": 0.1438, "building_height_mean": 1.9743, "road_density_mean": 0.2093, "sand_fraction_mean": 0.0292, "water_fraction_mean": 0.057, "dist_to_coast_mean": 208.4824 }, "geometry": { "type": "Polygon", "coordinates": [ [ [ 55.309969763367903, 25.280586336194698, 0.0 ], [ 55.309920208977999, 25.280125935285096, 0.0 ], [ 55.310089031938197, 25.279873211130596, 0.0 ], [ 55.302276430512805, 25.275502637594499, 0.0 ], [ 55.295839860687202, 25.272981946563096, 0.0 ], [ 55.295242133381898, 25.2744649715113, 0.0 ], [ 55.2953403998997, 25.274501168607003, 0.0 ], [ 55.294862074725202, 25.275954071732997, 0.0 ], [ 55.301842073529009, 25.279314391255596, 0.0 ], [ 55.3083507412207, 25.283025302411204, 0.0 ], [ 55.309969763367903, 25.280586336194698, 0.0 ] ] ] } },
{ "type": "Feature", "properties": { "id": "kml_117", "description": "<center><table><tr><th colspan='2' align='center'><em>Attributes</em></th></tr><tr bgcolor=\"#E3E3F3\">\n<th>OBJECTID</th>\n<td>149</td>\n</tr><tr bgcolor=\"\">\n<th>CNAME_E</th>\n<td>MUHAISANAH THIRD</td>\n</tr><tr bgcolor=\"#E3E3F3\">\n<th>CNAME_A</th>\n<td>محيصنة الثالثة</td>\n</tr><tr bgcolor=\"\">\n<th>LABEL_E</th>\n<td>MUHAISANAH THIRD</td>\n</tr><tr bgcolor=\"#E3E3F3\">\n<th>LABEL_A</th>\n<td>محيصنة الثالثة</td>\n</tr><tr bgcolor=\"\">\n<th>C_PREFIX_E</th>\n<td>Community:</td>\n</tr><tr bgcolor=\"#E3E3F3\">\n<th>C_PREFIX_A</th>\n<td>:???????</td>\n</tr><tr bgcolor=\"\">\n<th>COMMUNITY_E</th>\n<td>MUHAISANAH THIRD - 244</td>\n</tr><tr bgcolor=\"#E3E3F3\">\n<th>COMMUNITY_A</th>\n<td>محيصنة الثالثة - 244</td>\n</tr><tr bgcolor=\"\">\n<th>DGIS_ID</th>\n<td>0000022</td>\n</tr><tr bgcolor=\"#E3E3F3\">\n<th>COMM_NUM</th>\n<td>244</td>\n</tr><tr bgcolor=\"\">\n<th>NDGIS_ID</th>\n<td>22</td>\n</tr></table></center>", "COMM_NUM": 244, "CNAME_E": "MUHAISANAH THIRD", "population": 7614.0, "area_km2": 1.7533007564999998, "pop_density": 4342.666238, "anomaly_morning_mean": 4.6097, "anomaly_morning_median": 4.5863, "anomaly_morning_std": 0.7149, "anomaly_morning_min": 2.6115, "anomaly_morning_max": 7.5737, "anomaly_morning_count": 1953, "anomaly_morning_extreme_pct": 0.0, "anomaly_afternoon_mean": -0.5619, "anomaly_afternoon_median": -0.1912, "anomaly_afternoon_std": 1.69, "anomaly_afternoon_min": -4.9997, "anomaly_afternoon_max": 2.019, "anomaly_afternoon_count": 1953, "anomaly_afternoon_extreme_pct": 0.0, "anomaly_night_mean": 0.6639, "anomaly_night_median": 0.7025, "anomaly_night_std": 0.8814, "anomaly_night_min": -1.9496, "anomaly_night_max": 3.4867, "anomaly_night_count": 1953, "anomaly_night_extreme_pct": 0.0005, "diurnal_range_mean": -1.2259, "diurnal_range_std": 2.1565, "ndvi_mean": 0.0464, "green_fraction": 0.0108, "albedo_mean": 0.3958, "building_density_mean": 0.2053, "building_height_mean": 0.6242, "road_density_mean": 0.114, "sand_fraction_mean": 0.4531, "water_fraction_mean": 0.0, "dist_to_coast_mean": 5703.0189 }, "geometry": { "type": "Polygon", "coordinates": [ [ [ 55.3966957838228, 25.280836368997797, 0.0 ], [ 55.415185479074005, 25.2700669222519, 0.0 ], [ 55.411777909769107, 25.266376669087688, 0.0 ], [ 55.409949638884903, 25.263777809558892, 0.0 ], [ 55.405225892727699, 25.266479303981392, 0.0 ], [ 55.403379692285903, 25.2669947391256, 0.0 ], [ 55.402297866704799, 25.2674646602987, 0.0 ], [ 55.396293540253097, 25.270951822586497, 0.0 ], [ 55.396197778532802, 25.277776382861596, 0.0 ], [ 55.3966957838228, 25.280836368997797, 0.0 ] ] ] } },
{ "type": "Feature", "properties": { "id": "kml_118", "description": "<center><table><tr><th colspan='2' align='center'><em>Attributes</em></th></tr><tr bgcolor=\"#E3E3F3\">\n<th>OBJECTID</th>\n<td>150</td>\n</tr><tr bgcolor=\"\">\n<th>CNAME_E</th>\n<td>DUBAI INVESTMENT PARK FIRST</td>\n</tr><tr bgcolor=\"#E3E3F3\">\n<th>CNAME_A</th>\n<td>مجمع دبي للاستثمار الأول</td>\n</tr><tr bgcolor=\"\">\n<th>LABEL_E</th>\n<td>DUBAI INVESTMENT PARK FIRST</td>\n</tr><tr bgcolor=\"#E3E3F3\">\n<th>LABEL_A</th>\n<td>مجمع دبي للاستثمار الأول</td>\n</tr><tr bgcolor=\"\">\n<th>C_PREFIX_E</th>\n<td>Community:</td>\n</tr><tr bgcolor=\"#E3E3F3\">\n<th>C_PREFIX_A</th>\n<td>:???????</td>\n</tr><tr bgcolor=\"\">\n<th>COMMUNITY_E</th>\n<td>DUBAI INVESTMENT PARK FIRST - 598</td>\n</tr><tr bgcolor=\"#E3E3F3\">\n<th>COMMUNITY_A</th>\n<td>مجمع دبي للاستثمار الأول - 598</td>\n</tr><tr bgcolor=\"\">\n<th>DGIS_ID</th>\n<td>0000134</td>\n</tr><tr bgcolor=\"#E3E3F3\">\n<th>COMM_NUM</th>\n<td>598</td>\n</tr><tr bgcolor=\"\">\n<th>NDGIS_ID</th>\n<td>134</td>\n</tr></table></center>", "COMM_NUM": 598, "CNAME_E": "DUBAI INVESTMENT PARK FIRST", "population": 75316.0, "area_km2": 17.167002883365999, "pop_density": 4387.25388, "anomaly_morning_mean": 5.8814, "anomaly_morning_median": 6.2551, "anomaly_morning_std": 2.1958, "anomaly_morning_min": -4.7443, "anomaly_morning_max": 11.707, "anomaly_morning_count": 19072, "anomaly_morning_extreme_pct": 0.1174, "anomaly_afternoon_mean": -0.6902, "anomaly_afternoon_median": 0.2169, "anomaly_afternoon_std": 2.312, "anomaly_afternoon_min": -15.8581, "anomaly_afternoon_max": 3.3455, "anomaly_afternoon_count": 19072, "anomaly_afternoon_extreme_pct": 0.0135, "anomaly_night_mean": 0.1073, "anomaly_night_median": 0.1371, "anomaly_night_std": 1.1037, "anomaly_night_min": -2.4101, "anomaly_night_max": 3.6178, "anomaly_night_count": 19072, "anomaly_night_extreme_pct": 0.0009, "diurnal_range_mean": -0.7976, "diurnal_range_std": 2.591, "ndvi_mean": 0.0653, "green_fraction": 0.0732, "albedo_mean": 0.4017, "building_density_mean": 0.1919, "building_height_mean": 1.9917, "road_density_mean": 0.0633, "sand_fraction_mean": 0.3128, "water_fraction_mean": 0.0014, "dist_to_coast_mean": 8446.75 }, "geometry": { "type": "Polygon", "coordinates": [ [ [ 55.184627630579207, 24.997489624323702, 0.0 ], [ 55.1878584032928, 24.996192863556502, 0.0 ], [ 55.186524736304101, 24.993176379526702, 0.0 ], [ 55.185814958268303, 24.9903320243201, 0.0 ], [ 55.185609541764897, 24.988156199428701, 0.0 ], [ 55.185674383843399, 24.983624470038301, 0.0 ], [ 55.1855574066714, 24.982053572204098, 0.0 ], [ 55.182003461364801, 24.964437364562801, 0.0 ], [ 55.1732270678527, 24.966233687320504, 0.0 ], [ 55.1608639629493, 24.969081596747305, 0.0 ], [ 55.142267369847502, 24.974983477580295, 0.0 ], [ 55.145875149241803, 24.991984232751701, 0.0 ], [ 55.146771397629799, 24.995379682814097, 0.0 ], [ 55.148102613174402, 24.999398562439804, 0.0 ], [ 55.150254489206098, 25.004519789013099, 0.0 ], [ 55.152546252518398, 25.008946038998094, 0.0 ], [ 55.155185155549709, 25.013210174193599, 0.0 ], [ 55.158151460930803, 25.017276043512901, 0.0 ], [ 55.160897439312002, 25.016078604775604, 0.0 ], [ 55.163842645471703, 25.014050817945201, 0.0 ], [ 55.165112397849001, 25.0128335555905, 0.0 ], [ 55.1676228463702, 25.009848291046399, 0.0 ], [ 55.170093022783803, 25.007260145938101, 0.0 ], [ 55.174645106798799, 25.003347158617295, 0.0 ], [ 55.179185915482599, 25.000300653190095, 0.0 ], [ 55.184627630579207, 24.997489624323702, 0.0 ] ] ] } },
{ "type": "Feature", "properties": { "id": "kml_119", "description": "<center><table><tr><th colspan='2' align='center'><em>Attributes</em></th></tr><tr bgcolor=\"#E3E3F3\">\n<th>OBJECTID</th>\n<td>151</td>\n</tr><tr bgcolor=\"\">\n<th>CNAME_E</th>\n<td>WARSAN FIRST</td>\n</tr><tr bgcolor=\"#E3E3F3\">\n<th>CNAME_A</th>\n<td>ورسان الأولى</td>\n</tr><tr bgcolor=\"\">\n<th>LABEL_E</th>\n<td>WARSAN FIRST</td>\n</tr><tr bgcolor=\"#E3E3F3\">\n<th>LABEL_A</th>\n<td>ورسان الأولى</td>\n</tr><tr bgcolor=\"\">\n<th>C_PREFIX_E</th>\n<td>Community:</td>\n</tr><tr bgcolor=\"#E3E3F3\">\n<th>C_PREFIX_A</th>\n<td>:???????</td>\n</tr><tr bgcolor=\"\">\n<th>COMMUNITY_E</th>\n<td>WARSAN FIRST - 621</td>\n</tr><tr bgcolor=\"#E3E3F3\">\n<th>COMMUNITY_A</th>\n<td>ورسان الأولى - 621</td>\n</tr><tr bgcolor=\"\">\n<th>DGIS_ID</th>\n<td>0000097</td>\n</tr><tr bgcolor=\"#E3E3F3\">\n<th>COMM_NUM</th>\n<td>621</td>\n</tr><tr bgcolor=\"\">\n<th>NDGIS_ID</th>\n<td>97</td>\n</tr></table></center>", "COMM_NUM": 621, "CNAME_E": "WARSAN FIRST", "population": 120353.0, "area_km2": 8.4265326781619994, "pop_density": 14282.62425, "anomaly_morning_mean": 5.8871, "anomaly_morning_median": 6.0784, "anomaly_morning_std": 1.8138, "anomaly_morning_min": -6.0359, "anomaly_morning_max": 8.9356, "anomaly_morning_count": 9364, "anomaly_morning_extreme_pct": 0.0155, "anomaly_afternoon_mean": 0.2324, "anomaly_afternoon_median": 1.1117, "anomaly_afternoon_std": 2.9484, "anomaly_afternoon_min": -15.5884, "anomaly_afternoon_max": 3.6889, "anomaly_afternoon_count": 9364, "anomaly_afternoon_extreme_pct": 0.2771, "anomaly_night_mean": 1.3325, "anomaly_night_median": 1.3879, "anomaly_night_std": 1.3577, "anomaly_night_min": -1.9391, "anomaly_night_max": 4.1, "anomaly_night_count": 9364, "anomaly_night_extreme_pct": 0.0753, "diurnal_range_mean": -1.1001, "diurnal_range_std": 3.4037, "ndvi_mean": 0.0483, "green_fraction": 0.0383, "albedo_mean": 0.3612, "building_density_mean": 0.1697, "building_height_mean": 2.1181, "road_density_mean": 0.1573, "sand_fraction_mean": 0.355, "water_fraction_mean": 0.0142, "dist_to_coast_mean": 16322.1205 }, "geometry": { "type": "Polygon", "coordinates": [ [ [ 55.401186462833202, 25.1788812213664, 0.0 ], [ 55.404658369535198, 25.178545580287498, 0.0 ], [ 55.427610506775501, 25.174190628167498, 0.0 ], [ 55.423419327121003, 25.154857280901592, 0.0 ], [ 55.423092240300299, 25.154207054605696, 0.0 ], [ 55.422367622223902, 25.153404063564, 0.0 ], [ 55.4190534975166, 25.151347797130096, 0.0 ], [ 55.4178228316065, 25.150147874664398, 0.0 ], [ 55.417098136423903, 25.149146256896405, 0.0 ], [ 55.414560011373602, 25.150420518647898, 0.0 ], [ 55.408877974258999, 25.152012328877596, 0.0 ], [ 55.397405127744797, 25.156657762659599, 0.0 ], [ 55.391108710278203, 25.160515003266404, 0.0 ], [ 55.395379725168802, 25.172230676982497, 0.0 ], [ 55.396045627845503, 25.174730948864905, 0.0 ], [ 55.397070134162099, 25.180020485889699, 0.0 ], [ 55.401186462833202, 25.1788812213664, 0.0 ] ] ] } },
{ "type": "Feature", "properties": { "id": "kml_121", "description": "<center><table><tr><th colspan='2' align='center'><em>Attributes</em></th></tr><tr bgcolor=\"#E3E3F3\">\n<th>OBJECTID</th>\n<td>153</td>\n</tr><tr bgcolor=\"\">\n<th>CNAME_E</th>\n<td>SAIH SHUAIB 4</td>\n</tr><tr bgcolor=\"#E3E3F3\">\n<th>CNAME_A</th>\n<td>سيح شعيب 4</td>\n</tr><tr bgcolor=\"\">\n<th>LABEL_E</th>\n<td>SAIH SHUAIB 4</td>\n</tr><tr bgcolor=\"#E3E3F3\">\n<th>LABEL_A</th>\n<td>سيح شعيب 4</td>\n</tr><tr bgcolor=\"\">\n<th>C_PREFIX_E</th>\n<td>Community:</td>\n</tr><tr bgcolor=\"#E3E3F3\">\n<th>C_PREFIX_A</th>\n<td>:???????</td>\n</tr><tr bgcolor=\"\">\n<th>COMMUNITY_E</th>\n<td>SAIH SHUAIB 4 - 533</td>\n</tr><tr bgcolor=\"#E3E3F3\">\n<th>COMMUNITY_A</th>\n<td>سيح شعيب 4 - 533</td>\n</tr><tr bgcolor=\"\">\n<th>DGIS_ID</th>\n<td>0000169</td>\n</tr><tr bgcolor=\"#E3E3F3\">\n<th>COMM_NUM</th>\n<td>533</td>\n</tr><tr bgcolor=\"\">\n<th>NDGIS_ID</th>\n<td>169</td>\n</tr></table></center>", "COMM_NUM": 533, "CNAME_E": "SAIH SHUAIB 4", "population": 16790.0, "area_km2": 19.36841095626, "pop_density": 866.8754519, "anomaly_morning_mean": 7.7579, "anomaly_morning_median": 7.861, "anomaly_morning_std": 0.7611, "anomaly_morning_min": 1.7845, "anomaly_morning_max": 9.7618, "anomaly_morning_count": 21519, "anomaly_morning_extreme_pct": 0.3382, "anomaly_afternoon_mean": 2.1844, "anomaly_afternoon_median": 2.5354, "anomaly_afternoon_std": 1.483, "anomaly_afternoon_min": -15.992, "anomaly_afternoon_max": 4.7238, "anomaly_afternoon_count": 21519, "anomaly_afternoon_extreme_pct": 0.5772, "anomaly_night_mean": -0.7438, "anomaly_night_median": -1.462, "anomaly_night_std": 1.7332, "anomaly_night_min": -3.0173, "anomaly_night_max": 4.9964, "anomaly_night_count": 21519, "anomaly_night_extreme_pct": 0.0124, "diurnal_range_mean": 2.9282, "diurnal_range_std": 2.7208, "ndvi_mean": 0.036, "green_fraction": 0.0001, "albedo_mean": 0.4655, "building_density_mean": 0.0708, "building_height_mean": 0.4605, "road_density_mean": 0.027, "sand_fraction_mean": 0.7226, "water_fraction_mean": 0.0003, "dist_to_coast_mean": 17053.6252 }, "geometry": { "type": "Polygon", "coordinates": [ [ [ 55.128829235015303, 24.826006573214201, 0.0 ], [ 55.083262575454199, 24.796594389053201, 0.0 ], [ 55.0629386668435, 24.821049299814003, 0.0 ], [ 55.109420445073297, 24.851057002422195, 0.0 ], [ 55.128829235015303, 24.826006573214201, 0.0 ] ] ] } },
{ "type": "Feature", "properties": { "id": "kml_122", "description": "<center><table><tr><th colspan='2' align='center'><em>Attributes</em></th></tr><tr bgcolor=\"#E3E3F3\">\n<th>OBJECTID</th>\n<td>154</td>\n</tr><tr bgcolor=\"\">\n<th>CNAME_E</th>\n<td>AL HEBIAH FOURTH</td>\n</tr><tr bgcolor=\"#E3E3F3\">\n<th>CNAME_A</th>\n<td>الحبيه الرابعة</td>\n</tr><tr bgcolor=\"\">\n<th>LABEL_E</th>\n<td>AL HEBIAH FOURTH</td>\n</tr><tr bgcolor=\"#E3E3F3\">\n<th>LABEL_A</th>\n<td>الحبيه الرابعة</td>\n</tr><tr bgcolor=\"\">\n<th>C_PREFIX_E</th>\n<td>Community:</td>\n</tr><tr bgcolor=\"#E3E3F3\">\n<th>C_PREFIX_A</th>\n<td>:???????</td>\n</tr><tr bgcolor=\"\">\n<th>COMMUNITY_E</th>\n<td>AL HEBIAH FOURTH - 682</td>\n</tr><tr bgcolor=\"#E3E3F3\">\n<th>COMMUNITY_A</th>\n<td>الحبيه الرابعة - 682</td>\n</tr><tr bgcolor=\"\">\n<th>DGIS_ID</th>\n<td>0000160</td>\n</tr><tr bgcolor=\"#E3E3F3\">\n<th>COMM_NUM</th>\n<td>682</td>\n</tr><tr bgcolor=\"\">\n<th>NDGIS_ID</th>\n<td>160</td>\n</tr></table></center>", "COMM_NUM": 682, "CNAME_E": "AL HEBIAH FOURTH", "population": 35073.0, "area_km2": 9.1455337667329992, "pop_density": 3834.986661, "anomaly_morning_mean": 3.1253, "anomaly_morning_median": 3.1544, "anomaly_morning_std": 2.0499, "anomaly_morning_min": -6.3582, "anomaly_morning_max": 8.4181, "anomaly_morning_count": 10160, "anomaly_morning_extreme_pct": 0.0009, "anomaly_afternoon_mean": -2.0994, "anomaly_afternoon_median": -2.5149, "anomaly_afternoon_std": 2.5674, "anomaly_afternoon_min": -15.9209, "anomaly_afternoon_max": 3.0639, "anomaly_afternoon_count": 10160, "anomaly_afternoon_extreme_pct": 0.0087, "anomaly_night_mean": 0.0773, "anomaly_night_median": 0.0814, "anomaly_night_std": 1.0227, "anomaly_night_min": -2.4055, "anomaly_night_max": 3.3318, "anomaly_night_count": 10160, "anomaly_night_extreme_pct": 0.0005, "diurnal_range_mean": -2.1766, "diurnal_range_std": 2.6727, "ndvi_mean": 0.0897, "green_fraction": 0.126, "albedo_mean": 0.4176, "building_density_mean": 0.0574, "building_height_mean": 0.3994, "road_density_mean": 0.0892, "sand_fraction_mean": 0.1838, "water_fraction_mean": 0.0018, "dist_to_coast_mean": 9918.0669 }, "geometry": { "type": "Polygon", "coordinates": [ [ [ 55.228860311052998, 25.039739605492297, 0.0 ], [ 55.232710210591001, 25.033386954174198, 0.0 ], [ 55.234714039582002, 25.0305085464061, 0.0 ], [ 55.239595208195297, 25.024181177347305, 0.0 ], [ 55.216198083957003, 25.011358166707996, 0.0 ], [ 55.214377997164398, 25.014271352135491, 0.0 ], [ 55.212710550560601, 25.017411551682695, 0.0 ], [ 55.211787086650602, 25.019532258105301, 0.0 ], [ 55.208835901289802, 25.028123936402896, 0.0 ], [ 55.208081281409697, 25.029712130272298, 0.0 ], [ 55.201917567859901, 25.039745302127095, 0.0 ], [ 55.199545426952099, 25.043318041026801, 0.0 ], [ 55.207798149281999, 25.045049478818399, 0.0 ], [ 55.209799294009102, 25.045619883135696, 0.0 ], [ 55.213414804263302, 25.047130423051097, 0.0 ], [ 55.219585608085197, 25.050285841802104, 0.0 ], [ 55.2234887022598, 25.051868575510202, 0.0 ], [ 55.226646779907803, 25.044143413101295, 0.0 ], [ 55.228860311052998, 25.039739605492297, 0.0 ] ] ] } },
{ "type": "Feature", "properties": { "id": "kml_123", "description": "<center><table><tr><th colspan='2' align='center'><em>Attributes</em></th></tr><tr bgcolor=\"#E3E3F3\">\n<th>OBJECTID</th>\n<td>155</td>\n</tr><tr bgcolor=\"\">\n<th>CNAME_E</th>\n<td>AL THANYAH THIRD</td>\n</tr><tr bgcolor=\"#E3E3F3\">\n<th>CNAME_A</th>\n<td>الثنيه الثالثة</td>\n</tr><tr bgcolor=\"\">\n<th>LABEL_E</th>\n<td>AL THANYAH THIRD</td>\n</tr><tr bgcolor=\"#E3E3F3\">\n<th>LABEL_A</th>\n<td>الثنيه الثالثة</td>\n</tr><tr bgcolor=\"\">\n<th>C_PREFIX_E</th>\n<td>Community:</td>\n</tr><tr bgcolor=\"#E3E3F3\">\n<th>C_PREFIX_A</th>\n<td>:???????</td>\n</tr><tr bgcolor=\"\">\n<th>COMMUNITY_E</th>\n<td>AL THANYAH THIRD - 388</td>\n</tr><tr bgcolor=\"#E3E3F3\">\n<th>COMMUNITY_A</th>\n<td>الثنيه الثالثة - 388</td>\n</tr><tr bgcolor=\"\">\n<th>DGIS_ID</th>\n<td>0000145</td>\n</tr><tr bgcolor=\"#E3E3F3\">\n<th>COMM_NUM</th>\n<td>388</td>\n</tr><tr bgcolor=\"\">\n<th>NDGIS_ID</th>\n<td>145</td>\n</tr></table></center>", "COMM_NUM": 388, "CNAME_E": "AL THANYAH THIRD", "population": 31072.0, "area_km2": 3.8424563389429998, "pop_density": 8086.493966, "anomaly_morning_mean": -0.7365, "anomaly_morning_median": -0.5656, "anomaly_morning_std": 2.1764, "anomaly_morning_min": -7.0001, "anomaly_morning_max": 5.7082, "anomaly_morning_count": 4265, "anomaly_morning_extreme_pct": 0.0, "anomaly_afternoon_mean": -4.9924, "anomaly_afternoon_median": -5.5101, "anomaly_afternoon_std": 2.2965, "anomaly_afternoon_min": -12.687, "anomaly_afternoon_max": 0.743, "anomaly_afternoon_count": 4265, "anomaly_afternoon_extreme_pct": 0.0, "anomaly_night_mean": 0.268, "anomaly_night_median": 0.0557, "anomaly_night_std": 1.0316, "anomaly_night_min": -2.1346, "anomaly_night_max": 3.171, "anomaly_night_count": 4265, "anomaly_night_extreme_pct": 0.0, "diurnal_range_mean": -5.2604, "diurnal_range_std": 1.8919, "ndvi_mean": 0.2005, "green_fraction": 0.4204, "albedo_mean": 0.3278, "building_density_mean": 0.1051, "building_height_mean": 1.6344, "road_density_mean": 0.0489, "sand_fraction_mean": 0.0284, "water_fraction_mean": 0.022, "dist_to_coast_mean": 2117.6936 }, "geometry": { "type": "Polygon", "coordinates": [ [ [ 55.168762718833001, 25.098453390095095, 0.0 ], [ 55.1761874259902, 25.091248594578499, 0.0 ], [ 55.176034828663198, 25.090545717066298, 0.0 ], [ 55.172863955043098, 25.085602952834897, 0.0 ], [ 55.172936579448198, 25.083120499819103, 0.0 ], [ 55.173602475888202, 25.081767114465794, 0.0 ], [ 55.174971574040306, 25.080847800099999, 0.0 ], [ 55.17591396242571, 25.080289106334796, 0.0 ], [ 55.1785706647821, 25.079418367750399, 0.0 ], [ 55.177916774245901, 25.077973432808996, 0.0 ], [ 55.17726338286851, 25.077335297963195, 0.0 ], [ 55.174986378372402, 25.076243066760401, 0.0 ], [ 55.174400052950098, 25.076098498789602, 0.0 ], [ 55.172708136729803, 25.076137806245598, 0.0 ], [ 55.168896704196001, 25.075455073017405, 0.0 ], [ 55.165964130065397, 25.075472341685298, 0.0 ], [ 55.1640922912419, 25.0751206617687, 0.0 ], [ 55.16269349628201, 25.075262992634997, 0.0 ], [ 55.159508834337402, 25.078076384472801, 0.0 ], [ 55.158494522864899, 25.077499437252001, 0.0 ], [ 55.157068911057003, 25.078722555912595, 0.0 ], [ 55.156589946974201, 25.080212177064098, 0.0 ], [ 55.154857998612201, 25.081827011749496, 0.0 ], [ 55.155897422495805, 25.0827851574048, 0.0 ], [ 55.155767560469101, 25.083471071726102, 0.0 ], [ 55.155331251840401, 25.083578877242299, 0.0 ], [ 55.154469738678202, 25.082973008927997, 0.0 ], [ 55.1537660431039, 25.082908967688201, 0.0 ], [ 55.153289886656097, 25.0831521292444, 0.0 ], [ 55.152128407658701, 25.084315243627692, 0.0 ], [ 55.168762718833001, 25.098453390095095, 0.0 ] ] ] } },
{ "type": "Feature", "properties": { "id": "kml_124", "description": "<center><table><tr><th colspan='2' align='center'><em>Attributes</em></th></tr><tr bgcolor=\"#E3E3F3\">\n<th>OBJECTID</th>\n<td>156</td>\n</tr><tr bgcolor=\"\">\n<th>CNAME_E</th>\n<td>AL HEBIAH SIXTH</td>\n</tr><tr bgcolor=\"#E3E3F3\">\n<th>CNAME_A</th>\n<td>الحبيه السادسة</td>\n</tr><tr bgcolor=\"\">\n<th>LABEL_E</th>\n<td>AL HEBIAH SIXTH</td>\n</tr><tr bgcolor=\"#E3E3F3\">\n<th>LABEL_A</th>\n<td>الحبيه السادسة</td>\n</tr><tr bgcolor=\"\">\n<th>C_PREFIX_E</th>\n<td>Community:</td>\n</tr><tr bgcolor=\"#E3E3F3\">\n<th>C_PREFIX_A</th>\n<td>:???????</td>\n</tr><tr bgcolor=\"\">\n<th>COMMUNITY_E</th>\n<td>AL HEBIAH SIXTH - 677</td>\n</tr><tr bgcolor=\"#E3E3F3\">\n<th>COMMUNITY_A</th>\n<td>الحبيه السادسة - 677</td>\n</tr><tr bgcolor=\"\">\n<th>DGIS_ID</th>\n<td>0000253</td>\n</tr><tr bgcolor=\"#E3E3F3\">\n<th>COMM_NUM</th>\n<td>677</td>\n</tr><tr bgcolor=\"\">\n<th>NDGIS_ID</th>\n<td>253</td>\n</tr></table></center>", "COMM_NUM": 677, "CNAME_E": "AL HEBIAH SIXTH", "population": 4860.0, "area_km2": 3.2682590843099999, "pop_density": 1487.030212, "anomaly_morning_mean": 3.9852, "anomaly_morning_median": 3.7985, "anomaly_morning_std": 1.1917, "anomaly_morning_min": 1.8907, "anomaly_morning_max": 8.108, "anomaly_morning_count": 3631, "anomaly_morning_extreme_pct": 0.0003, "anomaly_afternoon_mean": -1.8768, "anomaly_afternoon_median": -2.8059, "anomaly_afternoon_std": 2.3144, "anomaly_afternoon_min": -5.2015, "anomaly_afternoon_max": 3.4349, "anomaly_afternoon_count": 3631, "anomaly_afternoon_extreme_pct": 0.0666, "anomaly_night_mean": 1.1255, "anomaly_night_median": 1.2956, "anomaly_night_std": 0.8297, "anomaly_night_min": -2.2686, "anomaly_night_max": 3.3778, "anomaly_night_count": 3631, "anomaly_night_extreme_pct": 0.0014, "diurnal_range_mean": -3.0023, "diurnal_range_std": 2.5944, "ndvi_mean": 0.0818, "green_fraction": 0.0578, "albedo_mean": 0.4083, "building_density_mean": 0.1124, "building_height_mean": 1.0033, "road_density_mean": 0.0512, "sand_fraction_mean": 0.0991, "water_fraction_mean": 0.0, "dist_to_coast_mean": 14762.4897 }, "geometry": { "type": "Polygon", "coordinates": [ [ [ 55.2619287427787, 25.015713510604602, 0.0 ], [ 55.261351559572802, 25.017316102131403, 0.0 ], [ 55.261483444691002, 25.018848883056503, 0.0 ], [ 55.262116767978704, 25.020011174266408, 0.0 ], [ 55.2636846590703, 25.0215180658608, 0.0 ], [ 55.264171397235799, 25.022725272015499, 0.0 ], [ 55.264175415015401, 25.023511736088501, 0.0 ], [ 55.263814392792504, 25.024818687754301, 0.0 ], [ 55.263754551469503, 25.025869138372496, 0.0 ], [ 55.263471032316609, 25.0263469634118, 0.0 ], [ 55.264296632900603, 25.026936516190901, 0.0 ], [ 55.266503975238898, 25.030318079368705, 0.0 ], [ 55.271957746644901, 25.027220395605504, 0.0 ], [ 55.278594064091898, 25.023905708031595, 0.0 ], [ 55.281596283807502, 25.022209433094094, 0.0 ], [ 55.260057360639401, 25.002811379369302, 0.0 ], [ 55.257816319324299, 25.004550095821102, 0.0 ], [ 55.254405920262101, 25.008247350024799, 0.0 ], [ 55.256737076019398, 25.009929489347591, 0.0 ], [ 55.258898593688102, 25.011195271137996, 0.0 ], [ 55.260014843637997, 25.011272342411399, 0.0 ], [ 55.2607060777706, 25.011717630020893, 0.0 ], [ 55.261907216854198, 25.013894250947391, 0.0 ], [ 55.262053995571698, 25.014823237853395, 0.0 ], [ 55.2619287427787, 25.015713510604602, 0.0 ] ] ] } },
{ "type": "Feature", "properties": { "id": "kml_126", "description": "<center><table><tr><th colspan='2' align='center'><em>Attributes</em></th></tr><tr bgcolor=\"#E3E3F3\">\n<th>OBJECTID</th>\n<td>100</td>\n</tr><tr bgcolor=\"\">\n<th>CNAME_E</th>\n<td>AL HEBIAH SECOND</td>\n</tr><tr bgcolor=\"#E3E3F3\">\n<th>CNAME_A</th>\n<td>الحبيه الثانية</td>\n</tr><tr bgcolor=\"\">\n<th>LABEL_E</th>\n<td>AL HEBIAH SECOND</td>\n</tr><tr bgcolor=\"#E3E3F3\">\n<th>LABEL_A</th>\n<td>الحبيه الثانية</td>\n</tr><tr bgcolor=\"\">\n<th>C_PREFIX_E</th>\n<td>Community:</td>\n</tr><tr bgcolor=\"#E3E3F3\">\n<th>C_PREFIX_A</th>\n<td>:???????</td>\n</tr><tr bgcolor=\"\">\n<th>COMMUNITY_E</th>\n<td>AL HEBIAH SECOND - 675</td>\n</tr><tr bgcolor=\"#E3E3F3\">\n<th>COMMUNITY_A</th>\n<td>الحبيه الثانية - 675</td>\n</tr><tr bgcolor=\"\">\n<th>DGIS_ID</th>\n<td>0000157</td>\n</tr><tr bgcolor=\"#E3E3F3\">\n<th>COMM_NUM</th>\n<td>675</td>\n</tr><tr bgcolor=\"\">\n<th>NDGIS_ID</th>\n<td>157</td>\n</tr></table></center>", "COMM_NUM": 675, "CNAME_E": "AL HEBIAH SECOND", "population": 4188.0, "area_km2": 3.2610426800829999, "pop_density": 1284.251821, "anomaly_morning_mean": 5.1064, "anomaly_morning_median": 5.5235, "anomaly_morning_std": 2.3953, "anomaly_morning_min": -3.0816, "anomaly_morning_max": 9.3986, "anomaly_morning_count": 3626, "anomaly_morning_extreme_pct": 0.0678, "anomaly_afternoon_mean": -0.1869, "anomaly_afternoon_median": 0.8334, "anomaly_afternoon_std": 2.5405, "anomaly_afternoon_min": -5.9703, "anomaly_afternoon_max": 3.0454, "anomaly_afternoon_count": 3626, "anomaly_afternoon_extreme_pct": 0.045, "anomaly_night_mean": -0.2861, "anomaly_night_median": -0.4099, "anomaly_night_std": 1.1483, "anomaly_night_min": -2.1482, "anomaly_night_max": 3.0232, "anomaly_night_count": 3626, "anomaly_night_extreme_pct": 0.0, "diurnal_range_mean": 0.0993, "diurnal_range_std": 3.0146, "ndvi_mean": 0.0689, "green_fraction": 0.0706, "albedo_mean": 0.4257, "building_density_mean": 0.0458, "building_height_mean": 0.3147, "road_density_mean": 0.0486, "sand_fraction_mean": 0.4884, "water_fraction_mean": 0.0, "dist_to_coast_mean": 11841.8798 }, "geometry": { "type": "Polygon", "coordinates": [ [ [ 55.260006096773701, 25.035367938658094, 0.0 ], [ 55.239595208195297, 25.024181177347305, 0.0 ], [ 55.234714039582002, 25.0305085464061, 0.0 ], [ 55.232035136767799, 25.034477830569902, 0.0 ], [ 55.245529070834003, 25.041970567519996, 0.0 ], [ 55.2496478608385, 25.044348113101009, 0.0 ], [ 55.251373165567799, 25.0456865592631, 0.0 ], [ 55.251817414321202, 25.045875657270798, 0.0 ], [ 55.2549996900946, 25.040902167557196, 0.0 ], [ 55.260006096773701, 25.035367938658094, 0.0 ] ] ] } },
{ "type": "Feature", "properties": { "id": "kml_127", "description": "<center><table><tr><th colspan='2' align='center'><em>Attributes</em></th></tr><tr bgcolor=\"#E3E3F3\">\n<th>OBJECTID</th>\n<td>101</td>\n</tr><tr bgcolor=\"\">\n<th>CNAME_E</th>\n<td>AL THANYAH SECOND</td>\n</tr><tr bgcolor=\"#E3E3F3\">\n<th>CNAME_A</th>\n<td>الثنيه الثانية</td>\n</tr><tr bgcolor=\"\">\n<th>LABEL_E</th>\n<td>AL THANYAH SECOND</td>\n</tr><tr bgcolor=\"#E3E3F3\">\n<th>LABEL_A</th>\n<td>الثنيه الثانية</td>\n</tr><tr bgcolor=\"\">\n<th>C_PREFIX_E</th>\n<td>Community:</td>\n</tr><tr bgcolor=\"#E3E3F3\">\n<th>C_PREFIX_A</th>\n<td>:???????</td>\n</tr><tr bgcolor=\"\">\n<th>COMMUNITY_E</th>\n<td>AL THANYAH SECOND - 384</td>\n</tr><tr bgcolor=\"#E3E3F3\">\n<th>COMMUNITY_A</th>\n<td>الثنيه الثانية - 384</td>\n</tr><tr bgcolor=\"\">\n<th>DGIS_ID</th>\n<td>0000128</td>\n</tr><tr bgcolor=\"#E3E3F3\">\n<th>COMM_NUM</th>\n<td>384</td>\n</tr><tr bgcolor=\"\">\n<th>NDGIS_ID</th>\n<td>128</td>\n</tr></table></center>", "COMM_NUM": 384, "CNAME_E": "AL THANYAH SECOND", "population": 0.0, "area_km2": 6.2280593264530006, "pop_density": 0.0, "anomaly_morning_mean": 7.0883, "anomaly_morning_median": 7.1873, "anomaly_morning_std": 1.3171, "anomaly_morning_min": 0.9211, "anomaly_morning_max": 9.5223, "anomaly_morning_count": 6924, "anomaly_morning_extreme_pct": 0.2366, "anomaly_afternoon_mean": -0.0035, "anomaly_afternoon_median": 0.1297, "anomaly_afternoon_std": 1.4967, "anomaly_afternoon_min": -6.2825, "anomaly_afternoon_max": 2.5142, "anomaly_afternoon_count": 6924, "anomaly_afternoon_extreme_pct": 0.0006, "anomaly_night_mean": -0.9198, "anomaly_night_median": -1.2682, "anomaly_night_std": 1.0043, "anomaly_night_min": -2.7924, "anomaly_night_max": 3.2047, "anomaly_night_count": 6924, "anomaly_night_extreme_pct": 0.0, "diurnal_range_mean": 0.9163, "diurnal_range_std": 1.9163, "ndvi_mean": 0.0473, "green_fraction": 0.0231, "albedo_mean": 0.441, "building_density_mean": 0.0062, "building_height_mean": 0.025, "road_density_mean": 0.0427, "sand_fraction_mean": 0.7897, "water_fraction_mean": 0.0, "dist_to_coast_mean": 4409.684 }, "geometry": { "type": "Polygon", "coordinates": [ [ [ 55.2102436778246, 25.076927247445099, 0.0 ], [ 55.1986704000795, 25.0636554023014, 0.0 ], [ 55.187645407235699, 25.072219641050495, 0.0 ], [ 55.183915815509899, 25.075560908768793, 0.0 ], [ 55.179185574888308, 25.079201348923792, 0.0 ], [ 55.17591396242571, 25.080289106334796, 0.0 ], [ 55.173602475888202, 25.081767114465794, 0.0 ], [ 55.172936579448198, 25.083120499819103, 0.0 ], [ 55.172863955043098, 25.085602952834897, 0.0 ], [ 55.176034828663198, 25.090545717066298, 0.0 ], [ 55.1761874259902, 25.091248594578499, 0.0 ], [ 55.176692205247903, 25.091872015289404, 0.0 ], [ 55.179137469977498, 25.094510561665196, 0.0 ], [ 55.182088647052311, 25.096978064363299, 0.0 ], [ 55.1852856759822, 25.092964120879699, 0.0 ], [ 55.186695046524903, 25.091557254164204, 0.0 ], [ 55.188530711798101, 25.090096635240201, 0.0 ], [ 55.190564394091204, 25.088807685496096, 0.0 ], [ 55.203627324426002, 25.081688063888794, 0.0 ], [ 55.2102436778246, 25.076927247445099, 0.0 ] ] ] } },
{ "type": "Feature", "properties": { "id": "kml_128", "description": "<center><table><tr><th colspan='2' align='center'><em>Attributes</em></th></tr><tr bgcolor=\"#E3E3F3\">\n<th>OBJECTID</th>\n<td>102</td>\n</tr><tr bgcolor=\"\">\n<th>CNAME_E</th>\n<td>AL THANYAH FIRST</td>\n</tr><tr bgcolor=\"#E3E3F3\">\n<th>CNAME_A</th>\n<td>الثنيه الأولى          </td>\n</tr><tr bgcolor=\"\">\n<th>LABEL_E</th>\n<td>AL THANYAH FIRST</td>\n</tr><tr bgcolor=\"#E3E3F3\">\n<th>LABEL_A</th>\n<td>الثنيه الأولى          </td>\n</tr><tr bgcolor=\"\">\n<th>C_PREFIX_E</th>\n<td>Community:</td>\n</tr><tr bgcolor=\"#E3E3F3\">\n<th>C_PREFIX_A</th>\n<td>:???????</td>\n</tr><tr bgcolor=\"\">\n<th>COMMUNITY_E</th>\n<td>AL THANYAH FIRST - 383</td>\n</tr><tr bgcolor=\"#E3E3F3\">\n<th>COMMUNITY_A</th>\n<td>الثنيه الأولى           - 383</td>\n</tr><tr bgcolor=\"\">\n<th>DGIS_ID</th>\n<td>0000126</td>\n</tr><tr bgcolor=\"#E3E3F3\">\n<th>COMM_NUM</th>\n<td>383</td>\n</tr><tr bgcolor=\"\">\n<th>NDGIS_ID</th>\n<td>126</td>\n</tr></table></center>", "COMM_NUM": 383, "CNAME_E": "AL THANYAH FIRST", "population": 37911.0, "area_km2": 1.069719845, "pop_density": 35440.12031, "anomaly_morning_mean": 1.8603, "anomaly_morning_median": 1.7226, "anomaly_morning_std": 0.936, "anomaly_morning_min": -1.2382, "anomaly_morning_max": 6.3279, "anomaly_morning_count": 1187, "anomaly_morning_extreme_pct": 0.0, "anomaly_afternoon_mean": -2.2679, "anomaly_afternoon_median": -2.183, "anomaly_afternoon_std": 1.7809, "anomaly_afternoon_min": -11.8732, "anomaly_afternoon_max": 1.0054, "anomaly_afternoon_count": 1187, "anomaly_afternoon_extreme_pct": 0.0, "anomaly_night_mean": 1.5835, "anomaly_night_median": 1.6297, "anomaly_night_std": 0.7587, "anomaly_night_min": -1.3225, "anomaly_night_max": 3.1937, "anomaly_night_count": 1187, "anomaly_night_extreme_pct": 0.0, "diurnal_range_mean": -3.8514, "diurnal_range_std": 1.9111, "ndvi_mean": 0.0499, "green_fraction": 0.0185, "albedo_mean": 0.3328, "building_density_mean": 0.209, "building_height_mean": 5.7677, "road_density_mean": 0.161, "sand_fraction_mean": 0.1323, "water_fraction_mean": 0.0025, "dist_to_coast_mean": 1955.1782 }, "geometry": { "type": "Polygon", "coordinates": [ [ [ 55.180906394959599, 25.099017033179496, 0.0 ], [ 55.182088647052311, 25.096978064363299, 0.0 ], [ 55.179137469977498, 25.094510561665196, 0.0 ], [ 55.1761874259902, 25.091248594578499, 0.0 ], [ 55.168762718833001, 25.098453390095095, 0.0 ], [ 55.176903080633799, 25.1053410266043, 0.0 ], [ 55.178550936958999, 25.103690753847005, 0.0 ], [ 55.179226254122597, 25.102779696396393, 0.0 ], [ 55.180906394959599, 25.099017033179496, 0.0 ] ] ] } },
{ "type": "Feature", "properties": { "id": "kml_129", "description": "<center><table><tr><th colspan='2' align='center'><em>Attributes</em></th></tr><tr bgcolor=\"#E3E3F3\">\n<th>OBJECTID</th>\n<td>103</td>\n</tr><tr bgcolor=\"\">\n<th>CNAME_E</th>\n<td>UMM SUQEIM SECOND</td>\n</tr><tr bgcolor=\"#E3E3F3\">\n<th>CNAME_A</th>\n<td>أم سقيم الثانية</td>\n</tr><tr bgcolor=\"\">\n<th>LABEL_E</th>\n<td>UMM SUQEIM SECOND</td>\n</tr><tr bgcolor=\"#E3E3F3\">\n<th>LABEL_A</th>\n<td>أم سقيم الثانية</td>\n</tr><tr bgcolor=\"\">\n<th>C_PREFIX_E</th>\n<td>Community:</td>\n</tr><tr bgcolor=\"#E3E3F3\">\n<th>C_PREFIX_A</th>\n<td>:???????</td>\n</tr><tr bgcolor=\"\">\n<th>COMMUNITY_E</th>\n<td>UMM SUQEIM SECOND - 362</td>\n</tr><tr bgcolor=\"#E3E3F3\">\n<th>COMMUNITY_A</th>\n<td>أم سقيم الثانية - 362</td>\n</tr><tr bgcolor=\"\">\n<th>DGIS_ID</th>\n<td>0000107</td>\n</tr><tr bgcolor=\"#E3E3F3\">\n<th>COMM_NUM</th>\n<td>362</td>\n</tr><tr bgcolor=\"\">\n<th>NDGIS_ID</th>\n<td>107</td>\n</tr></table></center>", "COMM_NUM": 362, "CNAME_E": "UMM SUQEIM SECOND", "population": 14919.0, "area_km2": 3.1901301246119997, "pop_density": 4676.611742, "anomaly_morning_mean": 1.423, "anomaly_morning_median": 2.4337, "anomaly_morning_std": 3.1231, "anomaly_morning_min": -12.4881, "anomaly_morning_max": 4.9425, "anomaly_morning_count": 3546, "anomaly_morning_extreme_pct": 0.0, "anomaly_afternoon_mean": -3.0918, "anomaly_afternoon_median": -2.8576, "anomaly_afternoon_std": 2.6966, "anomaly_afternoon_min": -12.5123, "anomaly_afternoon_max": 1.3523, "anomaly_afternoon_count": 3546, "anomaly_afternoon_extreme_pct": 0.0, "anomaly_night_mean": 1.4202, "anomaly_night_median": 1.4581, "anomaly_night_std": 0.6888, "anomaly_night_min": -1.2548, "anomaly_night_max": 3.2902, "anomaly_night_count": 3546, "anomaly_night_extreme_pct": 0.0003, "diurnal_range_mean": -4.512, "diurnal_range_std": 2.9817, "ndvi_mean": 0.0454, "green_fraction": 0.0133, "albedo_mean": 0.3824, "building_density_mean": 0.2242, "building_height_mean": 1.2142, "road_density_mean": 0.0974, "sand_fraction_mean": 0.0702, "water_fraction_mean": 0.0691, "dist_to_coast_mean": 615.6098 }, "geometry": { "type": "Polygon", "coordinates": [ [ [ 55.206760202367306, 25.160479462332898, 0.0 ], [ 55.207710735199797, 25.159786914182092, 0.0 ], [ 55.207918779256303, 25.160030826862798, 0.0 ], [ 55.215938233035097, 25.154693254332898, 0.0 ], [ 55.204468133666801, 25.140104661339205, 0.0 ], [ 55.194283389470897, 25.1472444963538, 0.0 ], [ 55.1941682983703, 25.147109755362703, 0.0 ], [ 55.193636426708899, 25.147515879683898, 0.0 ], [ 55.194195313346299, 25.148964994539497, 0.0 ], [ 55.194271731394004, 25.150457430395697, 0.0 ], [ 55.192386277540002, 25.150132860896097, 0.0 ], [ 55.191428930676103, 25.150268355763505, 0.0 ], [ 55.190527607530697, 25.150598434060498, 0.0 ], [ 55.189685313502999, 25.151143963981401, 0.0 ], [ 55.189016781566501, 25.151851891036895, 0.0 ], [ 55.188531423924701, 25.152741512382889, 0.0 ], [ 55.188553917359897, 25.1532844527609, 0.0 ], [ 55.189110816327698, 25.154890341086904, 0.0 ], [ 55.190307391258102, 25.1561571612548, 0.0 ], [ 55.191956118194497, 25.156896376327698, 0.0 ], [ 55.193796453542198, 25.156986748192896, 0.0 ], [ 55.195930665096498, 25.156256699674898, 0.0 ], [ 55.197533072066797, 25.155242072292801, 0.0 ], [ 55.197208442363802, 25.153682522277496, 0.0 ], [ 55.196205986019798, 25.1523924617034, 0.0 ], [ 55.196874462013803, 25.151936649761598, 0.0 ], [ 55.197890158456502, 25.152005097094698, 0.0 ], [ 55.198615606879301, 25.152602570168799, 0.0 ], [ 55.199002627506601, 25.153576928854605, 0.0 ], [ 55.198243620550997, 25.154085322722498, 0.0 ], [ 55.197781801558406, 25.153936681905201, 0.0 ], [ 55.197705619698198, 25.154062019081898, 0.0 ], [ 55.198733195912602, 25.154429310503403, 0.0 ], [ 55.198479887786, 25.154226002464199, 0.0 ], [ 55.199179011009903, 25.153996306444402, 0.0 ], [ 55.199993840580497, 25.154439460098395, 0.0 ], [ 55.200997830657599, 25.155781849911801, 0.0 ], [ 55.202059346369403, 25.157822976635099, 0.0 ], [ 55.2021327886685, 25.158216901619603, 0.0 ], [ 55.201811093523403, 25.158369520184493, 0.0 ], [ 55.202655259715407, 25.158022825882099, 0.0 ], [ 55.203102940492002, 25.158335645139601, 0.0 ], [ 55.2039294430949, 25.160465984217002, 0.0 ], [ 55.205354072850199, 25.162078255922495, 0.0 ], [ 55.207029005255599, 25.16089010768, 0.0 ], [ 55.206760202367306, 25.160479462332898, 0.0 ] ] ] } },
{ "type": "Feature", "properties": { "id": "kml_130", "description": "<center><table><tr><th colspan='2' align='center'><em>Attributes</em></th></tr><tr bgcolor=\"#E3E3F3\">\n<th>OBJECTID</th>\n<td>104</td>\n</tr><tr bgcolor=\"\">\n<th>CNAME_E</th>\n<td>ZAA'BEEL SECOND</td>\n</tr><tr bgcolor=\"#E3E3F3\">\n<th>CNAME_A</th>\n<td>زعبيل الثانية</td>\n</tr><tr bgcolor=\"\">\n<th>LABEL_E</th>\n<td>ZAA'BEEL SECOND</td>\n</tr><tr bgcolor=\"#E3E3F3\">\n<th>LABEL_A</th>\n<td>زعبيل الثانية</td>\n</tr><tr bgcolor=\"\">\n<th>C_PREFIX_E</th>\n<td>Community:</td>\n</tr><tr bgcolor=\"#E3E3F3\">\n<th>C_PREFIX_A</th>\n<td>:???????</td>\n</tr><tr bgcolor=\"\">\n<th>COMMUNITY_E</th>\n<td>ZAA'BEEL SECOND - 337</td>\n</tr><tr bgcolor=\"#E3E3F3\">\n<th>COMMUNITY_A</th>\n<td>زعبيل الثانية - 337</td>\n</tr><tr bgcolor=\"\">\n<th>DGIS_ID</th>\n<td>0000077</td>\n</tr><tr bgcolor=\"#E3E3F3\">\n<th>COMM_NUM</th>\n<td>337</td>\n</tr><tr bgcolor=\"\">\n<th>NDGIS_ID</th>\n<td>77</td>\n</tr></table></center>", "COMM_NUM": 337, "CNAME_E": "ZAA'BEEL SECOND", "population": 9830.0, "area_km2": 10.792102194654001, "pop_density": 910.8512709, "anomaly_morning_mean": 3.3211, "anomaly_morning_median": 4.2392, "anomaly_morning_std": 3.3796, "anomaly_morning_min": -9.5596, "anomaly_morning_max": 8.208, "anomaly_morning_count": 11985, "anomaly_morning_extreme_pct": 0.0002, "anomaly_afternoon_mean": -1.9656, "anomaly_afternoon_median": -0.873, "anomaly_afternoon_std": 3.0418, "anomaly_afternoon_min": -12.5869, "anomaly_afternoon_max": 3.0446, "anomaly_afternoon_count": 11985, "anomaly_afternoon_extreme_pct": 0.0028, "anomaly_night_mean": 0.3356, "anomaly_night_median": 0.3216, "anomaly_night_std": 1.0262, "anomaly_night_min": -2.1437, "anomaly_night_max": 3.9036, "anomaly_night_count": 11985, "anomaly_night_extreme_pct": 0.0024, "diurnal_range_mean": -2.3012, "diurnal_range_std": 3.0878, "ndvi_mean": 0.0833, "green_fraction": 0.1267, "albedo_mean": 0.3876, "building_density_mean": 0.0759, "building_height_mean": 0.8939, "road_density_mean": 0.0808, "sand_fraction_mean": 0.1942, "water_fraction_mean": 0.0391, "dist_to_coast_mean": 4868.7189 }, "geometry": { "type": "Polygon", "coordinates": [ [ [ 55.292365055889299, 25.225534814906098, 0.0 ], [ 55.3071845072554, 25.212412612522499, 0.0 ], [ 55.312523692684799, 25.208856734489498, 0.0 ], [ 55.312861208758299, 25.207999195150595, 0.0 ], [ 55.312425068422698, 25.205327074649603, 0.0 ], [ 55.312117640264901, 25.204361117236498, 0.0 ], [ 55.311383607419899, 25.203124279397496, 0.0 ], [ 55.3098856817141, 25.201372766242798, 0.0 ], [ 55.309231070787703, 25.200108848104705, 0.0 ], [ 55.308993134462, 25.1991428948436, 0.0 ], [ 55.308983490792201, 25.197743671388803, 0.0 ], [ 55.3094106600335, 25.195026541737199, 0.0 ], [ 55.311178088493705, 25.187380738985699, 0.0 ], [ 55.312140728438997, 25.185620565751101, 0.0 ], [ 55.316536423484003, 25.179988121536692, 0.0 ], [ 55.305772415872497, 25.181719733096401, 0.0 ], [ 55.296506260810197, 25.182999587690801, 0.0 ], [ 55.294085572768104, 25.183170483315202, 0.0 ], [ 55.293646989441697, 25.1896068058272, 0.0 ], [ 55.2930809521649, 25.1912225300762, 0.0 ], [ 55.2919989645534, 25.192901299237001, 0.0 ], [ 55.290917156742402, 25.19397523492, 0.0 ], [ 55.289636965544403, 25.194859531988502, 0.0 ], [ 55.27779761659631, 25.201219762446698, 0.0 ], [ 55.278451811571202, 25.202700472601396, 0.0 ], [ 55.278622955939802, 25.203708579696102, 0.0 ], [ 55.276057635986106, 25.204127293321896, 0.0 ], [ 55.273691298416999, 25.205285724764899, 0.0 ], [ 55.281041068653806, 25.216625666421198, 0.0 ], [ 55.284242811105699, 25.214813792548199, 0.0 ], [ 55.2845678969368, 25.214759935435495, 0.0 ], [ 55.291392778269298, 25.224713075638597, 0.0 ], [ 55.292365055889299, 25.225534814906098, 0.0 ] ] ] } },
{ "type": "Feature", "properties": { "id": "kml_131", "description": "<center><table><tr><th colspan='2' align='center'><em>Attributes</em></th></tr><tr bgcolor=\"#E3E3F3\">\n<th>OBJECTID</th>\n<td>105</td>\n</tr><tr bgcolor=\"\">\n<th>CNAME_E</th>\n<td>AL WASL</td>\n</tr><tr bgcolor=\"#E3E3F3\">\n<th>CNAME_A</th>\n<td>الوصل</td>\n</tr><tr bgcolor=\"\">\n<th>LABEL_E</th>\n<td>AL WASL</td>\n</tr><tr bgcolor=\"#E3E3F3\">\n<th>LABEL_A</th>\n<td>الوصل</td>\n</tr><tr bgcolor=\"\">\n<th>C_PREFIX_E</th>\n<td>Community:</td>\n</tr><tr bgcolor=\"#E3E3F3\">\n<th>C_PREFIX_A</th>\n<td>:???????</td>\n</tr><tr bgcolor=\"\">\n<th>COMMUNITY_E</th>\n<td>AL WASL - 343</td>\n</tr><tr bgcolor=\"#E3E3F3\">\n<th>COMMUNITY_A</th>\n<td>الوصل - 343</td>\n</tr><tr bgcolor=\"\">\n<th>DGIS_ID</th>\n<td>0000079</td>\n</tr><tr bgcolor=\"#E3E3F3\">\n<th>COMM_NUM</th>\n<td>343</td>\n</tr><tr bgcolor=\"\">\n<th>NDGIS_ID</th>\n<td>79</td>\n</tr></table></center>", "COMM_NUM": 343, "CNAME_E": "AL WASL", "population": 13661.0, "area_km2": 4.8729086453830002, "pop_density": 2803.459082, "anomaly_morning_mean": 2.9144, "anomaly_morning_median": 3.2546, "anomaly_morning_std": 1.7827, "anomaly_morning_min": -5.2369, "anomaly_morning_max": 6.5044, "anomaly_morning_count": 5411, "anomaly_morning_extreme_pct": 0.0, "anomaly_afternoon_mean": -2.0934, "anomaly_afternoon_median": -1.7542, "anomaly_afternoon_std": 2.2958, "anomaly_afternoon_min": -12.3242, "anomaly_afternoon_max": 1.4083, "anomaly_afternoon_count": 5411, "anomaly_afternoon_extreme_pct": 0.0, "anomaly_night_mean": 1.3784, "anomaly_night_median": 1.4991, "anomaly_night_std": 0.9028, "anomaly_night_min": -1.7954, "anomaly_night_max": 3.4294, "anomaly_night_count": 5411, "anomaly_night_extreme_pct": 0.0011, "diurnal_range_mean": -3.4719, "diurnal_range_std": 2.2236, "ndvi_mean": 0.0525, "green_fraction": 0.0458, "albedo_mean": 0.362, "building_density_mean": 0.1724, "building_height_mean": 1.7871, "road_density_mean": 0.116, "sand_fraction_mean": 0.1249, "water_fraction_mean": 0.0235, "dist_to_coast_mean": 1745.5446 }, "geometry": { "type": "Polygon", "coordinates": [ [ [ 55.257252120865601, 25.212088424683401, 0.0 ], [ 55.270850276440299, 25.204900091107604, 0.0 ], [ 55.265615260369202, 25.197648920188698, 0.0 ], [ 55.2494448057681, 25.180100707405998, 0.0 ], [ 55.239866526773, 25.186793186687002, 0.0 ], [ 55.252127045094802, 25.204394506685901, 0.0 ], [ 55.257252120865601, 25.212088424683401, 0.0 ] ] ] } },
{ "type": "Feature", "properties": { "id": "kml_132", "description": "<center><table><tr><th colspan='2' align='center'><em>Attributes</em></th></tr><tr bgcolor=\"#E3E3F3\">\n<th>OBJECTID</th>\n<td>106</td>\n</tr><tr bgcolor=\"\">\n<th>CNAME_E</th>\n<td>AL BARAHA</td>\n</tr><tr bgcolor=\"#E3E3F3\">\n<th>CNAME_A</th>\n<td>البراحة</td>\n</tr><tr bgcolor=\"\">\n<th>LABEL_E</th>\n<td>AL BARAHA</td>\n</tr><tr bgcolor=\"#E3E3F3\">\n<th>LABEL_A</th>\n<td>البراحة</td>\n</tr><tr bgcolor=\"\">\n<th>C_PREFIX_E</th>\n<td>Community:</td>\n</tr><tr bgcolor=\"#E3E3F3\">\n<th>C_PREFIX_A</th>\n<td>:???????</td>\n</tr><tr bgcolor=\"\">\n<th>COMMUNITY_E</th>\n<td>AL BARAHA - 122</td>\n</tr><tr bgcolor=\"#E3E3F3\">\n<th>COMMUNITY_A</th>\n<td>البراحة - 122</td>\n</tr><tr bgcolor=\"\">\n<th>DGIS_ID</th>\n<td>0000017</td>\n</tr><tr bgcolor=\"#E3E3F3\">\n<th>COMM_NUM</th>\n<td>122</td>\n</tr><tr bgcolor=\"\">\n<th>NDGIS_ID</th>\n<td>17</td>\n</tr></table></center>", "COMM_NUM": 122, "CNAME_E": "AL BARAHA", "population": 28278.0, "area_km2": 1.025324694499, "pop_density": 27579.55617, "anomaly_morning_mean": 3.4912, "anomaly_morning_median": 3.5352, "anomaly_morning_std": 0.6962, "anomaly_morning_min": 1.479, "anomaly_morning_max": 5.6909, "anomaly_morning_count": 1137, "anomaly_morning_extreme_pct": 0.0, "anomaly_afternoon_mean": -1.9448, "anomaly_afternoon_median": -1.6371, "anomaly_afternoon_std": 1.6542, "anomaly_afternoon_min": -6.1182, "anomaly_afternoon_max": 1.2179, "anomaly_afternoon_count": 1137, "anomaly_afternoon_extreme_pct": 0.0, "anomaly_night_mean": 1.5761, "anomaly_night_median": 1.5324, "anomaly_night_std": 0.7987, "anomaly_night_min": -1.3231, "anomaly_night_max": 3.3692, "anomaly_night_count": 1137, "anomaly_night_extreme_pct": 0.0053, "diurnal_range_mean": -3.5209, "diurnal_range_std": 1.5605, "ndvi_mean": 0.0524, "green_fraction": 0.0396, "albedo_mean": 0.3511, "building_density_mean": 0.2478, "building_height_mean": 2.6666, "road_density_mean": 0.1338, "sand_fraction_mean": 0.0897, "water_fraction_mean": 0.0, "dist_to_coast_mean": 834.0363 }, "geometry": { "type": "Polygon", "coordinates": [ [ [ 55.322230865224199, 25.287827529136695, 0.0 ], [ 55.327126398075599, 25.278665274583098, 0.0 ], [ 55.326699487876802, 25.278466658919797, 0.0 ], [ 55.318746994443501, 25.277310613090901, 0.0 ], [ 55.315371482633999, 25.2765970966243, 0.0 ], [ 55.315132992425099, 25.278023355797497, 0.0 ], [ 55.314626548674198, 25.278664219440198, 0.0 ], [ 55.313752814951897, 25.278943947430701, 0.0 ], [ 55.310933151068198, 25.278853274966007, 0.0 ], [ 55.310089031938197, 25.279873211130596, 0.0 ], [ 55.317882348688599, 25.284297538573696, 0.0 ], [ 55.3199672397418, 25.285832345646703, 0.0 ], [ 55.322230865224199, 25.287827529136695, 0.0 ] ] ] } },
{ "type": "Feature", "properties": { "id": "kml_133", "description": "<center><table><tr><th colspan='2' align='center'><em>Attributes</em></th></tr><tr bgcolor=\"#E3E3F3\">\n<th>OBJECTID</th>\n<td>107</td>\n</tr><tr bgcolor=\"\">\n<th>CNAME_E</th>\n<td>HOR AL ANZ</td>\n</tr><tr bgcolor=\"#E3E3F3\">\n<th>CNAME_A</th>\n<td>هور العنز</td>\n</tr><tr bgcolor=\"\">\n<th>LABEL_E</th>\n<td>HOR AL ANZ</td>\n</tr><tr bgcolor=\"#E3E3F3\">\n<th>LABEL_A</th>\n<td>هور العنز</td>\n</tr><tr bgcolor=\"\">\n<th>C_PREFIX_E</th>\n<td>Community:</td>\n</tr><tr bgcolor=\"#E3E3F3\">\n<th>C_PREFIX_A</th>\n<td>:???????</td>\n</tr><tr bgcolor=\"\">\n<th>COMMUNITY_E</th>\n<td>HOR AL ANZ - 127</td>\n</tr><tr bgcolor=\"#E3E3F3\">\n<th>COMMUNITY_A</th>\n<td>هور العنز - 127</td>\n</tr><tr bgcolor=\"\">\n<th>DGIS_ID</th>\n<td>0000019</td>\n</tr><tr bgcolor=\"#E3E3F3\">\n<th>COMM_NUM</th>\n<td>127</td>\n</tr><tr bgcolor=\"\">\n<th>NDGIS_ID</th>\n<td>19</td>\n</tr></table></center>", "COMM_NUM": 127, "CNAME_E": "HOR AL ANZ", "population": 92239.0, "area_km2": 1.750611051, "pop_density": 52689.60227, "anomaly_morning_mean": 4.7939, "anomaly_morning_median": 4.5966, "anomaly_morning_std": 0.9933, "anomaly_morning_min": 2.3116, "anomaly_morning_max": 8.036, "anomaly_morning_count": 1943, "anomaly_morning_extreme_pct": 0.0, "anomaly_afternoon_mean": -1.2292, "anomaly_afternoon_median": -1.3656, "anomaly_afternoon_std": 1.1759, "anomaly_afternoon_min": -5.8717, "anomaly_afternoon_max": 1.4498, "anomaly_afternoon_count": 1943, "anomaly_afternoon_extreme_pct": 0.0, "anomaly_night_mean": 1.8241, "anomaly_night_median": 1.7566, "anomaly_night_std": 0.8458, "anomaly_night_min": -2.0785, "anomaly_night_max": 3.3911, "anomaly_night_count": 1943, "anomaly_night_extreme_pct": 0.0118, "diurnal_range_mean": -3.0534, "diurnal_range_std": 1.5083, "ndvi_mean": 0.0226, "green_fraction": 0.0026, "albedo_mean": 0.3629, "building_density_mean": 0.3548, "building_height_mean": 3.3565, "road_density_mean": 0.1305, "sand_fraction_mean": 0.1616, "water_fraction_mean": 0.0, "dist_to_coast_mean": 2189.929 }, "geometry": { "type": "Polygon", "coordinates": [ [ [ 55.348303346194797, 25.276064828994201, 0.0 ], [ 55.346545965833897, 25.275216445263798, 0.0 ], [ 55.337183647499003, 25.271849860779799, 0.0 ], [ 55.334413773601703, 25.271136762264003, 0.0 ], [ 55.3303632544796, 25.270468727238796, 0.0 ], [ 55.329846944259202, 25.2728609104078, 0.0 ], [ 55.329002979178298, 25.275442651776, 0.0 ], [ 55.328506530741102, 25.276498812179604, 0.0 ], [ 55.327126398075599, 25.278665274583098, 0.0 ], [ 55.338554199038903, 25.283756618155095, 0.0 ], [ 55.348303346194797, 25.276064828994201, 0.0 ] ] ] } },
{ "type": "Feature", "properties": { "id": "kml_134", "description": "<center><table><tr><th colspan='2' align='center'><em>Attributes</em></th></tr><tr bgcolor=\"#E3E3F3\">\n<th>OBJECTID</th>\n<td>108</td>\n</tr><tr bgcolor=\"\">\n<th>CNAME_E</th>\n<td>RIGGAT AL BUTEEN</td>\n</tr><tr bgcolor=\"#E3E3F3\">\n<th>CNAME_A</th>\n<td>رقة البطين</td>\n</tr><tr bgcolor=\"\">\n<th>LABEL_E</th>\n<td>RIGGAT AL BUTEEN</td>\n</tr><tr bgcolor=\"#E3E3F3\">\n<th>LABEL_A</th>\n<td>رقة البطين</td>\n</tr><tr bgcolor=\"\">\n<th>C_PREFIX_E</th>\n<td>Community:</td>\n</tr><tr bgcolor=\"#E3E3F3\">\n<th>C_PREFIX_A</th>\n<td>:???????</td>\n</tr><tr bgcolor=\"\">\n<th>COMMUNITY_E</th>\n<td>RIGGAT AL BUTEEN - 125</td>\n</tr><tr bgcolor=\"#E3E3F3\">\n<th>COMMUNITY_A</th>\n<td>رقة البطين - 125</td>\n</tr><tr bgcolor=\"\">\n<th>DGIS_ID</th>\n<td>0000045</td>\n</tr><tr bgcolor=\"#E3E3F3\">\n<th>COMM_NUM</th>\n<td>125</td>\n</tr><tr bgcolor=\"\">\n<th>NDGIS_ID</th>\n<td>45</td>\n</tr></table></center>", "COMM_NUM": 125, "CNAME_E": "RIGGAT AL BUTEEN", "population": 8353.0, "area_km2": 0.80658360387999994, "pop_density": 10356.02504, "anomaly_morning_mean": 1.1365, "anomaly_morning_median": 1.8181, "anomaly_morning_std": 2.2114, "anomaly_morning_min": -7.0717, "anomaly_morning_max": 5.2969, "anomaly_morning_count": 892, "anomaly_morning_extreme_pct": 0.0, "anomaly_afternoon_mean": -3.4212, "anomaly_afternoon_median": -2.4816, "anomaly_afternoon_std": 3.4145, "anomaly_afternoon_min": -12.5244, "anomaly_afternoon_max": 1.1768, "anomaly_afternoon_count": 892, "anomaly_afternoon_extreme_pct": 0.0, "anomaly_night_mean": 1.7, "anomaly_night_median": 1.6647, "anomaly_night_std": 0.8052, "anomaly_night_min": -1.1118, "anomaly_night_max": 3.4091, "anomaly_night_count": 892, "anomaly_night_extreme_pct": 0.0034, "diurnal_range_mean": -5.1212, "diurnal_range_std": 3.1308, "ndvi_mean": 0.0572, "green_fraction": 0.0617, "albedo_mean": 0.288, "building_density_mean": 0.1352, "building_height_mean": 4.1849, "road_density_mean": 0.1374, "sand_fraction_mean": 0.0202, "water_fraction_mean": 0.1155, "dist_to_coast_mean": 2868.0521 }, "geometry": { "type": "Polygon", "coordinates": [ [ [ 55.314291199081801, 25.264464471606107, 0.0 ], [ 55.321766812599698, 25.2602224812773, 0.0 ], [ 55.326382907697401, 25.258661071391799, 0.0 ], [ 55.323663279185503, 25.254797290808899, 0.0 ], [ 55.322005733008901, 25.252946602999501, 0.0 ], [ 55.3215025650521, 25.253291473715205, 0.0 ], [ 55.321505222465703, 25.253525828317493, 0.0 ], [ 55.321326256503902, 25.253349772754891, 0.0 ], [ 55.314908491054602, 25.257622716333, 0.0 ], [ 55.314998921027097, 25.259314394568904, 0.0 ], [ 55.312226762468697, 25.261981722207796, 0.0 ], [ 55.3135964543171, 25.2634623658228, 0.0 ], [ 55.314291199081801, 25.264464471606107, 0.0 ] ] ] } },
{ "type": "Feature", "properties": { "id": "kml_135", "description": "<center><table><tr><th colspan='2' align='center'><em>Attributes</em></th></tr><tr bgcolor=\"#E3E3F3\">\n<th>OBJECTID</th>\n<td>109</td>\n</tr><tr bgcolor=\"\">\n<th>CNAME_E</th>\n<td>UMM HURAIR SECOND</td>\n</tr><tr bgcolor=\"#E3E3F3\">\n<th>CNAME_A</th>\n<td>أم هرير الثانية</td>\n</tr><tr bgcolor=\"\">\n<th>LABEL_E</th>\n<td>UMM HURAIR SECOND</td>\n</tr><tr bgcolor=\"#E3E3F3\">\n<th>LABEL_A</th>\n<td>أم هرير الثانية</td>\n</tr><tr bgcolor=\"\">\n<th>C_PREFIX_E</th>\n<td>Community:</td>\n</tr><tr bgcolor=\"#E3E3F3\">\n<th>C_PREFIX_A</th>\n<td>:???????</td>\n</tr><tr bgcolor=\"\">\n<th>COMMUNITY_E</th>\n<td>UMM HURAIR SECOND - 315</td>\n</tr><tr bgcolor=\"#E3E3F3\">\n<th>COMMUNITY_A</th>\n<td>أم هرير الثانية - 315</td>\n</tr><tr bgcolor=\"\">\n<th>DGIS_ID</th>\n<td>0000057</td>\n</tr><tr bgcolor=\"#E3E3F3\">\n<th>COMM_NUM</th>\n<td>315</td>\n</tr><tr bgcolor=\"\">\n<th>NDGIS_ID</th>\n<td>57</td>\n</tr></table></center>", "COMM_NUM": 315, "CNAME_E": "UMM HURAIR SECOND", "population": 6494.0, "area_km2": 3.3970791544750001, "pop_density": 1911.642239, "anomaly_morning_mean": 2.8855, "anomaly_morning_median": 3.5485, "anomaly_morning_std": 2.4727, "anomaly_morning_min": -5.7627, "anomaly_morning_max": 7.3086, "anomaly_morning_count": 3778, "anomaly_morning_extreme_pct": 0.0, "anomaly_afternoon_mean": -2.36, "anomaly_afternoon_median": -2.3109, "anomaly_afternoon_std": 2.3032, "anomaly_afternoon_min": -11.3409, "anomaly_afternoon_max": 2.2628, "anomaly_afternoon_count": 3778, "anomaly_afternoon_extreme_pct": 0.0, "anomaly_night_mean": 0.7722, "anomaly_night_median": 0.8576, "anomaly_night_std": 1.0304, "anomaly_night_min": -1.8051, "anomaly_night_max": 3.3446, "anomaly_night_count": 3778, "anomaly_night_extreme_pct": 0.0013, "diurnal_range_mean": -3.1322, "diurnal_range_std": 1.8444, "ndvi_mean": 0.1128, "green_fraction": 0.2141, "albedo_mean": 0.352, "building_density_mean": 0.1549, "building_height_mean": 1.8022, "road_density_mean": 0.0993, "sand_fraction_mean": 0.0638, "water_fraction_mean": 0.0008, "dist_to_coast_mean": 4989.4563 }, "geometry": { "type": "Polygon", "coordinates": [ [ [ 55.3365544718595, 25.231623392528192, 0.0 ], [ 55.333179565491101, 25.228597212314604, 0.0 ], [ 55.330860520538003, 25.227020933820199, 0.0 ], [ 55.329123814137105, 25.226199418996099, 0.0 ], [ 55.3272581025345, 25.2256938306131, 0.0 ], [ 55.324509137963005, 25.225576338383799, 0.0 ], [ 55.322186864385003, 25.226000460116996, 0.0 ], [ 55.320549323100003, 25.226596123022695, 0.0 ], [ 55.3164106496438, 25.228744181259604, 0.0 ], [ 55.3173626230979, 25.234584884044299, 0.0 ], [ 55.3165776669967, 25.241120482680195, 0.0 ], [ 55.315832797008206, 25.244397264106595, 0.0 ], [ 55.315246930870202, 25.246121385089602, 0.0 ], [ 55.314214397318899, 25.247755174418998, 0.0 ], [ 55.318591581416499, 25.248829910252496, 0.0 ], [ 55.3205467459467, 25.251231321067799, 0.0 ], [ 55.3208246988791, 25.251032747045496, 0.0 ], [ 55.320735389616097, 25.250779978577896, 0.0 ], [ 55.321062997161306, 25.250328647429601, 0.0 ], [ 55.322154940668803, 25.249525315503195, 0.0 ], [ 55.322413016525601, 25.249534361986299, 0.0 ], [ 55.322452743144098, 25.249281603989495, 0.0 ], [ 55.322875652881407, 25.248906492168896, 0.0 ], [ 55.32336929985221, 25.2494123912048, 0.0 ], [ 55.324798624615603, 25.248300901253401, 0.0 ], [ 55.324201363611699, 25.247745351069096, 0.0 ], [ 55.324517487844503, 25.247404088772804, 0.0 ], [ 55.324854954951697, 25.247575624919296, 0.0 ], [ 55.325192457294698, 25.247232611122893, 0.0 ], [ 55.324974076476799, 25.247413133470399, 0.0 ], [ 55.3248152735123, 25.247259671388605, 0.0 ], [ 55.326135517866803, 25.2454362513013, 0.0 ], [ 55.3259767279702, 25.245084183413294, 0.0 ], [ 55.32646318096991, 25.243387096545707, 0.0 ], [ 55.326721256882806, 25.243161428733103, 0.0 ], [ 55.326592239214399, 25.242908670780395, 0.0 ], [ 55.326751088843103, 25.242132331048602, 0.0 ], [ 55.327555122542897, 25.2405616343299, 0.0 ], [ 55.328031558361801, 25.240065156899099, 0.0 ], [ 55.327793403340799, 25.238936749633901, 0.0 ], [ 55.327922448477302, 25.238530530904697, 0.0 ], [ 55.328508042345597, 25.238250708314098, 0.0 ], [ 55.329133322093, 25.238313917740694, 0.0 ], [ 55.329173023075398, 25.2380069944087, 0.0 ], [ 55.329381457264297, 25.238088244840903, 0.0 ], [ 55.329351689620601, 25.237853537099198, 0.0 ], [ 55.329173023689897, 25.237988940028494, 0.0 ], [ 55.3292226733275, 25.2375646634727, 0.0 ], [ 55.331872692554697, 25.235073217437801, 0.0 ], [ 55.3345523844567, 25.233258744455298, 0.0 ], [ 55.334512684245297, 25.233114318669401, 0.0 ], [ 55.334760798929899, 25.232888627549194, 0.0 ], [ 55.335028764013899, 25.232807379950302, 0.0 ], [ 55.3352570354945, 25.233069165846196, 0.0 ], [ 55.335157794800601, 25.233484418113495, 0.0 ], [ 55.335286809850402, 25.2330872198477, 0.0 ], [ 55.335634167494497, 25.233267758766505, 0.0 ], [ 55.335465453966201, 25.233069162985892, 0.0 ], [ 55.335544850009398, 25.232987917053602, 0.0 ], [ 55.335286809129101, 25.233042083867197, 0.0 ], [ 55.335058537635305, 25.232780298016397, 0.0 ], [ 55.33521732853, 25.232536561768995, 0.0 ], [ 55.335811862154998, 25.232423758168597, 0.0 ], [ 55.336275040494897, 25.233063452925595, 0.0 ], [ 55.336781978416901, 25.232877346313998, 0.0 ], [ 55.336199897099, 25.232064342325298, 0.0 ], [ 55.3365544718595, 25.231623392528192, 0.0 ] ] ] } },
{ "type": "Feature", "properties": { "id": "kml_136", "description": "<center><table><tr><th colspan='2' align='center'><em>Attributes</em></th></tr><tr bgcolor=\"#E3E3F3\">\n<th>OBJECTID</th>\n<td>110</td>\n</tr><tr bgcolor=\"\">\n<th>CNAME_E</th>\n<td>BU KADRA</td>\n</tr><tr bgcolor=\"#E3E3F3\">\n<th>CNAME_A</th>\n<td>بو كدرة</td>\n</tr><tr bgcolor=\"\">\n<th>LABEL_E</th>\n<td>BU KADRA</td>\n</tr><tr bgcolor=\"#E3E3F3\">\n<th>LABEL_A</th>\n<td>بو كدرة</td>\n</tr><tr bgcolor=\"\">\n<th>C_PREFIX_E</th>\n<td>Community:</td>\n</tr><tr bgcolor=\"#E3E3F3\">\n<th>C_PREFIX_A</th>\n<td>:???????</td>\n</tr><tr bgcolor=\"\">\n<th>COMMUNITY_E</th>\n<td>BU KADRA - 611</td>\n</tr><tr bgcolor=\"#E3E3F3\">\n<th>COMMUNITY_A</th>\n<td>بو كدرة - 611</td>\n</tr><tr bgcolor=\"\">\n<th>DGIS_ID</th>\n<td>0000094</td>\n</tr><tr bgcolor=\"#E3E3F3\">\n<th>COMM_NUM</th>\n<td>611</td>\n</tr><tr bgcolor=\"\">\n<th>NDGIS_ID</th>\n<td>94</td>\n</tr></table></center>", "COMM_NUM": 611, "CNAME_E": "BU KADRA", "population": 221.0, "area_km2": 1.7451530761249998, "pop_density": 126.6364556, "anomaly_morning_mean": 5.7854, "anomaly_morning_median": 5.6966, "anomaly_morning_std": 0.9042, "anomaly_morning_min": 1.3373, "anomaly_morning_max": 8.7444, "anomaly_morning_count": 1952, "anomaly_morning_extreme_pct": 0.0123, "anomaly_afternoon_mean": -0.0116, "anomaly_afternoon_median": 0.2561, "anomaly_afternoon_std": 1.6054, "anomaly_afternoon_min": -5.8008, "anomaly_afternoon_max": 2.7072, "anomaly_afternoon_count": 1952, "anomaly_afternoon_extreme_pct": 0.0056, "anomaly_night_mean": -0.0456, "anomaly_night_median": 0.0372, "anomaly_night_std": 1.0041, "anomaly_night_min": -2.2826, "anomaly_night_max": 3.7383, "anomaly_night_count": 1952, "anomaly_night_extreme_pct": 0.001, "diurnal_range_mean": 0.0341, "diurnal_range_std": 1.9964, "ndvi_mean": 0.0279, "green_fraction": 0.0149, "albedo_mean": 0.4545, "building_density_mean": 0.005, "building_height_mean": 0.0617, "road_density_mean": 0.0961, "sand_fraction_mean": 0.3776, "water_fraction_mean": 0.0, "dist_to_coast_mean": 8920.0123 }, "geometry": { "type": "Polygon", "coordinates": [ [ [ 55.332478565489502, 25.1696438150517, 0.0 ], [ 55.329443181302402, 25.169715993620297, 0.0 ], [ 55.328530597159002, 25.169589584997102, 0.0 ], [ 55.327211311744499, 25.169111090803, 0.0 ], [ 55.3259515806064, 25.1681812150279, 0.0 ], [ 55.318471159152701, 25.177758576699201, 0.0 ], [ 55.316536423484003, 25.179988121536692, 0.0 ], [ 55.325057766673197, 25.184105273174296, 0.0 ], [ 55.326347435452803, 25.184538647947793, 0.0 ], [ 55.327885139515402, 25.184827584719493, 0.0 ], [ 55.329363333340403, 25.184890822547199, 0.0 ], [ 55.329383308777601, 25.180738284662102, 0.0 ], [ 55.329522217490201, 25.180016107471896, 0.0 ], [ 55.329938895545801, 25.179230745880002, 0.0 ], [ 55.33222060453901, 25.176540656114092, 0.0 ], [ 55.332637245000903, 25.175502523100697, 0.0 ], [ 55.332478565489502, 25.1696438150517, 0.0 ] ] ] } },
{ "type": "Feature", "properties": { "id": "kml_137", "description": "<center><table><tr><th colspan='2' align='center'><em>Attributes</em></th></tr><tr bgcolor=\"#E3E3F3\">\n<th>OBJECTID</th>\n<td>111</td>\n</tr><tr bgcolor=\"\">\n<th>CNAME_E</th>\n<td>MANKHOOL</td>\n</tr><tr bgcolor=\"#E3E3F3\">\n<th>CNAME_A</th>\n<td>منخول</td>\n</tr><tr bgcolor=\"\">\n<th>LABEL_E</th>\n<td>MANKHOOL</td>\n</tr><tr bgcolor=\"#E3E3F3\">\n<th>LABEL_A</th>\n<td>منخول</td>\n</tr><tr bgcolor=\"\">\n<th>C_PREFIX_E</th>\n<td>Community:</td>\n</tr><tr bgcolor=\"#E3E3F3\">\n<th>C_PREFIX_A</th>\n<td>:???????</td>\n</tr><tr bgcolor=\"\">\n<th>COMMUNITY_E</th>\n<td>MANKHOOL - 317</td>\n</tr><tr bgcolor=\"#E3E3F3\">\n<th>COMMUNITY_A</th>\n<td>منخول - 317</td>\n</tr><tr bgcolor=\"\">\n<th>DGIS_ID</th>\n<td>0000050</td>\n</tr><tr bgcolor=\"#E3E3F3\">\n<th>COMM_NUM</th>\n<td>317</td>\n</tr><tr bgcolor=\"\">\n<th>NDGIS_ID</th>\n<td>50</td>\n</tr></table></center>", "COMM_NUM": 317, "CNAME_E": "MANKHOOL", "population": 46395.0, "area_km2": 1.960287932, "pop_density": 23667.44152, "anomaly_morning_mean": 3.2045, "anomaly_morning_median": 3.2705, "anomaly_morning_std": 0.9678, "anomaly_morning_min": -0.3177, "anomaly_morning_max": 6.6189, "anomaly_morning_count": 2181, "anomaly_morning_extreme_pct": 0.0, "anomaly_afternoon_mean": -1.6879, "anomaly_afternoon_median": -1.7232, "anomaly_afternoon_std": 1.4254, "anomaly_afternoon_min": -5.9384, "anomaly_afternoon_max": 1.4141, "anomaly_afternoon_count": 2181, "anomaly_afternoon_extreme_pct": 0.0, "anomaly_night_mean": 1.7459, "anomaly_night_median": 1.7202, "anomaly_night_std": 0.877, "anomaly_night_min": -1.5241, "anomaly_night_max": 3.8546, "anomaly_night_count": 2181, "anomaly_night_extreme_pct": 0.0426, "diurnal_range_mean": -3.4338, "diurnal_range_std": 1.7266, "ndvi_mean": 0.0347, "green_fraction": 0.0092, "albedo_mean": 0.3528, "building_density_mean": 0.289, "building_height_mean": 5.8619, "road_density_mean": 0.1622, "sand_fraction_mean": 0.1508, "water_fraction_mean": 0.0, "dist_to_coast_mean": 1856.6401 }, "geometry": { "type": "Polygon", "coordinates": [ [ [ 55.2975457677408, 25.258250675658999, 0.0 ], [ 55.304266984844901, 25.254812801193999, 0.0 ], [ 55.295407339219601, 25.239744432384402, 0.0 ], [ 55.287693936453103, 25.243759347607398, 0.0 ], [ 55.2868003684383, 25.244463188921689, 0.0 ], [ 55.284903732287702, 25.246592993473101, 0.0 ], [ 55.2975457677408, 25.258250675658999, 0.0 ] ] ] } },
{ "type": "Feature", "properties": { "id": "kml_138", "description": "<center><table><tr><th colspan='2' align='center'><em>Attributes</em></th></tr><tr bgcolor=\"#E3E3F3\">\n<th>OBJECTID</th>\n<td>112</td>\n</tr><tr bgcolor=\"\">\n<th>CNAME_E</th>\n<td>AL MIZHAR SECOND</td>\n</tr><tr bgcolor=\"#E3E3F3\">\n<th>CNAME_A</th>\n<td>المزهر الثانية</td>\n</tr><tr bgcolor=\"\">\n<th>LABEL_E</th>\n<td>AL MIZHAR SECOND</td>\n</tr><tr bgcolor=\"#E3E3F3\">\n<th>LABEL_A</th>\n<td>المزهر الثانية</td>\n</tr><tr bgcolor=\"\">\n<th>C_PREFIX_E</th>\n<td>Community:</td>\n</tr><tr bgcolor=\"#E3E3F3\">\n<th>C_PREFIX_A</th>\n<td>:???????</td>\n</tr><tr bgcolor=\"\">\n<th>COMMUNITY_E</th>\n<td>AL MIZHAR SECOND - 263</td>\n</tr><tr bgcolor=\"#E3E3F3\">\n<th>COMMUNITY_A</th>\n<td>المزهر الثانية - 263</td>\n</tr><tr bgcolor=\"\">\n<th>DGIS_ID</th>\n<td>0000051</td>\n</tr><tr bgcolor=\"#E3E3F3\">\n<th>COMM_NUM</th>\n<td>263</td>\n</tr><tr bgcolor=\"\">\n<th>NDGIS_ID</th>\n<td>51</td>\n</tr></table></center>", "COMM_NUM": 263, "CNAME_E": "AL MIZHAR SECOND", "population": 13065.0, "area_km2": 4.3062862295000004, "pop_density": 3033.936739, "anomaly_morning_mean": 4.5497, "anomaly_morning_median": 4.4185, "anomaly_morning_std": 0.7634, "anomaly_morning_min": 2.778, "anomaly_morning_max": 7.3389, "anomaly_morning_count": 4787, "anomaly_morning_extreme_pct": 0.0, "anomaly_afternoon_mean": -1.0615, "anomaly_afternoon_median": -2.0526, "anomaly_afternoon_std": 2.6211, "anomaly_afternoon_min": -5.6313, "anomaly_afternoon_max": 2.9738, "anomaly_afternoon_count": 4787, "anomaly_afternoon_extreme_pct": 0.1494, "anomaly_night_mean": 0.5491, "anomaly_night_median": 0.5931, "anomaly_night_std": 0.8228, "anomaly_night_min": -1.7975, "anomaly_night_max": 2.7944, "anomaly_night_count": 4787, "anomaly_night_extreme_pct": 0.0, "diurnal_range_mean": -1.6106, "diurnal_range_std": 3.0988, "ndvi_mean": 0.0725, "green_fraction": 0.0295, "albedo_mean": 0.4009, "building_density_mean": 0.1696, "building_height_mean": 0.683, "road_density_mean": 0.0852, "sand_fraction_mean": 0.3453, "water_fraction_mean": 0.0, "dist_to_coast_mean": 11850.226 }, "geometry": { "type": "Polygon", "coordinates": [ [ [ 55.469393924190598, 25.255204338413296, 0.0 ], [ 55.469084267393598, 25.253462382700896, 0.0 ], [ 55.469010200696999, 25.249337039796298, 0.0 ], [ 55.468680462955405, 25.247369421174191, 0.0 ], [ 55.464898381592803, 25.228614369146001, 0.0 ], [ 55.450867480429899, 25.230774664955398, 0.0 ], [ 55.455926070991602, 25.257563193421699, 0.0 ], [ 55.469393924190598, 25.255204338413296, 0.0 ] ] ] } },
{ "type": "Feature", "properties": { "id": "kml_140", "description": "<center><table><tr><th colspan='2' align='center'><em>Attributes</em></th></tr><tr bgcolor=\"#E3E3F3\">\n<th>OBJECTID</th>\n<td>114</td>\n</tr><tr bgcolor=\"\">\n<th>CNAME_E</th>\n<td>SAIH SHUAIB 1</td>\n</tr><tr bgcolor=\"#E3E3F3\">\n<th>CNAME_A</th>\n<td>سيح شعيب 1</td>\n</tr><tr bgcolor=\"\">\n<th>LABEL_E</th>\n<td>SAIH SHUAIB 1</td>\n</tr><tr bgcolor=\"#E3E3F3\">\n<th>LABEL_A</th>\n<td>سيح شعيب 1</td>\n</tr><tr bgcolor=\"\">\n<th>C_PREFIX_E</th>\n<td>Community:</td>\n</tr><tr bgcolor=\"#E3E3F3\">\n<th>C_PREFIX_A</th>\n<td>:???????</td>\n</tr><tr bgcolor=\"\">\n<th>COMMUNITY_E</th>\n<td>SAIH SHUAIB 1 - 513</td>\n</tr><tr bgcolor=\"#E3E3F3\">\n<th>COMMUNITY_A</th>\n<td>سيح شعيب 1 - 513</td>\n</tr><tr bgcolor=\"\">\n<th>DGIS_ID</th>\n<td>0000244</td>\n</tr><tr bgcolor=\"#E3E3F3\">\n<th>COMM_NUM</th>\n<td>513</td>\n</tr><tr bgcolor=\"\">\n<th>NDGIS_ID</th>\n<td>244</td>\n</tr></table></center>", "COMM_NUM": 513, "CNAME_E": "SAIH SHUAIB 1", "population": 5316.0, "area_km2": 48.191309781622003, "pop_density": 110.3103448, "anomaly_morning_mean": 7.4174, "anomaly_morning_median": 7.7274, "anomaly_morning_std": 1.6274, "anomaly_morning_min": -4.6593, "anomaly_morning_max": 10.7306, "anomaly_morning_count": 53550, "anomaly_morning_extreme_pct": 0.3694, "anomaly_afternoon_mean": 0.5613, "anomaly_afternoon_median": 0.8274, "anomaly_afternoon_std": 1.5811, "anomaly_afternoon_min": -13.0886, "anomaly_afternoon_max": 3.3481, "anomaly_afternoon_count": 53550, "anomaly_afternoon_extreme_pct": 0.0599, "anomaly_night_mean": -2.0141, "anomaly_night_median": -2.3981, "anomaly_night_std": 0.9787, "anomaly_night_min": -3.1296, "anomaly_night_max": 4.928, "anomaly_night_count": 53550, "anomaly_night_extreme_pct": 0.0005, "diurnal_range_mean": 2.5754, "diurnal_range_std": 2.2499, "ndvi_mean": 0.0494, "green_fraction": 0.0212, "albedo_mean": 0.5018, "building_density_mean": 0.0095, "building_height_mean": 0.1239, "road_density_mean": 0.0251, "sand_fraction_mean": 0.9088, "water_fraction_mean": 0.0005, "dist_to_coast_mean": 7840.3669 }, "geometry": { "type": "Polygon", "coordinates": [ [ [ 54.946749856893398, 24.904133267646195, 0.0 ], [ 54.955024852475702, 24.909315663990697, 0.0 ], [ 54.958939708616697, 24.911132090696888, 0.0 ], [ 54.965293650541199, 24.913486325229197, 0.0 ], [ 54.973498374109703, 24.916187053102899, 0.0 ], [ 55.010199531964297, 24.929062536886502, 0.0 ], [ 55.020881707673603, 24.916846583737904, 0.0 ], [ 55.028171679230702, 24.911230703722005, 0.0 ], [ 55.041890967453099, 24.903999532007695, 0.0 ], [ 55.054836452116703, 24.896417048641496, 0.0 ], [ 55.060774864820303, 24.891839278345799, 0.0 ], [ 55.009489557099201, 24.859055311751501, 0.0 ], [ 54.940375338172409, 24.897620727558404, 0.0 ], [ 54.943927788979202, 24.901467538941695, 0.0 ], [ 54.946749856893398, 24.904133267646195, 0.0 ] ] ] } },
{ "type": "Feature", "properties": { "id": "kml_144", "description": "<center><table><tr><th colspan='2' align='center'><em>Attributes</em></th></tr><tr bgcolor=\"#E3E3F3\">\n<th>OBJECTID</th>\n<td>118</td>\n</tr><tr bgcolor=\"\">\n<th>CNAME_E</th>\n<td>AL HAMRIYA</td>\n</tr><tr bgcolor=\"#E3E3F3\">\n<th>CNAME_A</th>\n<td>الحمرية</td>\n</tr><tr bgcolor=\"\">\n<th>LABEL_E</th>\n<td>AL HAMRIYA</td>\n</tr><tr bgcolor=\"#E3E3F3\">\n<th>LABEL_A</th>\n<td>الحمرية</td>\n</tr><tr bgcolor=\"\">\n<th>C_PREFIX_E</th>\n<td>Community:</td>\n</tr><tr bgcolor=\"#E3E3F3\">\n<th>C_PREFIX_A</th>\n<td>:???????</td>\n</tr><tr bgcolor=\"\">\n<th>COMMUNITY_E</th>\n<td>AL HAMRIYA - 313</td>\n</tr><tr bgcolor=\"#E3E3F3\">\n<th>COMMUNITY_A</th>\n<td>الحمرية - 313</td>\n</tr><tr bgcolor=\"\">\n<th>DGIS_ID</th>\n<td>0000044</td>\n</tr><tr bgcolor=\"#E3E3F3\">\n<th>COMM_NUM</th>\n<td>313</td>\n</tr><tr bgcolor=\"\">\n<th>NDGIS_ID</th>\n<td>44</td>\n</tr></table></center>", "COMM_NUM": 313, "CNAME_E": "AL HAMRIYA", "population": 41740.0, "area_km2": 0.82790166086399997, "pop_density": 50416.61585, "anomaly_morning_mean": 3.119, "anomaly_morning_median": 3.424, "anomaly_morning_std": 1.9613, "anomaly_morning_min": -4.6967, "anomaly_morning_max": 6.9336, "anomaly_morning_count": 918, "anomaly_morning_extreme_pct": 0.0, "anomaly_afternoon_mean": -1.7675, "anomaly_afternoon_median": -1.441, "anomaly_afternoon_std": 2.1237, "anomaly_afternoon_min": -11.7199, "anomaly_afternoon_max": 1.0727, "anomaly_afternoon_count": 918, "anomaly_afternoon_extreme_pct": 0.0, "anomaly_night_mean": 1.6917, "anomaly_night_median": 1.7431, "anomaly_night_std": 1.1291, "anomaly_night_min": -1.4264, "anomaly_night_max": 3.7564, "anomaly_night_count": 918, "anomaly_night_extreme_pct": 0.0708, "diurnal_range_mean": -3.4592, "diurnal_range_std": 2.2829, "ndvi_mean": 0.0298, "green_fraction": 0.0283, "albedo_mean": 0.3658, "building_density_mean": 0.3166, "building_height_mean": 5.593, "road_density_mean": 0.1164, "sand_fraction_mean": 0.1242, "water_fraction_mean": 0.0283, "dist_to_coast_mean": 1852.6211 }, "geometry": { "type": "Polygon", "coordinates": [ [ [ 55.301121686663897, 25.265115625294193, 0.0 ], [ 55.301279509616599, 25.265701215125294, 0.0 ], [ 55.302148297288497, 25.265598193739404, 0.0 ], [ 55.303986812462703, 25.265172037550496, 0.0 ], [ 55.305728257355199, 25.264476379680001, 0.0 ], [ 55.307599006828404, 25.263436879329397, 0.0 ], [ 55.3106610220037, 25.260423031923096, 0.0 ], [ 55.308891691736804, 25.2599139877818, 0.0 ], [ 55.307581548726198, 25.258947858619397, 0.0 ], [ 55.305824923707199, 25.257096972993395, 0.0 ], [ 55.304266984844901, 25.254812801193999, 0.0 ], [ 55.2975457677408, 25.258250675658999, 0.0 ], [ 55.300185266595697, 25.261979509736097, 0.0 ], [ 55.300443099595803, 25.262981582069902, 0.0 ], [ 55.301382765312198, 25.264292378271694, 0.0 ], [ 55.301121686663897, 25.265115625294193, 0.0 ] ] ] } },
{ "type": "Feature", "properties": { "id": "kml_146", "description": "<center><table><tr><th colspan='2' align='center'><em>Attributes</em></th></tr><tr bgcolor=\"#E3E3F3\">\n<th>OBJECTID</th>\n<td>120</td>\n</tr><tr bgcolor=\"\">\n<th>CNAME_E</th>\n<td>AL HAMRIYA PORT</td>\n</tr><tr bgcolor=\"#E3E3F3\">\n<th>CNAME_A</th>\n<td>ميناء الحمرية</td>\n</tr><tr bgcolor=\"\">\n<th>LABEL_E</th>\n<td>AL HAMRIYA PORT</td>\n</tr><tr bgcolor=\"#E3E3F3\">\n<th>LABEL_A</th>\n<td>ميناء الحمرية</td>\n</tr><tr bgcolor=\"\">\n<th>C_PREFIX_E</th>\n<td>Community:</td>\n</tr><tr bgcolor=\"#E3E3F3\">\n<th>C_PREFIX_A</th>\n<td>:???????</td>\n</tr><tr bgcolor=\"\">\n<th>COMMUNITY_E</th>\n<td>AL HAMRIYA PORT - 131</td>\n</tr><tr bgcolor=\"#E3E3F3\">\n<th>COMMUNITY_A</th>\n<td>ميناء الحمرية - 131</td>\n</tr><tr bgcolor=\"\">\n<th>DGIS_ID</th>\n<td>0000002</td>\n</tr><tr bgcolor=\"#E3E3F3\">\n<th>COMM_NUM</th>\n<td>131</td>\n</tr><tr bgcolor=\"\">\n<th>NDGIS_ID</th>\n<td>2</td>\n</tr></table></center>", "COMM_NUM": 131, "CNAME_E": "AL HAMRIYA PORT", "population": 588.0, "area_km2": 1.1509843161889999, "pop_density": 510.8670828, "anomaly_morning_mean": -1.8724, "anomaly_morning_median": -1.2568, "anomaly_morning_std": 5.1572, "anomaly_morning_min": -12.5165, "anomaly_morning_max": 5.7958, "anomaly_morning_count": 1282, "anomaly_morning_extreme_pct": 0.0, "anomaly_afternoon_mean": -4.1003, "anomaly_afternoon_median": -1.1404, "anomaly_afternoon_std": 5.2812, "anomaly_afternoon_min": -13.207, "anomaly_afternoon_max": 1.3927, "anomaly_afternoon_count": 1282, "anomaly_afternoon_extreme_pct": 0.0, "anomaly_night_mean": 2.0126, "anomaly_night_median": 2.0631, "anomaly_night_std": 0.9003, "anomaly_night_min": -1.3594, "anomaly_night_max": 4.2856, "anomaly_night_count": 1282, "anomaly_night_extreme_pct": 0.0952, "diurnal_range_mean": -6.1129, "diurnal_range_std": 5.1651, "ndvi_mean": 0.0175, "green_fraction": 0.0016, "albedo_mean": 0.273, "building_density_mean": 0.0787, "building_height_mean": 0.5728, "road_density_mean": 0.0258, "sand_fraction_mean": 0.0593, "water_fraction_mean": 0.3128, "dist_to_coast_mean": 86.0153 }, "geometry": { "type": "Polygon", "coordinates": [ [ [ 55.336076577676501, 25.3063237342996, 0.0 ], [ 55.338156687901503, 25.309288997929198, 0.0 ], [ 55.340521535307303, 25.308021433064997, 0.0 ], [ 55.341405323251202, 25.307236029208408, 0.0 ], [ 55.341464866014306, 25.306613155642296, 0.0 ], [ 55.340412183370901, 25.306071583549802, 0.0 ], [ 55.338743723339498, 25.303489901212796, 0.0 ], [ 55.338693968805103, 25.301160908293799, 0.0 ], [ 55.335744633992398, 25.298263282221903, 0.0 ], [ 55.329568320022602, 25.293713585826399, 0.0 ], [ 55.327572520474, 25.2925670768111, 0.0 ], [ 55.325318385483001, 25.294580019777197, 0.0 ], [ 55.325600670934698, 25.294826980759002, 0.0 ], [ 55.324907935108897, 25.295250125187305, 0.0 ], [ 55.334927897417501, 25.307008586956997, 0.0 ], [ 55.336076577676501, 25.3063237342996, 0.0 ] ] ] } },
{ "type": "Feature", "properties": { "id": "kml_147", "description": "<center><table><tr><th colspan='2' align='center'><em>Attributes</em></th></tr><tr bgcolor=\"#E3E3F3\">\n<th>OBJECTID</th>\n<td>121</td>\n</tr><tr bgcolor=\"\">\n<th>CNAME_E</th>\n<td>AL QUSAIS IND. FIRST</td>\n</tr><tr bgcolor=\"#E3E3F3\">\n<th>CNAME_A</th>\n<td>القصيص الصناعية الأولى</td>\n</tr><tr bgcolor=\"\">\n<th>LABEL_E</th>\n<td>AL QUSAIS IND. FIRST</td>\n</tr><tr bgcolor=\"#E3E3F3\">\n<th>LABEL_A</th>\n<td>القصيص الصناعية الأولى</td>\n</tr><tr bgcolor=\"\">\n<th>C_PREFIX_E</th>\n<td>Community:</td>\n</tr><tr bgcolor=\"#E3E3F3\">\n<th>C_PREFIX_A</th>\n<td>:???????</td>\n</tr><tr bgcolor=\"\">\n<th>COMMUNITY_E</th>\n<td>AL QUSAIS IND. FIRST - 242</td>\n</tr><tr bgcolor=\"#E3E3F3\">\n<th>COMMUNITY_A</th>\n<td>القصيص الصناعية الأولى - 242</td>\n</tr><tr bgcolor=\"\">\n<th>DGIS_ID</th>\n<td>0000008</td>\n</tr><tr bgcolor=\"#E3E3F3\">\n<th>COMM_NUM</th>\n<td>242</td>\n</tr><tr bgcolor=\"\">\n<th>NDGIS_ID</th>\n<td>8</td>\n</tr></table></center>", "COMM_NUM": 242, "CNAME_E": "AL QUSAIS IND. FIRST", "population": 12565.0, "area_km2": 1.4379219045009999, "pop_density": 8738.304883000001, "anomaly_morning_mean": 5.8737, "anomaly_morning_median": 5.8412, "anomaly_morning_std": 0.849, "anomaly_morning_min": 3.3588, "anomaly_morning_max": 8.1246, "anomaly_morning_count": 1598, "anomaly_morning_extreme_pct": 0.0013, "anomaly_afternoon_mean": -0.8837, "anomaly_afternoon_median": -0.9077, "anomaly_afternoon_std": 1.0689, "anomaly_afternoon_min": -4.4273, "anomaly_afternoon_max": 1.6355, "anomaly_afternoon_count": 1598, "anomaly_afternoon_extreme_pct": 0.0, "anomaly_night_mean": 1.2925, "anomaly_night_median": 1.1256, "anomaly_night_std": 0.8228, "anomaly_night_min": -0.991, "anomaly_night_max": 3.3514, "anomaly_night_count": 1598, "anomaly_night_extreme_pct": 0.0025, "diurnal_range_mean": -2.1762, "diurnal_range_std": 1.2522, "ndvi_mean": 0.0159, "green_fraction": 0.0, "albedo_mean": 0.3915, "building_density_mean": 0.4248, "building_height_mean": 3.454, "road_density_mean": 0.0921, "sand_fraction_mean": 0.112, "water_fraction_mean": 0.0, "dist_to_coast_mean": 3305.9224 }, "geometry": { "type": "Polygon", "coordinates": [ [ [ 55.388422083419997, 25.295725420380307, 0.0 ], [ 55.394795135682799, 25.292021783904399, 0.0 ], [ 55.384730517722502, 25.277654442240088, 0.0 ], [ 55.378754962616298, 25.281113796133702, 0.0 ], [ 55.378417510614902, 25.281438876494505, 0.0 ], [ 55.388422083419997, 25.295725420380307, 0.0 ] ] ] } },
{ "type": "Feature", "properties": { "id": "kml_148", "description": "<center><table><tr><th colspan='2' align='center'><em>Attributes</em></th></tr><tr bgcolor=\"#E3E3F3\">\n<th>OBJECTID</th>\n<td>122</td>\n</tr><tr bgcolor=\"\">\n<th>CNAME_E</th>\n<td>AL SAFOUH SECOND</td>\n</tr><tr bgcolor=\"#E3E3F3\">\n<th>CNAME_A</th>\n<td>الصفوح الثانية</td>\n</tr><tr bgcolor=\"\">\n<th>LABEL_E</th>\n<td>AL SAFOUH SECOND</td>\n</tr><tr bgcolor=\"#E3E3F3\">\n<th>LABEL_A</th>\n<td>الصفوح الثانية</td>\n</tr><tr bgcolor=\"\">\n<th>C_PREFIX_E</th>\n<td>Community:</td>\n</tr><tr bgcolor=\"#E3E3F3\">\n<th>C_PREFIX_A</th>\n<td>:???????</td>\n</tr><tr bgcolor=\"\">\n<th>COMMUNITY_E</th>\n<td>AL SAFOUH SECOND - 382</td>\n</tr><tr bgcolor=\"#E3E3F3\">\n<th>COMMUNITY_A</th>\n<td>الصفوح الثانية - 382</td>\n</tr><tr bgcolor=\"\">\n<th>DGIS_ID</th>\n<td>0000124</td>\n</tr><tr bgcolor=\"#E3E3F3\">\n<th>COMM_NUM</th>\n<td>382</td>\n</tr><tr bgcolor=\"\">\n<th>NDGIS_ID</th>\n<td>124</td>\n</tr></table></center>", "COMM_NUM": 382, "CNAME_E": "AL SAFOUH SECOND", "population": 7471.0, "area_km2": 4.2790724158380007, "pop_density": 1745.939137, "anomaly_morning_mean": 0.4795, "anomaly_morning_median": 1.5459, "anomaly_morning_std": 3.5165, "anomaly_morning_min": -11.6852, "anomaly_morning_max": 5.9939, "anomaly_morning_count": 4751, "anomaly_morning_extreme_pct": 0.0, "anomaly_afternoon_mean": -3.8372, "anomaly_afternoon_median": -3.4412, "anomaly_afternoon_std": 2.9583, "anomaly_afternoon_min": -12.3812, "anomaly_afternoon_max": 1.0934, "anomaly_afternoon_count": 4751, "anomaly_afternoon_extreme_pct": 0.0, "anomaly_night_mean": 1.0769, "anomaly_night_median": 1.1865, "anomaly_night_std": 0.8743, "anomaly_night_min": -1.8356, "anomaly_night_max": 3.1951, "anomaly_night_count": 4751, "anomaly_night_extreme_pct": 0.0, "diurnal_range_mean": -4.9141, "diurnal_range_std": 2.794, "ndvi_mean": 0.0938, "green_fraction": 0.1379, "albedo_mean": 0.3318, "building_density_mean": 0.1367, "building_height_mean": 1.954, "road_density_mean": 0.1082, "sand_fraction_mean": 0.0248, "water_fraction_mean": 0.0781, "dist_to_coast_mean": 653.4491 }, "geometry": { "type": "Polygon", "coordinates": [ [ [ 55.176903080633799, 25.1053410266043, 0.0 ], [ 55.155148016214703, 25.086900721467696, 0.0 ], [ 55.148786277108499, 25.091975338906199, 0.0 ], [ 55.1499676330168, 25.093322581057397, 0.0 ], [ 55.148036376993097, 25.094820587857093, 0.0 ], [ 55.153579341986003, 25.101275639878196, 0.0 ], [ 55.1558904450292, 25.099439699960602, 0.0 ], [ 55.157888938413798, 25.101503576406603, 0.0 ], [ 55.154911718770997, 25.1038687052806, 0.0 ], [ 55.155152287780098, 25.106351689132598, 0.0 ], [ 55.156800912617001, 25.109370564361502, 0.0 ], [ 55.1627226705235, 25.115803221261594, 0.0 ], [ 55.164560620759509, 25.115388181672898, 0.0 ], [ 55.165677322843997, 25.114617874961397, 0.0 ], [ 55.168724522987603, 25.112174886083196, 0.0 ], [ 55.1685957991197, 25.112048360654391, 0.0 ], [ 55.176903080633799, 25.1053410266043, 0.0 ] ] ] } },
{ "type": "Feature", "properties": { "id": "kml_149", "description": "<center><table><tr><th colspan='2' align='center'><em>Attributes</em></th></tr><tr bgcolor=\"#E3E3F3\">\n<th>OBJECTID</th>\n<td>123</td>\n</tr><tr bgcolor=\"\">\n<th>CNAME_E</th>\n<td>HOR AL ANZ EAST</td>\n</tr><tr bgcolor=\"#E3E3F3\">\n<th>CNAME_A</th>\n<td>هور العنز شرق</td>\n</tr><tr bgcolor=\"\">\n<th>LABEL_E</th>\n<td>HOR AL ANZ EAST</td>\n</tr><tr bgcolor=\"#E3E3F3\">\n<th>LABEL_A</th>\n<td>هور العنز شرق</td>\n</tr><tr bgcolor=\"\">\n<th>C_PREFIX_E</th>\n<td>Community:</td>\n</tr><tr bgcolor=\"#E3E3F3\">\n<th>C_PREFIX_A</th>\n<td>:???????</td>\n</tr><tr bgcolor=\"\">\n<th>COMMUNITY_E</th>\n<td>HOR AL ANZ EAST - 133</td>\n</tr><tr bgcolor=\"#E3E3F3\">\n<th>COMMUNITY_A</th>\n<td>هور العنز شرق - 133</td>\n</tr><tr bgcolor=\"\">\n<th>DGIS_ID</th>\n<td>0000013</td>\n</tr><tr bgcolor=\"#E3E3F3\">\n<th>COMM_NUM</th>\n<td>133</td>\n</tr><tr bgcolor=\"\">\n<th>NDGIS_ID</th>\n<td>13</td>\n</tr></table></center>", "COMM_NUM": 133, "CNAME_E": "HOR AL ANZ EAST", "population": 24020.0, "area_km2": 1.3772751565000001, "pop_density": 17440.23327, "anomaly_morning_mean": 4.6191, "anomaly_morning_median": 4.5567, "anomaly_morning_std": 0.7795, "anomaly_morning_min": 2.2335, "anomaly_morning_max": 6.9922, "anomaly_morning_count": 1532, "anomaly_morning_extreme_pct": 0.0, "anomaly_afternoon_mean": -1.4561, "anomaly_afternoon_median": -1.3023, "anomaly_afternoon_std": 1.5387, "anomaly_afternoon_min": -5.7681, "anomaly_afternoon_max": 1.6371, "anomaly_afternoon_count": 1532, "anomaly_afternoon_extreme_pct": 0.0, "anomaly_night_mean": 1.5382, "anomaly_night_median": 1.4606, "anomaly_night_std": 0.7842, "anomaly_night_min": -0.9717, "anomaly_night_max": 3.3261, "anomaly_night_count": 1532, "anomaly_night_extreme_pct": 0.0013, "diurnal_range_mean": -2.9943, "diurnal_range_std": 1.627, "ndvi_mean": 0.0367, "green_fraction": 0.0137, "albedo_mean": 0.3606, "building_density_mean": 0.3198, "building_height_mean": 2.7249, "road_density_mean": 0.1331, "sand_fraction_mean": 0.1456, "water_fraction_mean": 0.0, "dist_to_coast_mean": 2333.3528 }, "geometry": { "type": "Polygon", "coordinates": [ [ [ 55.355720611769598, 25.281037844404889, 0.0 ], [ 55.349365550317899, 25.275216165906794, 0.0 ], [ 55.338554199038903, 25.283756618155095, 0.0 ], [ 55.340242157029799, 25.284821750519196, 0.0 ], [ 55.345445432172298, 25.290192557126897, 0.0 ], [ 55.351015118042703, 25.285570104746597, 0.0 ], [ 55.355442694760498, 25.281498279308494, 0.0 ], [ 55.355720611769598, 25.281037844404889, 0.0 ] ] ] } },
{ "type": "Feature", "properties": { "id": "kml_150", "description": "<center><table><tr><th colspan='2' align='center'><em>Attributes</em></th></tr><tr bgcolor=\"#E3E3F3\">\n<th>OBJECTID</th>\n<td>124</td>\n</tr><tr bgcolor=\"\">\n<th>CNAME_E</th>\n<td>AL WARQA'A FIFTH</td>\n</tr><tr bgcolor=\"#E3E3F3\">\n<th>CNAME_A</th>\n<td>الورقاء الخامسة</td>\n</tr><tr bgcolor=\"\">\n<th>LABEL_E</th>\n<td>AL WARQA'A FIFTH</td>\n</tr><tr bgcolor=\"#E3E3F3\">\n<th>LABEL_A</th>\n<td>الورقاء الخامسة</td>\n</tr><tr bgcolor=\"\">\n<th>C_PREFIX_E</th>\n<td>Community:</td>\n</tr><tr bgcolor=\"#E3E3F3\">\n<th>C_PREFIX_A</th>\n<td>:???????</td>\n</tr><tr bgcolor=\"\">\n<th>COMMUNITY_E</th>\n<td>AL WARQA'A FIFTH - 425</td>\n</tr><tr bgcolor=\"#E3E3F3\">\n<th>COMMUNITY_A</th>\n<td>الورقاء الخامسة - 425</td>\n</tr><tr bgcolor=\"\">\n<th>DGIS_ID</th>\n<td>0000088</td>\n</tr><tr bgcolor=\"#E3E3F3\">\n<th>COMM_NUM</th>\n<td>425</td>\n</tr><tr bgcolor=\"\">\n<th>NDGIS_ID</th>\n<td>88</td>\n</tr></table></center>", "COMM_NUM": 425, "CNAME_E": "AL WARQA'A FIFTH", "population": 0.0, "area_km2": 4.252120369999, "pop_density": 0.0, "anomaly_morning_mean": 5.8357, "anomaly_morning_median": 6.3989, "anomaly_morning_std": 2.4246, "anomaly_morning_min": -0.7442, "anomaly_morning_max": 9.0813, "anomaly_morning_count": 4722, "anomaly_morning_extreme_pct": 0.1993, "anomaly_afternoon_mean": -0.3282, "anomaly_afternoon_median": 1.5018, "anomaly_afternoon_std": 3.367, "anomaly_afternoon_min": -15.8904, "anomaly_afternoon_max": 3.5855, "anomaly_afternoon_count": 4722, "anomaly_afternoon_extreme_pct": 0.363, "anomaly_night_mean": -0.8083, "anomaly_night_median": -0.9255, "anomaly_night_std": 0.9637, "anomaly_night_min": -2.5207, "anomaly_night_max": 3.4146, "anomaly_night_count": 4722, "anomaly_night_extreme_pct": 0.0002, "diurnal_range_mean": 0.4801, "diurnal_range_std": 3.9486, "ndvi_mean": 0.1144, "green_fraction": 0.1959, "albedo_mean": 0.415, "building_density_mean": 0.017, "building_height_mean": 0.0586, "road_density_mean": 0.0367, "sand_fraction_mean": 0.5837, "water_fraction_mean": 0.0004, "dist_to_coast_mean": 16826.6633 }, "geometry": { "type": "Polygon", "coordinates": [ [ [ 55.464539200372805, 25.189815739726395, 0.0 ], [ 55.462573419371203, 25.179093108049699, 0.0 ], [ 55.460062073319598, 25.168036893041897, 0.0 ], [ 55.442725889349703, 25.171327614830098, 0.0 ], [ 55.446241478374503, 25.1864636749225, 0.0 ], [ 55.446708787849005, 25.187573668226101, 0.0 ], [ 55.449849012685902, 25.193032706621697, 0.0 ], [ 55.452506873100099, 25.191920239695605, 0.0 ], [ 55.455026200289197, 25.191223091786799, 0.0 ], [ 55.464539200372805, 25.189815739726395, 0.0 ] ] ] } },
{ "type": "Feature", "properties": { "id": "kml_152", "description": "<center><table><tr><th colspan='2' align='center'><em>Attributes</em></th></tr><tr bgcolor=\"#E3E3F3\">\n<th>OBJECTID</th>\n<td>126</td>\n</tr><tr bgcolor=\"\">\n<th>CNAME_E</th>\n<td>AL KHEERAN</td>\n</tr><tr bgcolor=\"#E3E3F3\">\n<th>CNAME_A</th>\n<td>الخيران</td>\n</tr><tr bgcolor=\"\">\n<th>LABEL_E</th>\n<td>AL KHEERAN</td>\n</tr><tr bgcolor=\"#E3E3F3\">\n<th>LABEL_A</th>\n<td>الخيران</td>\n</tr><tr bgcolor=\"\">\n<th>C_PREFIX_E</th>\n<td>Community:</td>\n</tr><tr bgcolor=\"#E3E3F3\">\n<th>C_PREFIX_A</th>\n<td>:???????</td>\n</tr><tr bgcolor=\"\">\n<th>COMMUNITY_E</th>\n<td>AL KHEERAN - 412</td>\n</tr><tr bgcolor=\"#E3E3F3\">\n<th>COMMUNITY_A</th>\n<td>الخيران - 412</td>\n</tr><tr bgcolor=\"\">\n<th>DGIS_ID</th>\n<td>0000167</td>\n</tr><tr bgcolor=\"#E3E3F3\">\n<th>COMM_NUM</th>\n<td>412</td>\n</tr><tr bgcolor=\"\">\n<th>NDGIS_ID</th>\n<td>167</td>\n</tr></table></center>", "COMM_NUM": 412, "CNAME_E": "AL KHEERAN", "population": 10003.0, "area_km2": 6.3135937684469994, "pop_density": 1584.359141, "anomaly_morning_mean": 3.3747, "anomaly_morning_median": 4.369, "anomaly_morning_std": 3.0285, "anomaly_morning_min": -10.0257, "anomaly_morning_max": 8.7198, "anomaly_morning_count": 7013, "anomaly_morning_extreme_pct": 0.0037, "anomaly_afternoon_mean": -2.4974, "anomaly_afternoon_median": -2.0042, "anomaly_afternoon_std": 3.5627, "anomaly_afternoon_min": -15.3434, "anomaly_afternoon_max": 2.7339, "anomaly_afternoon_count": 7013, "anomaly_afternoon_extreme_pct": 0.0054, "anomaly_night_mean": -0.1055, "anomaly_night_median": -0.1609, "anomaly_night_std": 1.1152, "anomaly_night_min": -2.4529, "anomaly_night_max": 3.4479, "anomaly_night_count": 7013, "anomaly_night_extreme_pct": 0.0004, "diurnal_range_mean": -2.392, "diurnal_range_std": 3.8474, "ndvi_mean": 0.1083, "green_fraction": 0.2008, "albedo_mean": 0.3852, "building_density_mean": 0.0694, "building_height_mean": 0.746, "road_density_mean": 0.0793, "sand_fraction_mean": 0.2376, "water_fraction_mean": 0.0408, "dist_to_coast_mean": 8815.7034 }, "geometry": { "type": "Polygon", "coordinates": [ [ [ 55.356375728044902, 25.227416373179796, 0.0 ], [ 55.372946564113299, 25.219306429032098, 0.0 ], [ 55.375982537515497, 25.217473060160405, 0.0 ], [ 55.375436712090703, 25.217364890059905, 0.0 ], [ 55.376396051945001, 25.2081839317446, 0.0 ], [ 55.3764349732824, 25.205999331668604, 0.0 ], [ 55.376116573281301, 25.203480827215596, 0.0 ], [ 55.375406517762997, 25.200805178725105, 0.0 ], [ 55.374231819754797, 25.201089459864196, 0.0 ], [ 55.374399656067197, 25.2016636898318, 0.0 ], [ 55.37352408684, 25.201875546750003, 0.0 ], [ 55.374074804603701, 25.204046950744498, 0.0 ], [ 55.356581989567204, 25.2083381181105, 0.0 ], [ 55.351260146884599, 25.2097905451934, 0.0 ], [ 55.348338636763202, 25.215882801217095, 0.0 ], [ 55.347947012465205, 25.217157987759805, 0.0 ], [ 55.348037565033898, 25.218337147406498, 0.0 ], [ 55.348519972293197, 25.220037294058496, 0.0 ], [ 55.348341618451997, 25.222644408953098, 0.0 ], [ 55.347146568882501, 25.227252067751298, 0.0 ], [ 55.344008847384202, 25.230585552874199, 0.0 ], [ 55.3431977257572, 25.231791365352692, 0.0 ], [ 55.342494892843902, 25.232008794540796, 0.0 ], [ 55.340440190285101, 25.233168098993399, 0.0 ], [ 55.338474457786006, 25.2346467357122, 0.0 ], [ 55.339852344782301, 25.236038999528102, 0.0 ], [ 55.340547182599302, 25.2376096985518, 0.0 ], [ 55.340676310313, 25.239306803810205, 0.0 ], [ 55.340517558128099, 25.2401734216539, 0.0 ], [ 55.34016029394131, 25.240985885414602, 0.0 ], [ 55.344675985641402, 25.237383759502599, 0.0 ], [ 55.347573921903802, 25.235794722879103, 0.0 ], [ 55.349191517730397, 25.234602968606396, 0.0 ], [ 55.350213635126799, 25.233600836772997, 0.0 ], [ 55.353607215240302, 25.229511089616498, 0.0 ], [ 55.354897183410301, 25.228355434347993, 0.0 ], [ 55.356375728044902, 25.227416373179796, 0.0 ] ] ] } },
{ "type": "Feature", "properties": { "id": "kml_153", "description": "<center><table><tr><th colspan='2' align='center'><em>Attributes</em></th></tr><tr bgcolor=\"#E3E3F3\">\n<th>OBJECTID</th>\n<td>127</td>\n</tr><tr bgcolor=\"\">\n<th>CNAME_E</th>\n<td>AL MERKADH</td>\n</tr><tr bgcolor=\"#E3E3F3\">\n<th>CNAME_A</th>\n<td>المركاض</td>\n</tr><tr bgcolor=\"\">\n<th>LABEL_E</th>\n<td>AL MERKADH</td>\n</tr><tr bgcolor=\"#E3E3F3\">\n<th>LABEL_A</th>\n<td>المركاض</td>\n</tr><tr bgcolor=\"\">\n<th>C_PREFIX_E</th>\n<td>Community:</td>\n</tr><tr bgcolor=\"#E3E3F3\">\n<th>C_PREFIX_A</th>\n<td>:???????</td>\n</tr><tr bgcolor=\"\">\n<th>COMMUNITY_E</th>\n<td>AL MERKADH - 347</td>\n</tr><tr bgcolor=\"#E3E3F3\">\n<th>COMMUNITY_A</th>\n<td>المركاض - 347</td>\n</tr><tr bgcolor=\"\">\n<th>DGIS_ID</th>\n<td>0000095</td>\n</tr><tr bgcolor=\"#E3E3F3\">\n<th>COMM_NUM</th>\n<td>347</td>\n</tr><tr bgcolor=\"\">\n<th>NDGIS_ID</th>\n<td>95</td>\n</tr></table></center>", "COMM_NUM": 347, "CNAME_E": "AL MERKADH", "population": 19280.0, "area_km2": 10.355202647563999, "pop_density": 1861.866026, "anomaly_morning_mean": 4.383, "anomaly_morning_median": 4.9295, "anomaly_morning_std": 2.2772, "anomaly_morning_min": -5.5227, "anomaly_morning_max": 9.0564, "anomaly_morning_count": 11506, "anomaly_morning_extreme_pct": 0.0071, "anomaly_afternoon_mean": -1.0908, "anomaly_afternoon_median": -0.2931, "anomaly_afternoon_std": 2.1374, "anomaly_afternoon_min": -14.0093, "anomaly_afternoon_max": 2.6225, "anomaly_afternoon_count": 11506, "anomaly_afternoon_extreme_pct": 0.0018, "anomaly_night_mean": 0.3439, "anomaly_night_median": 0.3999, "anomaly_night_std": 1.0269, "anomaly_night_min": -2.3903, "anomaly_night_max": 3.5267, "anomaly_night_count": 11506, "anomaly_night_extreme_pct": 0.0018, "diurnal_range_mean": -1.4347, "diurnal_range_std": 2.4576, "ndvi_mean": 0.0525, "green_fraction": 0.0538, "albedo_mean": 0.4193, "building_density_mean": 0.0903, "building_height_mean": 0.4058, "road_density_mean": 0.0816, "sand_fraction_mean": 0.2128, "water_fraction_mean": 0.0051, "dist_to_coast_mean": 6423.9333 }, "geometry": { "type": "Polygon", "coordinates": [ [ [ 55.293906999561898, 25.183179464228697, 0.0 ], [ 55.296506262050009, 25.182999588819499, 0.0 ], [ 55.305772417112301, 25.181719734225098, 0.0 ], [ 55.3165364247239, 25.1799881226653, 0.0 ], [ 55.318471160392598, 25.177758577827696, 0.0 ], [ 55.324034554857001, 25.170638359144199, 0.0 ], [ 55.312964043201298, 25.1699065823471, 0.0 ], [ 55.309746638483304, 25.169918417870093, 0.0 ], [ 55.306611088061203, 25.1690721198501, 0.0 ], [ 55.305155929991102, 25.168152358971803, 0.0 ], [ 55.30385599932, 25.166871857652502, 0.0 ], [ 55.303435341977199, 25.1656866362875, 0.0 ], [ 55.302453283419403, 25.165668786382597, 0.0 ], [ 55.301500751579702, 25.164784055834801, 0.0 ], [ 55.301379320846699, 25.1644431596314, 0.0 ], [ 55.300753751532604, 25.163807448671097, 0.0 ], [ 55.300522718027899, 25.163875607778198, 0.0 ], [ 55.297342000235503, 25.160921043040798, 0.0 ], [ 55.297371107540201, 25.1605642647982, 0.0 ], [ 55.296881203836598, 25.160109178935496, 0.0 ], [ 55.296435601959999, 25.160079061877898, 0.0 ], [ 55.2925564701304, 25.156673710551896, 0.0 ], [ 55.292579904038, 25.156445407861899, 0.0 ], [ 55.293200075941201, 25.156235846240598, 0.0 ], [ 55.292864710135703, 25.155642833621901, 0.0 ], [ 55.291706751270702, 25.155829386576201, 0.0 ], [ 55.291185277832298, 25.155719963749096, 0.0 ], [ 55.288704542718499, 25.154136491271103, 0.0 ], [ 55.287607647759899, 25.155230860007098, 0.0 ], [ 55.285685379251703, 25.153895244224895, 0.0 ], [ 55.284296346481199, 25.1524770185937, 0.0 ], [ 55.282372395547398, 25.151896446799302, 0.0 ], [ 55.280844514057797, 25.153024333744195, 0.0 ], [ 55.280020862247, 25.154062177972499, 0.0 ], [ 55.279206492237201, 25.155409683925598, 0.0 ], [ 55.279456075085001, 25.155688970901796, 0.0 ], [ 55.2779059233414, 25.158042949832797, 0.0 ], [ 55.277891503741401, 25.158367574621398, 0.0 ], [ 55.276324337517003, 25.160186455611299, 0.0 ], [ 55.267424310271998, 25.168390225736797, 0.0 ], [ 55.274208326396398, 25.175445562224098, 0.0 ], [ 55.277242755626801, 25.177838985810901, 0.0 ], [ 55.280148596791797, 25.179636465244304, 0.0 ], [ 55.283262998989898, 25.181127058346895, 0.0 ], [ 55.287022361373701, 25.182392089493696, 0.0 ], [ 55.290861393328299, 25.183061267105792, 0.0 ], [ 55.293906999561898, 25.183179464228697, 0.0 ] ] ] } },
{ "type": "Feature", "properties": { "id": "kml_154", "description": "<center><table><tr><th colspan='2' align='center'><em>Attributes</em></th></tr><tr bgcolor=\"#E3E3F3\">\n<th>OBJECTID</th>\n<td>128</td>\n</tr><tr bgcolor=\"\">\n<th>CNAME_E</th>\n<td>AL TWAR THIRD</td>\n</tr><tr bgcolor=\"#E3E3F3\">\n<th>CNAME_A</th>\n<td>الطوار الثالثة</td>\n</tr><tr bgcolor=\"\">\n<th>LABEL_E</th>\n<td>AL TWAR THIRD</td>\n</tr><tr bgcolor=\"#E3E3F3\">\n<th>LABEL_A</th>\n<td>الطوار الثالثة</td>\n</tr><tr bgcolor=\"\">\n<th>C_PREFIX_E</th>\n<td>Community:</td>\n</tr><tr bgcolor=\"#E3E3F3\">\n<th>C_PREFIX_A</th>\n<td>:???????</td>\n</tr><tr bgcolor=\"\">\n<th>COMMUNITY_E</th>\n<td>AL TWAR THIRD - 228</td>\n</tr><tr bgcolor=\"#E3E3F3\">\n<th>COMMUNITY_A</th>\n<td>الطوار الثالثة - 228</td>\n</tr><tr bgcolor=\"\">\n<th>DGIS_ID</th>\n<td>0000047</td>\n</tr><tr bgcolor=\"#E3E3F3\">\n<th>COMM_NUM</th>\n<td>228</td>\n</tr><tr bgcolor=\"\">\n<th>NDGIS_ID</th>\n<td>47</td>\n</tr></table></center>", "COMM_NUM": 228, "CNAME_E": "AL TWAR THIRD", "population": 12198.0, "area_km2": 2.967446371, "pop_density": 4110.605037, "anomaly_morning_mean": 4.5997, "anomaly_morning_median": 4.5374, "anomaly_morning_std": 0.6563, "anomaly_morning_min": 2.4999, "anomaly_morning_max": 6.9462, "anomaly_morning_count": 3301, "anomaly_morning_extreme_pct": 0.0, "anomaly_afternoon_mean": -1.2645, "anomaly_afternoon_median": -1.5456, "anomaly_afternoon_std": 1.9313, "anomaly_afternoon_min": -5.3481, "anomaly_afternoon_max": 2.2254, "anomaly_afternoon_count": 3301, "anomaly_afternoon_extreme_pct": 0.0, "anomaly_night_mean": 0.8201, "anomaly_night_median": 0.8363, "anomaly_night_std": 0.8741, "anomaly_night_min": -1.902, "anomaly_night_max": 3.2027, "anomaly_night_count": 3301, "anomaly_night_extreme_pct": 0.0, "diurnal_range_mean": -2.0847, "diurnal_range_std": 2.3615, "ndvi_mean": 0.0656, "green_fraction": 0.0385, "albedo_mean": 0.3894, "building_density_mean": 0.2078, "building_height_mean": 0.9049, "road_density_mean": 0.1182, "sand_fraction_mean": 0.3038, "water_fraction_mean": 0.0, "dist_to_coast_mean": 7240.4277 }, "geometry": { "type": "Polygon", "coordinates": [ [ [ 55.389667152332102, 25.261051713425598, 0.0 ], [ 55.405554704519901, 25.2517377917228, 0.0 ], [ 55.405156722407298, 25.250149203939397, 0.0 ], [ 55.404686084784402, 25.243108235528702, 0.0 ], [ 55.404237661788798, 25.240048236994898, 0.0 ], [ 55.397994756607602, 25.240195536272694, 0.0 ], [ 55.3970817220142, 25.240367449565888, 0.0 ], [ 55.387476518137902, 25.245932025669394, 0.0 ], [ 55.387153157107498, 25.255437755981202, 0.0 ], [ 55.3877598042573, 25.257974166889301, 0.0 ], [ 55.388594342225701, 25.259508474469399, 0.0 ], [ 55.389667152332102, 25.261051713425598, 0.0 ] ] ] } },
{ "type": "Feature", "properties": { "id": "kml_155", "description": "<center><table><tr><th colspan='2' align='center'><em>Attributes</em></th></tr><tr bgcolor=\"#E3E3F3\">\n<th>OBJECTID</th>\n<td>129</td>\n</tr><tr bgcolor=\"\">\n<th>CNAME_E</th>\n<td>AL TWAR FOURTH</td>\n</tr><tr bgcolor=\"#E3E3F3\">\n<th>CNAME_A</th>\n<td>الطوار الرابعة</td>\n</tr><tr bgcolor=\"\">\n<th>LABEL_E</th>\n<td>AL TWAR FOURTH</td>\n</tr><tr bgcolor=\"#E3E3F3\">\n<th>LABEL_A</th>\n<td>الطوار الرابعة</td>\n</tr><tr bgcolor=\"\">\n<th>C_PREFIX_E</th>\n<td>Community:</td>\n</tr><tr bgcolor=\"#E3E3F3\">\n<th>C_PREFIX_A</th>\n<td>:???????</td>\n</tr><tr bgcolor=\"\">\n<th>COMMUNITY_E</th>\n<td>AL TWAR FOURTH - 234</td>\n</tr><tr bgcolor=\"#E3E3F3\">\n<th>COMMUNITY_A</th>\n<td>الطوار الرابعة - 234</td>\n</tr><tr bgcolor=\"\">\n<th>DGIS_ID</th>\n<td>0000037</td>\n</tr><tr bgcolor=\"#E3E3F3\">\n<th>COMM_NUM</th>\n<td>234</td>\n</tr><tr bgcolor=\"\">\n<th>NDGIS_ID</th>\n<td>37</td>\n</tr></table></center>", "COMM_NUM": 234, "CNAME_E": "AL TWAR FOURTH", "population": 8299.0, "area_km2": 2.2581704695, "pop_density": 3675.098985, "anomaly_morning_mean": 4.8544, "anomaly_morning_median": 5.0789, "anomaly_morning_std": 1.9567, "anomaly_morning_min": -6.3196, "anomaly_morning_max": 9.1628, "anomaly_morning_count": 2505, "anomaly_morning_extreme_pct": 0.0088, "anomaly_afternoon_mean": -0.7657, "anomaly_afternoon_median": 0.0258, "anomaly_afternoon_std": 2.789, "anomaly_afternoon_min": -12.7656, "anomaly_afternoon_max": 2.673, "anomaly_afternoon_count": 2505, "anomaly_afternoon_extreme_pct": 0.0116, "anomaly_night_mean": 0.7071, "anomaly_night_median": 0.6914, "anomaly_night_std": 1.0511, "anomaly_night_min": -1.9755, "anomaly_night_max": 3.5738, "anomaly_night_count": 2505, "anomaly_night_extreme_pct": 0.0056, "diurnal_range_mean": -1.4728, "diurnal_range_std": 2.9587, "ndvi_mean": 0.0453, "green_fraction": 0.0319, "albedo_mean": 0.3836, "building_density_mean": 0.1747, "building_height_mean": 0.8284, "road_density_mean": 0.1087, "sand_fraction_mean": 0.3549, "water_fraction_mean": 0.0351, "dist_to_coast_mean": 6333.4232 }, "geometry": { "type": "Polygon", "coordinates": [ [ [ 55.396293540253097, 25.270951822586497, 0.0 ], [ 55.402804019023208, 25.267202635617398, 0.0 ], [ 55.404630375503501, 25.266696244413897, 0.0 ], [ 55.405791588184698, 25.266199185727597, 0.0 ], [ 55.409949638884903, 25.263777809558892, 0.0 ], [ 55.408737168608205, 25.261584835163301, 0.0 ], [ 55.4061218911243, 25.254075549568899, 0.0 ], [ 55.405554704519901, 25.2517377917228, 0.0 ], [ 55.389667152332102, 25.261051713425598, 0.0 ], [ 55.395130959072397, 25.268912178529902, 0.0 ], [ 55.396293540253097, 25.270951822586497, 0.0 ] ] ] } },
{ "type": "Feature", "properties": { "id": "kml_157", "description": "<center><table><tr><th colspan='2' align='center'><em>Attributes</em></th></tr><tr bgcolor=\"#E3E3F3\">\n<th>OBJECTID</th>\n<td>131</td>\n</tr><tr bgcolor=\"\">\n<th>CNAME_E</th>\n<td>AL WUHEIDA</td>\n</tr><tr bgcolor=\"#E3E3F3\">\n<th>CNAME_A</th>\n<td>الوحيدة</td>\n</tr><tr bgcolor=\"\">\n<th>LABEL_E</th>\n<td>AL WUHEIDA</td>\n</tr><tr bgcolor=\"#E3E3F3\">\n<th>LABEL_A</th>\n<td>الوحيدة</td>\n</tr><tr bgcolor=\"\">\n<th>C_PREFIX_E</th>\n<td>Community:</td>\n</tr><tr bgcolor=\"#E3E3F3\">\n<th>C_PREFIX_A</th>\n<td>:???????</td>\n</tr><tr bgcolor=\"\">\n<th>COMMUNITY_E</th>\n<td>AL WUHEIDA - 132</td>\n</tr><tr bgcolor=\"#E3E3F3\">\n<th>COMMUNITY_A</th>\n<td>الوحيدة - 132</td>\n</tr><tr bgcolor=\"\">\n<th>DGIS_ID</th>\n<td>0000006</td>\n</tr><tr bgcolor=\"#E3E3F3\">\n<th>COMM_NUM</th>\n<td>132</td>\n</tr><tr bgcolor=\"\">\n<th>NDGIS_ID</th>\n<td>6</td>\n</tr></table></center>", "COMM_NUM": 132, "CNAME_E": "AL WUHEIDA", "population": 23292.0, "area_km2": 1.432349212, "pop_density": 16261.39757, "anomaly_morning_mean": 3.3591, "anomaly_morning_median": 3.4285, "anomaly_morning_std": 0.8576, "anomaly_morning_min": 0.9418, "anomaly_morning_max": 5.7975, "anomaly_morning_count": 1591, "anomaly_morning_extreme_pct": 0.0, "anomaly_afternoon_mean": -2.1987, "anomaly_afternoon_median": -2.3323, "anomaly_afternoon_std": 1.3363, "anomaly_afternoon_min": -6.4223, "anomaly_afternoon_max": 0.9543, "anomaly_afternoon_count": 1591, "anomaly_afternoon_extreme_pct": 0.0, "anomaly_night_mean": 1.5539, "anomaly_night_median": 1.6452, "anomaly_night_std": 0.6781, "anomaly_night_min": -1.2108, "anomaly_night_max": 3.0944, "anomaly_night_count": 1591, "anomaly_night_extreme_pct": 0.0, "diurnal_range_mean": -3.7526, "diurnal_range_std": 1.6182, "ndvi_mean": 0.0412, "green_fraction": 0.0075, "albedo_mean": 0.3852, "building_density_mean": 0.295, "building_height_mean": 1.4816, "road_density_mean": 0.1681, "sand_fraction_mean": 0.1508, "water_fraction_mean": 0.0, "dist_to_coast_mean": 935.101 }, "geometry": { "type": "Polygon", "coordinates": [ [ [ 55.345445432172298, 25.290192557126897, 0.0 ], [ 55.340242157029799, 25.284821750519196, 0.0 ], [ 55.338554199038903, 25.283756618155095, 0.0 ], [ 55.327572519232902, 25.292567075682701, 0.0 ], [ 55.329568318781497, 25.293713584698004, 0.0 ], [ 55.335814144158903, 25.298335496871299, 0.0 ], [ 55.345445432172298, 25.290192557126897, 0.0 ] ] ] } },
{ "type": "Feature", "properties": { "id": "kml_158", "description": "<center><table><tr><th colspan='2' align='center'><em>Attributes</em></th></tr><tr bgcolor=\"#E3E3F3\">\n<th>OBJECTID</th>\n<td>176</td>\n</tr><tr bgcolor=\"\">\n<th>CNAME_E</th>\n<td>HADAEQ SHEIKH MOHAMMED BIN RASHID</td>\n</tr><tr bgcolor=\"#E3E3F3\">\n<th>CNAME_A</th>\n<td>حدائق الشيخ محمد بن راشد</td>\n</tr><tr bgcolor=\"\">\n<th>LABEL_E</th>\n<td>HADAEQ SHEIKH MOHAMMED BIN RASHID</td>\n</tr><tr bgcolor=\"#E3E3F3\">\n<th>LABEL_A</th>\n<td>حدائق الشيخ محمد بن راشد</td>\n</tr><tr bgcolor=\"\">\n<th>C_PREFIX_E</th>\n<td>Community:</td>\n</tr><tr bgcolor=\"#E3E3F3\">\n<th>C_PREFIX_A</th>\n<td>:???????</td>\n</tr><tr bgcolor=\"\">\n<th>COMMUNITY_E</th>\n<td>HADAEQ SHEIKH MOHAMMED BIN RASHID - 631</td>\n</tr><tr bgcolor=\"#E3E3F3\">\n<th>COMMUNITY_A</th>\n<td>حدائق الشيخ محمد بن راشد - 631</td>\n</tr><tr bgcolor=\"\">\n<th>DGIS_ID</th>\n<td>0000234</td>\n</tr><tr bgcolor=\"#E3E3F3\">\n<th>COMM_NUM</th>\n<td>631</td>\n</tr><tr bgcolor=\"\">\n<th>NDGIS_ID</th>\n<td>234</td>\n</tr></table></center>", "COMM_NUM": 631, "CNAME_E": "HADAEQ SHEIKH MOHAMMED BIN RASHID", "population": 22071.0, "area_km2": 36.766438594330999, "pop_density": 600.3029079, "anomaly_morning_mean": 6.6533, "anomaly_morning_median": 7.5463, "anomaly_morning_std": 2.2931, "anomaly_morning_min": -3.4234, "anomaly_morning_max": 9.5541, "anomaly_morning_count": 40847, "anomaly_morning_extreme_pct": 0.4042, "anomaly_afternoon_mean": 0.4854, "anomaly_afternoon_median": 1.472, "anomaly_afternoon_std": 2.5941, "anomaly_afternoon_min": -13.2663, "anomaly_afternoon_max": 3.4781, "anomaly_afternoon_count": 40847, "anomaly_afternoon_extreme_pct": 0.3015, "anomaly_night_mean": -1.2377, "anomaly_night_median": -1.8835, "anomaly_night_std": 1.4492, "anomaly_night_min": -3.0133, "anomaly_night_max": 4.7608, "anomaly_night_count": 40847, "anomaly_night_extreme_pct": 0.0004, "diurnal_range_mean": 1.7232, "diurnal_range_std": 3.684, "ndvi_mean": 0.0663, "green_fraction": 0.0461, "albedo_mean": 0.443, "building_density_mean": 0.0367, "building_height_mean": 0.1837, "road_density_mean": 0.0285, "sand_fraction_mean": 0.6774, "water_fraction_mean": 0.0001, "dist_to_coast_mean": 9390.5934 }, "geometry": { "type": "Polygon", "coordinates": [ [ [ 55.271433529429103, 25.1394635441156, 0.0 ], [ 55.271277881433797, 25.1391967604497, 0.0 ], [ 55.271584365518201, 25.139479524454096, 0.0 ], [ 55.281177362725799, 25.139774387712301, 0.0 ], [ 55.2820784587012, 25.147438304612898, 0.0 ], [ 55.282372394308105, 25.151896445670495, 0.0 ], [ 55.284296345241899, 25.152477017464896, 0.0 ], [ 55.285355382105003, 25.150864457805501, 0.0 ], [ 55.286733036169998, 25.150445751332203, 0.0 ], [ 55.287687548758299, 25.147313107092401, 0.0 ], [ 55.288059147160503, 25.1467472275239, 0.0 ], [ 55.290576282301501, 25.140158359625101, 0.0 ], [ 55.283030250731102, 25.139923374124795, 0.0 ], [ 55.282115518073802, 25.1391273757622, 0.0 ], [ 55.281636511544299, 25.133054482429394, 0.0 ], [ 55.2806198348678, 25.127343586629689, 0.0 ], [ 55.278252578506908, 25.1267003415111, 0.0 ], [ 55.290808569640703, 25.088925984448299, 0.0 ], [ 55.293338270721698, 25.089948188933501, 0.0 ], [ 55.293625128980999, 25.085516602739496, 0.0 ], [ 55.293277408386103, 25.069006930441901, 0.0 ], [ 55.292967891284, 25.0682602539584, 0.0 ], [ 55.293099762445998, 25.067985856923496, 0.0 ], [ 55.2957484688325, 25.065878861416095, 0.0 ], [ 55.2934100929468, 25.063838058758897, 0.0 ], [ 55.290159936249502, 25.061941394953195, 0.0 ], [ 55.288406060299501, 25.061020079532696, 0.0 ], [ 55.284848508678401, 25.059953726911495, 0.0 ], [ 55.249390720322303, 25.056020024451694, 0.0 ], [ 55.250148245137403, 25.078950034763995, 0.0 ], [ 55.249958347792997, 25.081260927541699, 0.0 ], [ 55.249202944240601, 25.084275643847899, 0.0 ], [ 55.248349060318297, 25.086297288158494, 0.0 ], [ 55.246592431476898, 25.089221138506595, 0.0 ], [ 55.245212986122098, 25.091359810783196, 0.0 ], [ 55.2432979319331, 25.0938231303587, 0.0 ], [ 55.241095455135905, 25.0960876439792, 0.0 ], [ 55.238655133316001, 25.098135315953193, 0.0 ], [ 55.233030593582598, 25.102347391521601, 0.0 ], [ 55.233308070855102, 25.102492016449894, 0.0 ], [ 55.253260594158498, 25.124765540752797, 0.0 ], [ 55.2557176586295, 25.128061819822392, 0.0 ], [ 55.257520503175002, 25.131141068143101, 0.0 ], [ 55.259956319722306, 25.137208647841192, 0.0 ], [ 55.260836622660001, 25.141108877362701, 0.0 ], [ 55.261062800378397, 25.1443678437739, 0.0 ], [ 55.264941492576597, 25.142663525266897, 0.0 ], [ 55.266628970453098, 25.141333227823299, 0.0 ], [ 55.265648957123105, 25.140236128326499, 0.0 ], [ 55.2658461707938, 25.140090183569196, 0.0 ], [ 55.266568914775405, 25.138482549115, 0.0 ], [ 55.265580303552497, 25.137373465666805, 0.0 ], [ 55.269842843077399, 25.137505231590605, 0.0 ], [ 55.270818974792597, 25.139398432791001, 0.0 ], [ 55.271433529429103, 25.1394635441156, 0.0 ] ] ] } },
{ "type": "Feature", "properties": { "id": "kml_159", "description": "<center><table><tr><th colspan='2' align='center'><em>Attributes</em></th></tr><tr bgcolor=\"#E3E3F3\">\n<th>OBJECTID</th>\n<td>177</td>\n</tr><tr bgcolor=\"\">\n<th>CNAME_E</th>\n<td>UMM SUQEIM THIRD</td>\n</tr><tr bgcolor=\"#E3E3F3\">\n<th>CNAME_A</th>\n<td>أم سقيم الثالثة</td>\n</tr><tr bgcolor=\"\">\n<th>LABEL_E</th>\n<td>UMM SUQEIM THIRD</td>\n</tr><tr bgcolor=\"#E3E3F3\">\n<th>LABEL_A</th>\n<td>أم سقيم الثالثة</td>\n</tr><tr bgcolor=\"\">\n<th>C_PREFIX_E</th>\n<td>Community:</td>\n</tr><tr bgcolor=\"#E3E3F3\">\n<th>C_PREFIX_A</th>\n<td>:???????</td>\n</tr><tr bgcolor=\"\">\n<th>COMMUNITY_E</th>\n<td>UMM SUQEIM THIRD - 366</td>\n</tr><tr bgcolor=\"#E3E3F3\">\n<th>COMMUNITY_A</th>\n<td>أم سقيم الثالثة - 366</td>\n</tr><tr bgcolor=\"\">\n<th>DGIS_ID</th>\n<td>0000113</td>\n</tr><tr bgcolor=\"#E3E3F3\">\n<th>COMM_NUM</th>\n<td>366</td>\n</tr><tr bgcolor=\"\">\n<th>NDGIS_ID</th>\n<td>113</td>\n</tr></table></center>", "COMM_NUM": 366, "CNAME_E": "UMM SUQEIM THIRD", "population": 8751.0, "area_km2": 2.6059352326380001, "pop_density": 3358.103413, "anomaly_morning_mean": 1.4674, "anomaly_morning_median": 2.8058, "anomaly_morning_std": 3.584, "anomaly_morning_min": -11.9736, "anomaly_morning_max": 5.871, "anomaly_morning_count": 2890, "anomaly_morning_extreme_pct": 0.0, "anomaly_afternoon_mean": -3.2431, "anomaly_afternoon_median": -3.023, "anomaly_afternoon_std": 2.6368, "anomaly_afternoon_min": -12.3577, "anomaly_afternoon_max": 0.8165, "anomaly_afternoon_count": 2890, "anomaly_afternoon_extreme_pct": 0.0, "anomaly_night_mean": 1.1529, "anomaly_night_median": 1.2759, "anomaly_night_std": 0.7941, "anomaly_night_min": -1.742, "anomaly_night_max": 3.4114, "anomaly_night_count": 2890, "anomaly_night_extreme_pct": 0.0003, "diurnal_range_mean": -4.396, "diurnal_range_std": 2.6416, "ndvi_mean": 0.0639, "green_fraction": 0.0533, "albedo_mean": 0.3681, "building_density_mean": 0.181, "building_height_mean": 0.8821, "road_density_mean": 0.0857, "sand_fraction_mean": 0.0567, "water_fraction_mean": 0.0585, "dist_to_coast_mean": 683.3204 }, "geometry": { "type": "Polygon", "coordinates": [ [ [ 55.186262610758298, 25.139321718920005, 0.0 ], [ 55.1865522157781, 25.140206869055195, 0.0 ], [ 55.186168865784097, 25.140566873992, 0.0 ], [ 55.185447896644497, 25.140130806024398, 0.0 ], [ 55.184893737441108, 25.140236819014596, 0.0 ], [ 55.184385946717001, 25.140942153145104, 0.0 ], [ 55.183538796767202, 25.141065974935305, 0.0 ], [ 55.183103632004901, 25.141387925862499, 0.0 ], [ 55.182475112499802, 25.142367921418799, 0.0 ], [ 55.1824305953375, 25.142721501971398, 0.0 ], [ 55.183200194835997, 25.143513489376303, 0.0 ], [ 55.184633899562208, 25.143223949839903, 0.0 ], [ 55.185084860471498, 25.142930572649096, 0.0 ], [ 55.185446002918297, 25.142204932079796, 0.0 ], [ 55.186117756777897, 25.142076781715296, 0.0 ], [ 55.186465197768797, 25.14183778606149, 0.0 ], [ 55.186597687112197, 25.141502237617498, 0.0 ], [ 55.186349040985299, 25.140790568541895, 0.0 ], [ 55.186596815277099, 25.140563967382398, 0.0 ], [ 55.187430952793903, 25.141628846803698, 0.0 ], [ 55.188030940825207, 25.142823954321994, 0.0 ], [ 55.187603313893199, 25.143559303318295, 0.0 ], [ 55.187456785449903, 25.144384234990603, 0.0 ], [ 55.186846326926798, 25.1442160410563, 0.0 ], [ 55.1866098493322, 25.144427966292998, 0.0 ], [ 55.186703768900706, 25.144643016996305, 0.0 ], [ 55.187408060954304, 25.144976403987901, 0.0 ], [ 55.1873383357132, 25.146864833985198, 0.0 ], [ 55.189392490919502, 25.149296645405901, 0.0 ], [ 55.192772295556303, 25.1466139497483, 0.0 ], [ 55.193636426708899, 25.147515879683898, 0.0 ], [ 55.194168299609998, 25.147109755363896, 0.0 ], [ 55.194283390710602, 25.147244496355, 0.0 ], [ 55.204468133676301, 25.140104652311894, 0.0 ], [ 55.195040605767097, 25.128035679885294, 0.0 ], [ 55.187569984955701, 25.133081715954795, 0.0 ], [ 55.187603362706497, 25.133617735629905, 0.0 ], [ 55.187885439772799, 25.133760978087302, 0.0 ], [ 55.187731304512504, 25.136279262024594, 0.0 ], [ 55.187218592319603, 25.136164372475104, 0.0 ], [ 55.186692117424599, 25.135741519398497, 0.0 ], [ 55.184971163046697, 25.136848574753699, 0.0 ], [ 55.186262610758298, 25.139321718920005, 0.0 ] ] ] } },
{ "type": "Feature", "properties": { "id": "kml_163", "description": "<center><table><tr><th colspan='2' align='center'><em>Attributes</em></th></tr><tr bgcolor=\"#E3E3F3\">\n<th>OBJECTID</th>\n<td>189</td>\n</tr><tr bgcolor=\"\">\n<th>CNAME_E</th>\n<td>JUMEIRA FIRST</td>\n</tr><tr bgcolor=\"#E3E3F3\">\n<th>CNAME_A</th>\n<td>جميرا الأولى</td>\n</tr><tr bgcolor=\"\">\n<th>LABEL_E</th>\n<td>JUMEIRA FIRST</td>\n</tr><tr bgcolor=\"#E3E3F3\">\n<th>LABEL_A</th>\n<td>جميرا الأولى</td>\n</tr><tr bgcolor=\"\">\n<th>C_PREFIX_E</th>\n<td>Community:</td>\n</tr><tr bgcolor=\"#E3E3F3\">\n<th>C_PREFIX_A</th>\n<td>:???????</td>\n</tr><tr bgcolor=\"\">\n<th>COMMUNITY_E</th>\n<td>JUMEIRA FIRST - 332</td>\n</tr><tr bgcolor=\"#E3E3F3\">\n<th>COMMUNITY_A</th>\n<td>جميرا الأولى - 332</td>\n</tr><tr bgcolor=\"\">\n<th>DGIS_ID</th>\n<td>0000061</td>\n</tr><tr bgcolor=\"#E3E3F3\">\n<th>COMM_NUM</th>\n<td>332</td>\n</tr><tr bgcolor=\"\">\n<th>NDGIS_ID</th>\n<td>61</td>\n</tr></table></center>", "COMM_NUM": 332, "CNAME_E": "JUMEIRA FIRST", "population": 24495.0, "area_km2": 9.9594454399470003, "pop_density": 2459.47429, "anomaly_morning_mean": -4.6089, "anomaly_morning_median": -3.387, "anomaly_morning_std": 6.2795, "anomaly_morning_min": -13.4943, "anomaly_morning_max": 4.6095, "anomaly_morning_count": 11069, "anomaly_morning_extreme_pct": 0.0, "anomaly_afternoon_mean": -6.4764, "anomaly_afternoon_median": -3.7912, "anomaly_afternoon_std": 5.1153, "anomaly_afternoon_min": -13.9799, "anomaly_afternoon_max": 1.3828, "anomaly_afternoon_count": 11069, "anomaly_afternoon_extreme_pct": 0.0, "anomaly_night_mean": 1.7831, "anomaly_night_median": 1.698, "anomaly_night_std": 0.9166, "anomaly_night_min": -1.2792, "anomaly_night_max": 4.3342, "anomaly_night_count": 11069, "anomaly_night_extreme_pct": 0.0693, "diurnal_range_mean": -8.2595, "diurnal_range_std": 5.6331, "ndvi_mean": 0.0217, "green_fraction": 0.0148, "albedo_mean": 0.2866, "building_density_mean": 0.1074, "building_height_mean": 0.8162, "road_density_mean": 0.0606, "sand_fraction_mean": 0.026, "water_fraction_mean": 0.4182, "dist_to_coast_mean": 205.4161 }, "geometry": { "type": "Polygon", "coordinates": [ [ [ 55.244190481373799, 25.213375099845397, 0.0 ], [ 55.244017668117401, 25.211866500691102, 0.0 ], [ 55.243023278406397, 25.210575564516205, 0.0 ], [ 55.243830131273107, 25.210065954185097, 0.0 ], [ 55.244210527061, 25.210073161994199, 0.0 ], [ 55.245257635981098, 25.2105642290988, 0.0 ], [ 55.245815548359403, 25.211327585840593, 0.0 ], [ 55.245863048708102, 25.211800486584298, 0.0 ], [ 55.244633072445801, 25.212643834494397, 0.0 ], [ 55.244704524661003, 25.213210325980199, 0.0 ], [ 55.244923039955403, 25.213060135649098, 0.0 ], [ 55.245326712669403, 25.2132633082458, 0.0 ], [ 55.247123948282699, 25.214603951357702, 0.0 ], [ 55.2476410039149, 25.215130700897401, 0.0 ], [ 55.247149170982297, 25.2155365853408, 0.0 ], [ 55.247771772259803, 25.216010342941498, 0.0 ], [ 55.233330809852809, 25.223955906907605, 0.0 ], [ 55.253890203983197, 25.251084011220399, 0.0 ], [ 55.259446106309802, 25.2478186259995, 0.0 ], [ 55.259619434685106, 25.248044572476903, 0.0 ], [ 55.265909949491501, 25.244384169388795, 0.0 ], [ 55.2694500400872, 25.243159833781206, 0.0 ], [ 55.270934246291603, 25.242312725626995, 0.0 ], [ 55.269602066338301, 25.240462595569095, 0.0 ], [ 55.272500307227197, 25.238951411924795, 0.0 ], [ 55.269089776432502, 25.231863624402902, 0.0 ], [ 55.265520906281303, 25.224667352984305, 0.0 ], [ 55.253693157040701, 25.206886873317799, 0.0 ], [ 55.249147173960807, 25.208996724751998, 0.0 ], [ 55.246655873088997, 25.209979252162398, 0.0 ], [ 55.245714092141696, 25.208741977210803, 0.0 ], [ 55.244344472794602, 25.2095987991991, 0.0 ], [ 55.244222056908001, 25.209433328789398, 0.0 ], [ 55.2439845870326, 25.209580491627101, 0.0 ], [ 55.2438738278681, 25.209432739374506, 0.0 ], [ 55.243564206052, 25.209624605783699, 0.0 ], [ 55.243796387207198, 25.209939209680503, 0.0 ], [ 55.24283475634131, 25.210559064852497, 0.0 ], [ 55.243857807162406, 25.2118828787033, 0.0 ], [ 55.244190481373799, 25.213375099845397, 0.0 ] ] ] } },
{ "type": "Feature", "properties": { "id": "kml_164", "description": "<center><table><tr><th colspan='2' align='center'><em>Attributes</em></th></tr><tr bgcolor=\"#E3E3F3\">\n<th>OBJECTID</th>\n<td>190</td>\n</tr><tr bgcolor=\"\">\n<th>CNAME_E</th>\n<td>JUMEIRA BAY</td>\n</tr><tr bgcolor=\"#E3E3F3\">\n<th>CNAME_A</th>\n<td>جميرا باي</td>\n</tr><tr bgcolor=\"\">\n<th>LABEL_E</th>\n<td>JUMEIRA BAY</td>\n</tr><tr bgcolor=\"#E3E3F3\">\n<th>LABEL_A</th>\n<td>جميرا باي</td>\n</tr><tr bgcolor=\"\">\n<th>C_PREFIX_E</th>\n<td>Community:</td>\n</tr><tr bgcolor=\"#E3E3F3\">\n<th>C_PREFIX_A</th>\n<td>:???????</td>\n</tr><tr bgcolor=\"\">\n<th>COMMUNITY_E</th>\n<td>JUMEIRA BAY - 302</td>\n</tr><tr bgcolor=\"#E3E3F3\">\n<th>COMMUNITY_A</th>\n<td>جميرا باي - 302</td>\n</tr><tr bgcolor=\"\">\n<th>DGIS_ID</th>\n<td>0000247</td>\n</tr><tr bgcolor=\"#E3E3F3\">\n<th>COMM_NUM</th>\n<td>302</td>\n</tr><tr bgcolor=\"\">\n<th>NDGIS_ID</th>\n<td>247</td>\n</tr></table></center>", "COMM_NUM": 302, "CNAME_E": "JUMEIRA BAY", "population": 56.0, "area_km2": 2.4801405144420001, "pop_density": 22.57936584, "anomaly_morning_mean": -8.6356, "anomaly_morning_median": -9.6611, "anomaly_morning_std": 3.4703, "anomaly_morning_min": -13.4346, "anomaly_morning_max": -0.9504, "anomaly_morning_count": 2755, "anomaly_morning_extreme_pct": 0.0, "anomaly_afternoon_mean": -7.9069, "anomaly_afternoon_median": -11.4787, "anomaly_afternoon_std": 4.8891, "anomaly_afternoon_min": -13.7487, "anomaly_afternoon_max": 1.2223, "anomaly_afternoon_count": 2755, "anomaly_afternoon_extreme_pct": 0.0, "anomaly_night_mean": 1.7048, "anomaly_night_median": 1.7925, "anomaly_night_std": 0.9281, "anomaly_night_min": -0.5206, "anomaly_night_max": 3.6315, "anomaly_night_count": 2755, "anomaly_night_extreme_pct": 0.077, "diurnal_range_mean": -9.6117, "diurnal_range_std": 5.4145, "ndvi_mean": 0.0071, "green_fraction": 0.0109, "albedo_mean": 0.2598, "building_density_mean": 0.0448, "building_height_mean": 0.1768, "road_density_mean": 0.0185, "sand_fraction_mean": 0.0, "water_fraction_mean": 0.596, "dist_to_coast_mean": 34.1572 }, "geometry": { "type": "Polygon", "coordinates": [ [ [ 55.233194431958097, 25.207206187824596, 0.0 ], [ 55.231825425832099, 25.208592505326799, 0.0 ], [ 55.231037054675802, 25.208237296213699, 0.0 ], [ 55.226757447951599, 25.211608726491999, 0.0 ], [ 55.222363838862201, 25.217695431384996, 0.0 ], [ 55.224934911331104, 25.221731160056898, 0.0 ], [ 55.228736102185799, 25.224133649832698, 0.0 ], [ 55.234588016780897, 25.223310561576191, 0.0 ], [ 55.2362294825368, 25.222416692451301, 0.0 ], [ 55.2374951299334, 25.220426775549701, 0.0 ], [ 55.238169080035902, 25.217992000544196, 0.0 ], [ 55.238898303506403, 25.216477358589191, 0.0 ], [ 55.239641121339602, 25.2155940200565, 0.0 ], [ 55.241225242149099, 25.214419679441789, 0.0 ], [ 55.241623295567798, 25.213757162543597, 0.0 ], [ 55.241286745159599, 25.210432036306397, 0.0 ], [ 55.239169560454407, 25.207836118350496, 0.0 ], [ 55.239183419476603, 25.206666077620902, 0.0 ], [ 55.238949212544199, 25.205505166469202, 0.0 ], [ 55.238680469604297, 25.2052963169251, 0.0 ], [ 55.238854807329403, 25.207450181117697, 0.0 ], [ 55.236587644430898, 25.206371813026699, 0.0 ], [ 55.235890927244903, 25.205442227735293, 0.0 ], [ 55.233194431958097, 25.207206187824596, 0.0 ] ] ] } },
{ "type": "Feature", "properties": { "id": "kml_167", "description": "<center><table><tr><th colspan='2' align='center'><em>Attributes</em></th></tr><tr bgcolor=\"#E3E3F3\">\n<th>OBJECTID</th>\n<td>193</td>\n</tr><tr bgcolor=\"\">\n<th>CNAME_E</th>\n<td>NAKHLAT JUMEIRA</td>\n</tr><tr bgcolor=\"#E3E3F3\">\n<th>CNAME_A</th>\n<td>نخلة جميرا</td>\n</tr><tr bgcolor=\"\">\n<th>LABEL_E</th>\n<td>NAKHLAT JUMEIRA</td>\n</tr><tr bgcolor=\"#E3E3F3\">\n<th>LABEL_A</th>\n<td>نخلة جميرا</td>\n</tr><tr bgcolor=\"\">\n<th>C_PREFIX_E</th>\n<td>Community:</td>\n</tr><tr bgcolor=\"#E3E3F3\">\n<th>C_PREFIX_A</th>\n<td>:???????</td>\n</tr><tr bgcolor=\"\">\n<th>COMMUNITY_E</th>\n<td>NAKHLAT JUMEIRA - 381</td>\n</tr><tr bgcolor=\"#E3E3F3\">\n<th>COMMUNITY_A</th>\n<td>نخلة جميرا - 381</td>\n</tr><tr bgcolor=\"\">\n<th>DGIS_ID</th>\n<td>0000151</td>\n</tr><tr bgcolor=\"#E3E3F3\">\n<th>COMM_NUM</th>\n<td>381</td>\n</tr><tr bgcolor=\"\">\n<th>NDGIS_ID</th>\n<td>151</td>\n</tr></table></center>", "COMM_NUM": 381, "CNAME_E": "NAKHLAT JUMEIRA", "population": 27745.0, "area_km2": 26.741803431921003, "pop_density": 1037.51417, "anomaly_morning_mean": -8.4796, "anomaly_morning_median": -10.1175, "anomaly_morning_std": 4.2195, "anomaly_morning_min": -14.0707, "anomaly_morning_max": 3.929, "anomaly_morning_count": 29678, "anomaly_morning_extreme_pct": 0.0, "anomaly_afternoon_mean": -8.1609, "anomaly_afternoon_median": -11.2617, "anomaly_afternoon_std": 5.2793, "anomaly_afternoon_min": -13.97, "anomaly_afternoon_max": 1.2551, "anomaly_afternoon_count": 29678, "anomaly_afternoon_extreme_pct": 0.0, "anomaly_night_mean": 1.661, "anomaly_night_median": 1.91, "anomaly_night_std": 1.247, "anomaly_night_min": -2.0102, "anomaly_night_max": 3.6808, "anomaly_night_count": 29678, "anomaly_night_extreme_pct": 0.0207, "diurnal_range_mean": -9.8219, "diurnal_range_std": 6.172, "ndvi_mean": 0.0109, "green_fraction": 0.0176, "albedo_mean": 0.2298, "building_density_mean": 0.0636, "building_height_mean": 0.6444, "road_density_mean": 0.02, "sand_fraction_mean": 0.1765, "water_fraction_mean": 0.6255, "dist_to_coast_mean": 36.173 }, "geometry": { "type": "Polygon", "coordinates": [ [ [ 55.145903893830898, 25.092808127544597, 0.0 ], [ 55.144880036255699, 25.093658976010698, 0.0 ], [ 55.149724975808297, 25.098781679228697, 0.0 ], [ 55.142828108855298, 25.104548303046499, 0.0 ], [ 55.137658790580502, 25.099218513264901, 0.0 ], [ 55.131810499746706, 25.0974382313481, 0.0 ], [ 55.127952007969498, 25.096885603739299, 0.0 ], [ 55.124241814673098, 25.096936254655397, 0.0 ], [ 55.124242714950199, 25.096406625102802, 0.0 ], [ 55.119730709468797, 25.097321757889102, 0.0 ], [ 55.116048079715902, 25.098876962102096, 0.0 ], [ 55.113609787388498, 25.100739461044096, 0.0 ], [ 55.1003404176383, 25.103667322276397, 0.0 ], [ 55.099682018154901, 25.105002842174301, 0.0 ], [ 55.098545154773198, 25.109609736509597, 0.0 ], [ 55.098137393511898, 25.114517781115993, 0.0 ], [ 55.098386237752699, 25.118647997993595, 0.0 ], [ 55.0994954364919, 25.123542702237099, 0.0 ], [ 55.101938532792701, 25.129512646552492, 0.0 ], [ 55.104547990872902, 25.1337786631452, 0.0 ], [ 55.107486998232801, 25.137350604150303, 0.0 ], [ 55.111507151133708, 25.141431531297801, 0.0 ], [ 55.116830601485901, 25.145347642880697, 0.0 ], [ 55.122833914419601, 25.148263109586299, 0.0 ], [ 55.124845254150905, 25.149007615910904, 0.0 ], [ 55.128272217858608, 25.147349614226805, 0.0 ], [ 55.13203292663141, 25.145896011584597, 0.0 ], [ 55.135918109030108, 25.144745280382001, 0.0 ], [ 55.139898401275602, 25.1439061292132, 0.0 ], [ 55.141306106139297, 25.141773010400801, 0.0 ], [ 55.144329231997098, 25.141104501279592, 0.0 ], [ 55.1466135112017, 25.140283405872605, 0.0 ], [ 55.149527805007203, 25.138446658305696, 0.0 ], [ 55.152202046299202, 25.135808297490701, 0.0 ], [ 55.153753639852603, 25.1334797375462, 0.0 ], [ 55.154655045519597, 25.131212043318602, 0.0 ], [ 55.155364085170199, 25.128087006294699, 0.0 ], [ 55.155598659480397, 25.1252376225899, 0.0 ], [ 55.155214371832102, 25.1206248687898, 0.0 ], [ 55.159331250490503, 25.118938311568499, 0.0 ], [ 55.162905041281299, 25.116010726329595, 0.0 ], [ 55.156800913854703, 25.109370565491403, 0.0 ], [ 55.155152289017799, 25.106351690262496, 0.0 ], [ 55.154911720008599, 25.103868706410498, 0.0 ], [ 55.157888939651507, 25.101503577536501, 0.0 ], [ 55.155890446266802, 25.099439701090496, 0.0 ], [ 55.153579343223598, 25.101275641008097, 0.0 ], [ 55.146898075215098, 25.093563541866601, 0.0 ], [ 55.145903893830898, 25.092808127544597, 0.0 ] ] ] } },
{ "type": "Feature", "properties": { "id": "kml_168", "description": "<center><table><tr><th colspan='2' align='center'><em>Attributes</em></th></tr><tr bgcolor=\"#E3E3F3\">\n<th>OBJECTID</th>\n<td>194</td>\n</tr><tr bgcolor=\"\">\n<th>CNAME_E</th>\n<td>AL DAGHAYA</td>\n</tr><tr bgcolor=\"#E3E3F3\">\n<th>CNAME_A</th>\n<td>الضغاية</td>\n</tr><tr bgcolor=\"\">\n<th>LABEL_E</th>\n<td>AL DAGHAYA</td>\n</tr><tr bgcolor=\"#E3E3F3\">\n<th>LABEL_A</th>\n<td>الضغاية</td>\n</tr><tr bgcolor=\"\">\n<th>C_PREFIX_E</th>\n<td>Community:</td>\n</tr><tr bgcolor=\"#E3E3F3\">\n<th>C_PREFIX_A</th>\n<td>:???????</td>\n</tr><tr bgcolor=\"\">\n<th>COMMUNITY_E</th>\n<td>AL DAGHAYA - 113</td>\n</tr><tr bgcolor=\"#E3E3F3\">\n<th>COMMUNITY_A</th>\n<td>الضغاية - 113</td>\n</tr><tr bgcolor=\"\">\n<th>DGIS_ID</th>\n<td>0000031</td>\n</tr><tr bgcolor=\"#E3E3F3\">\n<th>COMM_NUM</th>\n<td>113</td>\n</tr><tr bgcolor=\"\">\n<th>NDGIS_ID</th>\n<td>31</td>\n</tr></table></center>", "COMM_NUM": 113, "CNAME_E": "AL DAGHAYA", "population": 18455.0, "area_km2": 0.17657855202, "pop_density": 104514.392, "anomaly_morning_mean": 2.0335, "anomaly_morning_median": 2.0483, "anomaly_morning_std": 0.9288, "anomaly_morning_min": 0.244, "anomaly_morning_max": 5.1703, "anomaly_morning_count": 198, "anomaly_morning_extreme_pct": 0.0, "anomaly_afternoon_mean": -1.5655, "anomaly_afternoon_median": -1.6685, "anomaly_afternoon_std": 0.7221, "anomaly_afternoon_min": -3.1723, "anomaly_afternoon_max": 0.8483, "anomaly_afternoon_count": 198, "anomaly_afternoon_extreme_pct": 0.0, "anomaly_night_mean": 2.352, "anomaly_night_median": 2.4335, "anomaly_night_std": 0.6907, "anomaly_night_min": -0.0838, "anomaly_night_max": 3.6732, "anomaly_night_count": 198, "anomaly_night_extreme_pct": 0.1313, "diurnal_range_mean": -3.9175, "diurnal_range_std": 1.0577, "ndvi_mean": 0.0093, "green_fraction": 0.0, "albedo_mean": 0.3567, "building_density_mean": 0.4818, "building_height_mean": 5.4901, "road_density_mean": 0.1526, "sand_fraction_mean": 0.0152, "water_fraction_mean": 0.0, "dist_to_coast_mean": 576.5562 }, "geometry": { "type": "Polygon", "coordinates": [ [ [ 55.298430328848298, 25.270815928805096, 0.0 ], [ 55.298293369342097, 25.270781052689301, 0.0 ], [ 55.297651092303902, 25.271493540284993, 0.0 ], [ 55.298299177913599, 25.272399154537293, 0.0 ], [ 55.297547639811903, 25.273202309022899, 0.0 ], [ 55.2974122057283, 25.273596807524601, 0.0 ], [ 55.301551769491503, 25.275150425851596, 0.0 ], [ 55.301849738506199, 25.274663023935695, 0.0 ], [ 55.302376729947902, 25.271494607044893, 0.0 ], [ 55.298992265829803, 25.270357427270397, 0.0 ], [ 55.298614750347298, 25.270358642252202, 0.0 ], [ 55.298430328848298, 25.270815928805096, 0.0 ] ] ] } },
{ "type": "Feature", "properties": { "id": "kml_169", "description": "<center><table><tr><th colspan='2' align='center'><em>Attributes</em></th></tr><tr bgcolor=\"#E3E3F3\">\n<th>OBJECTID</th>\n<td>195</td>\n</tr><tr bgcolor=\"\">\n<th>CNAME_E</th>\n<td>WADI AL SAFA 3</td>\n</tr><tr bgcolor=\"#E3E3F3\">\n<th>CNAME_A</th>\n<td>وادي الصفا 3</td>\n</tr><tr bgcolor=\"\">\n<th>LABEL_E</th>\n<td>WADI AL SAFA 3</td>\n</tr><tr bgcolor=\"#E3E3F3\">\n<th>LABEL_A</th>\n<td>وادي الصفا 3</td>\n</tr><tr bgcolor=\"\">\n<th>C_PREFIX_E</th>\n<td>Community:</td>\n</tr><tr bgcolor=\"#E3E3F3\">\n<th>C_PREFIX_A</th>\n<td>:???????</td>\n</tr><tr bgcolor=\"\">\n<th>COMMUNITY_E</th>\n<td>WADI AL SAFA 3 - 645</td>\n</tr><tr bgcolor=\"#E3E3F3\">\n<th>COMMUNITY_A</th>\n<td>وادي الصفا 3 - 645</td>\n</tr><tr bgcolor=\"\">\n<th>DGIS_ID</th>\n<td>0000237</td>\n</tr><tr bgcolor=\"#E3E3F3\">\n<th>COMM_NUM</th>\n<td>645</td>\n</tr><tr bgcolor=\"\">\n<th>NDGIS_ID</th>\n<td>237</td>\n</tr></table></center>", "COMM_NUM": 645, "CNAME_E": "WADI AL SAFA 3", "population": 15920.0, "area_km2": 30.185782133608999, "pop_density": 527.400613, "anomaly_morning_mean": 6.4292, "anomaly_morning_median": 7.0401, "anomaly_morning_std": 2.165, "anomaly_morning_min": -3.5289, "anomaly_morning_max": 9.6304, "anomaly_morning_count": 33536, "anomaly_morning_extreme_pct": 0.2507, "anomaly_afternoon_mean": 0.2297, "anomaly_afternoon_median": 1.5143, "anomaly_afternoon_std": 2.8761, "anomaly_afternoon_min": -16.006, "anomaly_afternoon_max": 3.4268, "anomaly_afternoon_count": 33536, "anomaly_afternoon_extreme_pct": 0.2262, "anomaly_night_mean": -1.0947, "anomaly_night_median": -1.6451, "anomaly_night_std": 1.3455, "anomaly_night_min": -2.9906, "anomaly_night_max": 3.9201, "anomaly_night_count": 33536, "anomaly_night_extreme_pct": 0.0001, "diurnal_range_mean": 1.3244, "diurnal_range_std": 3.7535, "ndvi_mean": 0.0829, "green_fraction": 0.0885, "albedo_mean": 0.4313, "building_density_mean": 0.0405, "building_height_mean": 0.2571, "road_density_mean": 0.0333, "sand_fraction_mean": 0.6835, "water_fraction_mean": 0.0007, "dist_to_coast_mean": 12422.5668 }, "geometry": { "type": "Polygon", "coordinates": [ [ [ 55.350979507302007, 25.136373052413301, 0.0 ], [ 55.364943802891901, 25.119900970379394, 0.0 ], [ 55.361875055901798, 25.117979962303703, 0.0 ], [ 55.356423384030499, 25.115229911700101, 0.0 ], [ 55.349708451666103, 25.112218020453497, 0.0 ], [ 55.3455744029255, 25.110151753252296, 0.0 ], [ 55.342342022689301, 25.107775968968696, 0.0 ], [ 55.333379533186402, 25.100158862380599, 0.0 ], [ 55.295748470071103, 25.065878862544903, 0.0 ], [ 55.293099763684502, 25.0679858580523, 0.0 ], [ 55.292967892522498, 25.0682602550872, 0.0 ], [ 55.293277409624601, 25.069006931570698, 0.0 ], [ 55.293629231707698, 25.085769831845692, 0.0 ], [ 55.293338271960508, 25.089948190062195, 0.0 ], [ 55.290808570879399, 25.088925985577092, 0.0 ], [ 55.278252579745903, 25.12670034264, 0.0 ], [ 55.293228337542608, 25.130768698772599, 0.0 ], [ 55.295274579744103, 25.130750490899104, 0.0 ], [ 55.296498503247797, 25.1245294486455, 0.0 ], [ 55.298509139226702, 25.125409205321397, 0.0 ], [ 55.3031542867258, 25.128072779223498, 0.0 ], [ 55.304109145394598, 25.128284661307493, 0.0 ], [ 55.312760002671503, 25.119525128043097, 0.0 ], [ 55.314808333216, 25.119217872974499, 0.0 ], [ 55.325340462843897, 25.126803397284498, 0.0 ], [ 55.324395503463599, 25.128792767018997, 0.0 ], [ 55.332110165479698, 25.129756833580799, 0.0 ], [ 55.332719294791403, 25.1259451128007, 0.0 ], [ 55.333703074121203, 25.126393302317204, 0.0 ], [ 55.335931432112098, 25.128862605381695, 0.0 ], [ 55.339804966590002, 25.132593686217998, 0.0 ], [ 55.340742953906805, 25.130955301131895, 0.0 ], [ 55.350979507302007, 25.136373052413301, 0.0 ] ] ] } },
{ "type": "Feature", "properties": { "id": "kml_171", "description": "<center><table><tr><th colspan='2' align='center'><em>Attributes</em></th></tr><tr bgcolor=\"#E3E3F3\">\n<th>OBJECTID</th>\n<td>197</td>\n</tr><tr bgcolor=\"\">\n<th>CNAME_E</th>\n<td>HESSYAN SECOND</td>\n</tr><tr bgcolor=\"#E3E3F3\">\n<th>CNAME_A</th>\n<td>حصيان الثانية</td>\n</tr><tr bgcolor=\"\">\n<th>LABEL_E</th>\n<td>HESSYAN SECOND</td>\n</tr><tr bgcolor=\"#E3E3F3\">\n<th>LABEL_A</th>\n<td>حصيان الثانية</td>\n</tr><tr bgcolor=\"\">\n<th>C_PREFIX_E</th>\n<td>Community:</td>\n</tr><tr bgcolor=\"#E3E3F3\">\n<th>C_PREFIX_A</th>\n<td>:???????</td>\n</tr><tr bgcolor=\"\">\n<th>COMMUNITY_E</th>\n<td>HESSYAN SECOND - 512</td>\n</tr><tr bgcolor=\"#E3E3F3\">\n<th>COMMUNITY_A</th>\n<td>حصيان الثانية - 512</td>\n</tr><tr bgcolor=\"\">\n<th>DGIS_ID</th>\n<td>0000243</td>\n</tr><tr bgcolor=\"#E3E3F3\">\n<th>COMM_NUM</th>\n<td>512</td>\n</tr><tr bgcolor=\"\">\n<th>NDGIS_ID</th>\n<td>243</td>\n</tr></table></center>", "COMM_NUM": 512, "CNAME_E": "HESSYAN SECOND", "population": 16632.0, "area_km2": 53.261312374237001, "pop_density": 312.2716895, "anomaly_morning_mean": 1.938, "anomaly_morning_median": 4.3814, "anomaly_morning_std": 6.4756, "anomaly_morning_min": -14.1664, "anomaly_morning_max": 8.6238, "anomaly_morning_count": 59077, "anomaly_morning_extreme_pct": 0.002, "anomaly_afternoon_mean": -3.3682, "anomaly_afternoon_median": -2.0735, "anomaly_afternoon_std": 4.4378, "anomaly_afternoon_min": -13.9559, "anomaly_afternoon_max": 2.1396, "anomaly_afternoon_count": 59077, "anomaly_afternoon_extreme_pct": 0.0, "anomaly_night_mean": -1.0503, "anomaly_night_median": -2.0571, "anomaly_night_std": 1.9855, "anomaly_night_min": -3.0919, "anomaly_night_max": 4.5865, "anomaly_night_count": 59077, "anomaly_night_extreme_pct": 0.0103, "diurnal_range_mean": -2.3179, "diurnal_range_std": 6.0719, "ndvi_mean": 0.0263, "green_fraction": 0.0028, "albedo_mean": 0.467, "building_density_mean": 0.0102, "building_height_mean": 0.0525, "road_density_mean": 0.01, "sand_fraction_mean": 0.7395, "water_fraction_mean": 0.1539, "dist_to_coast_mean": 1832.5795 }, "geometry": { "type": "Polygon", "coordinates": [ [ [ 54.988932687217797, 24.9738329913942, 0.0 ], [ 54.989518572667599, 24.972494906311795, 0.0 ], [ 54.994464290502599, 24.964078908723895, 0.0 ], [ 54.996596977207709, 24.959183876609899, 0.0 ], [ 55.003137677811601, 24.941836744391995, 0.0 ], [ 55.005352563846699, 24.936613844088399, 0.0 ], [ 55.010199551717299, 24.929062554984302, 0.0 ], [ 54.973498393855301, 24.916187071205499, 0.0 ], [ 54.965293670285099, 24.913486343332799, 0.0 ], [ 54.958939728359297, 24.911132108801301, 0.0 ], [ 54.9550248722175, 24.909315682095698, 0.0 ], [ 54.946749876633199, 24.904133285752195, 0.0 ], [ 54.943927788979202, 24.901467538941695, 0.0 ], [ 54.940375383794503, 24.897620776201101, 0.0 ], [ 54.889565356795003, 24.911207826028996, 0.0 ], [ 54.851707114929098, 24.945902262168499, 0.0 ], [ 54.856287977217598, 24.943515960401097, 0.0 ], [ 54.853145505765703, 24.949214013529499, 0.0 ], [ 54.854048722172308, 24.948321343540201, 0.0 ], [ 54.898401043059899, 24.9252066681799, 0.0 ], [ 54.910222002704103, 24.922069634398795, 0.0 ], [ 54.9159305746307, 24.927256781619199, 0.0 ], [ 54.921656804320101, 24.931537895711102, 0.0 ], [ 54.922610576332801, 24.932445263019599, 0.0 ], [ 54.927088800026397, 24.935434252484001, 0.0 ], [ 54.927997536184797, 24.936906696010499, 0.0 ], [ 54.933092240712497, 24.940154399682093, 0.0 ], [ 54.936576395188602, 24.942956661882697, 0.0 ], [ 54.942364351495698, 24.948067855314296, 0.0 ], [ 54.946599825803297, 24.951361840307101, 0.0 ], [ 54.950405101502, 24.954801607038895, 0.0 ], [ 54.955334507073196, 24.959812083238596, 0.0 ], [ 54.960858078278399, 24.9639909190394, 0.0 ], [ 54.960960707531797, 24.965608135191193, 0.0 ], [ 54.9624087567475, 24.966689728843896, 0.0 ], [ 54.964610968907103, 24.967234188064602, 0.0 ], [ 54.965523584579302, 24.967628432811697, 0.0 ], [ 54.967300008791803, 24.966750833182406, 0.0 ], [ 54.971224026310097, 24.966711426445595, 0.0 ], [ 54.972403840320602, 24.967645268879096, 0.0 ], [ 54.975574651624498, 24.967848914864501, 0.0 ], [ 54.977453016824398, 24.968882395803405, 0.0 ], [ 54.982341587034405, 24.969922979635495, 0.0 ], [ 54.9834711414303, 24.971788659993301, 0.0 ], [ 54.988932687217797, 24.9738329913942, 0.0 ] ] ] } },
{ "type": "Feature", "properties": { "id": "kml_172", "description": "<center><table><tr><th colspan='2' align='center'><em>Attributes</em></th></tr><tr bgcolor=\"#E3E3F3\">\n<th>OBJECTID</th>\n<td>198</td>\n</tr><tr bgcolor=\"\">\n<th>CNAME_E</th>\n<td>HESSYAN FIRST</td>\n</tr><tr bgcolor=\"#E3E3F3\">\n<th>CNAME_A</th>\n<td>حصيان الأولى</td>\n</tr><tr bgcolor=\"\">\n<th>LABEL_E</th>\n<td>HESSYAN FIRST</td>\n</tr><tr bgcolor=\"#E3E3F3\">\n<th>LABEL_A</th>\n<td>حصيان الأولى</td>\n</tr><tr bgcolor=\"\">\n<th>C_PREFIX_E</th>\n<td>Community:</td>\n</tr><tr bgcolor=\"#E3E3F3\">\n<th>C_PREFIX_A</th>\n<td>:???????</td>\n</tr><tr bgcolor=\"\">\n<th>COMMUNITY_E</th>\n<td>HESSYAN FIRST - 511</td>\n</tr><tr bgcolor=\"#E3E3F3\">\n<th>COMMUNITY_A</th>\n<td>حصيان الأولى - 511</td>\n</tr><tr bgcolor=\"\">\n<th>DGIS_ID</th>\n<td>0000149</td>\n</tr><tr bgcolor=\"#E3E3F3\">\n<th>COMM_NUM</th>\n<td>511</td>\n</tr><tr bgcolor=\"\">\n<th>NDGIS_ID</th>\n<td>149</td>\n</tr></table></center>", "COMM_NUM": 511, "CNAME_E": "HESSYAN FIRST", "population": 4032.0, "area_km2": 23.811635502990001, "pop_density": 169.328982, "anomaly_morning_mean": 4.6077, "anomaly_morning_median": 5.2522, "anomaly_morning_std": 3.0265, "anomaly_morning_min": -11.4823, "anomaly_morning_max": 9.2827, "anomaly_morning_count": 26459, "anomaly_morning_extreme_pct": 0.0255, "anomaly_afternoon_mean": -1.8152, "anomaly_afternoon_median": -1.3015, "anomaly_afternoon_std": 2.4056, "anomaly_afternoon_min": -12.9376, "anomaly_afternoon_max": 2.2648, "anomaly_afternoon_count": 26459, "anomaly_afternoon_extreme_pct": 0.0, "anomaly_night_mean": -1.5012, "anomaly_night_median": -1.9784, "anomaly_night_std": 1.2201, "anomaly_night_min": -2.7549, "anomaly_night_max": 4.3895, "anomaly_night_count": 26459, "anomaly_night_extreme_pct": 0.0018, "diurnal_range_mean": -0.314, "diurnal_range_std": 2.9315, "ndvi_mean": 0.0322, "green_fraction": 0.0032, "albedo_mean": 0.5053, "building_density_mean": 0.0103, "building_height_mean": 0.0897, "road_density_mean": 0.0181, "sand_fraction_mean": 0.8676, "water_fraction_mean": 0.0356, "dist_to_coast_mean": 2341.5795 }, "geometry": { "type": "Polygon", "coordinates": [ [ [ 54.989518552910802, 24.972494888211404, 0.0 ], [ 54.988932687217797, 24.9738329913942, 0.0 ], [ 55.004578393663301, 24.979687910895297, 0.0 ], [ 55.019311456690097, 24.9882780075231, 0.0 ], [ 55.019497732673997, 24.987341969499589, 0.0 ], [ 55.0191004449266, 24.986713563823599, 0.0 ], [ 55.020130771813797, 24.9842043734565, 0.0 ], [ 55.021619605250599, 24.984434087159798, 0.0 ], [ 55.022264987329301, 24.983685286514405, 0.0 ], [ 55.021973305063, 24.982700101705802, 0.0 ], [ 55.028838062547301, 24.967052700846597, 0.0 ], [ 55.028663203369398, 24.966967900532801, 0.0 ], [ 55.029974624892603, 24.965058403886395, 0.0 ], [ 55.0322796469571, 24.963906196877002, 0.0 ], [ 55.037804903103499, 24.965789465810399, 0.0 ], [ 55.039927705029903, 24.966674137245999, 0.0 ], [ 55.040317147732502, 24.967848390434007, 0.0 ], [ 55.038081366395701, 24.970885950261604, 0.0 ], [ 55.0356209915142, 24.974621306434098, 0.0 ], [ 55.033694025824197, 24.977953156630097, 0.0 ], [ 55.034019582057098, 24.977948720116995, 0.0 ], [ 55.038267869327903, 24.9716454642545, 0.0 ], [ 55.042292372396503, 24.966191006829895, 0.0 ], [ 55.062364614401901, 24.947020131860899, 0.0 ], [ 55.010199531964297, 24.929062536886502, 0.0 ], [ 55.0053525440931, 24.936613825990001, 0.0 ], [ 55.003137658057597, 24.941836726293296, 0.0 ], [ 54.996596957451899, 24.959183858510393, 0.0 ], [ 54.994464270746398, 24.964078890624101, 0.0 ], [ 54.989518552910802, 24.972494888211404, 0.0 ] ] ] } },
{ "type": "Feature", "properties": { "id": "kml_173", "description": "<center><table><tr><th colspan='2' align='center'><em>Attributes</em></th></tr><tr bgcolor=\"#E3E3F3\">\n<th>OBJECTID</th>\n<td>199</td>\n</tr><tr bgcolor=\"\">\n<th>CNAME_E</th>\n<td>AL TWAR FIRST</td>\n</tr><tr bgcolor=\"#E3E3F3\">\n<th>CNAME_A</th>\n<td>الطوار الأولى</td>\n</tr><tr bgcolor=\"\">\n<th>LABEL_E</th>\n<td>AL TWAR FIRST</td>\n</tr><tr bgcolor=\"#E3E3F3\">\n<th>LABEL_A</th>\n<td>الطوار الأولى</td>\n</tr><tr bgcolor=\"\">\n<th>C_PREFIX_E</th>\n<td>Community:</td>\n</tr><tr bgcolor=\"#E3E3F3\">\n<th>C_PREFIX_A</th>\n<td>:???????</td>\n</tr><tr bgcolor=\"\">\n<th>COMMUNITY_E</th>\n<td>AL TWAR FIRST - 226</td>\n</tr><tr bgcolor=\"#E3E3F3\">\n<th>COMMUNITY_A</th>\n<td>الطوار الأولى - 226</td>\n</tr><tr bgcolor=\"\">\n<th>DGIS_ID</th>\n<td>0000021</td>\n</tr><tr bgcolor=\"#E3E3F3\">\n<th>COMM_NUM</th>\n<td>226</td>\n</tr><tr bgcolor=\"\">\n<th>NDGIS_ID</th>\n<td>21</td>\n</tr></table></center>", "COMM_NUM": 226, "CNAME_E": "AL TWAR FIRST", "population": 13747.0, "area_km2": 2.5639839655, "pop_density": 5361.577992, "anomaly_morning_mean": 4.9451, "anomaly_morning_median": 4.8719, "anomaly_morning_std": 0.9792, "anomaly_morning_min": 2.0032, "anomaly_morning_max": 8.0821, "anomaly_morning_count": 2847, "anomaly_morning_extreme_pct": 0.0, "anomaly_afternoon_mean": -1.5812, "anomaly_afternoon_median": -1.5572, "anomaly_afternoon_std": 1.8744, "anomaly_afternoon_min": -5.7936, "anomaly_afternoon_max": 1.8391, "anomaly_afternoon_count": 2847, "anomaly_afternoon_extreme_pct": 0.0, "anomaly_night_mean": 0.9249, "anomaly_night_median": 1.0209, "anomaly_night_std": 1.0077, "anomaly_night_min": -1.8184, "anomaly_night_max": 3.3823, "anomaly_night_count": 2847, "anomaly_night_extreme_pct": 0.0004, "diurnal_range_mean": -2.5061, "diurnal_range_std": 2.1706, "ndvi_mean": 0.0701, "green_fraction": 0.0629, "albedo_mean": 0.3659, "building_density_mean": 0.1921, "building_height_mean": 0.9287, "road_density_mean": 0.113, "sand_fraction_mean": 0.2185, "water_fraction_mean": 0.0, "dist_to_coast_mean": 3905.955 }, "geometry": { "type": "Polygon", "coordinates": [ [ [ 55.355720611769598, 25.281037844404889, 0.0 ], [ 55.377955855201307, 25.267934410188492, 0.0 ], [ 55.373834014707803, 25.262149191895094, 0.0 ], [ 55.366687670859399, 25.266330553014694, 0.0 ], [ 55.364861262483998, 25.267188534012998, 0.0 ], [ 55.362061861039003, 25.267793924623099, 0.0 ], [ 55.357207354624798, 25.268029495538698, 0.0 ], [ 55.355738168122897, 25.2685081649288, 0.0 ], [ 55.354010974650699, 25.269709028148995, 0.0 ], [ 55.348958451390899, 25.274855123785098, 0.0 ], [ 55.355720611769598, 25.281037844404889, 0.0 ] ] ] } },
{ "type": "Feature", "properties": { "id": "kml_174", "description": "<center><table><tr><th colspan='2' align='center'><em>Attributes</em></th></tr><tr bgcolor=\"#E3E3F3\">\n<th>OBJECTID</th>\n<td>200</td>\n</tr><tr bgcolor=\"\">\n<th>CNAME_E</th>\n<td>RAS AL KHOR IND. FIRST</td>\n</tr><tr bgcolor=\"#E3E3F3\">\n<th>CNAME_A</th>\n<td>رأس الخور الصناعية الأولى</td>\n</tr><tr bgcolor=\"\">\n<th>LABEL_E</th>\n<td>RAS AL KHOR IND. FIRST</td>\n</tr><tr bgcolor=\"#E3E3F3\">\n<th>LABEL_A</th>\n<td>رأس الخور الصناعية الأولى</td>\n</tr><tr bgcolor=\"\">\n<th>C_PREFIX_E</th>\n<td>Community:</td>\n</tr><tr bgcolor=\"#E3E3F3\">\n<th>C_PREFIX_A</th>\n<td>:???????</td>\n</tr><tr bgcolor=\"\">\n<th>COMMUNITY_E</th>\n<td>RAS AL KHOR IND. FIRST - 612</td>\n</tr><tr bgcolor=\"#E3E3F3\">\n<th>COMMUNITY_A</th>\n<td>رأس الخور الصناعية الأولى - 612</td>\n</tr><tr bgcolor=\"\">\n<th>DGIS_ID</th>\n<td>0000092</td>\n</tr><tr bgcolor=\"#E3E3F3\">\n<th>COMM_NUM</th>\n<td>612</td>\n</tr><tr bgcolor=\"\">\n<th>NDGIS_ID</th>\n<td>92</td>\n</tr></table></center>", "COMM_NUM": 612, "CNAME_E": "RAS AL KHOR IND. FIRST", "population": 2552.0, "area_km2": 2.645376794, "pop_density": 964.7018927, "anomaly_morning_mean": 7.7283, "anomaly_morning_median": 8.1013, "anomaly_morning_std": 1.3112, "anomaly_morning_min": 0.1769, "anomaly_morning_max": 10.0849, "anomaly_morning_count": 2935, "anomaly_morning_extreme_pct": 0.4995, "anomaly_afternoon_mean": 0.7939, "anomaly_afternoon_median": 1.1404, "anomaly_afternoon_std": 1.6454, "anomaly_afternoon_min": -16.0104, "anomaly_afternoon_max": 3.0981, "anomaly_afternoon_count": 2935, "anomaly_afternoon_extreme_pct": 0.1213, "anomaly_night_mean": 1.0411, "anomaly_night_median": 1.0214, "anomaly_night_std": 1.0993, "anomaly_night_min": -1.9726, "anomaly_night_max": 3.7019, "anomaly_night_count": 2935, "anomaly_night_extreme_pct": 0.0048, "diurnal_range_mean": -0.2473, "diurnal_range_std": 1.9123, "ndvi_mean": 0.0176, "green_fraction": 0.0, "albedo_mean": 0.376, "building_density_mean": 0.2598, "building_height_mean": 1.7453, "road_density_mean": 0.0458, "sand_fraction_mean": 0.1819, "water_fraction_mean": 0.0024, "dist_to_coast_mean": 9946.2365 }, "geometry": { "type": "Polygon", "coordinates": [ [ [ 55.345929433511301, 25.169255117886692, 0.0 ], [ 55.332478565489502, 25.1696438150517, 0.0 ], [ 55.332637245000903, 25.175502523100697, 0.0 ], [ 55.33222060453901, 25.176540656114092, 0.0 ], [ 55.329938895545801, 25.179230745880002, 0.0 ], [ 55.329522217490201, 25.180016107471896, 0.0 ], [ 55.329383308777601, 25.180738284662102, 0.0 ], [ 55.329363333340403, 25.184890822547199, 0.0 ], [ 55.346466820854801, 25.185431928218399, 0.0 ], [ 55.345929433511301, 25.169255117886692, 0.0 ] ] ] } },
{ "type": "Feature", "properties": { "id": "kml_176", "description": "<center><table><tr><th colspan='2' align='center'><em>Attributes</em></th></tr><tr bgcolor=\"#E3E3F3\">\n<th>OBJECTID</th>\n<td>202</td>\n</tr><tr bgcolor=\"\">\n<th>CNAME_E</th>\n<td>AL BARSHA SOUTH THIRD</td>\n</tr><tr bgcolor=\"#E3E3F3\">\n<th>CNAME_A</th>\n<td>البرشاء جنوب الثالثة</td>\n</tr><tr bgcolor=\"\">\n<th>LABEL_E</th>\n<td>AL BARSHA SOUTH THIRD</td>\n</tr><tr bgcolor=\"#E3E3F3\">\n<th>LABEL_A</th>\n<td>البرشاء جنوب الثالثة</td>\n</tr><tr bgcolor=\"\">\n<th>C_PREFIX_E</th>\n<td>Community:</td>\n</tr><tr bgcolor=\"#E3E3F3\">\n<th>C_PREFIX_A</th>\n<td>:???????</td>\n</tr><tr bgcolor=\"\">\n<th>COMMUNITY_E</th>\n<td>AL BARSHA SOUTH THIRD - 673</td>\n</tr><tr bgcolor=\"#E3E3F3\">\n<th>COMMUNITY_A</th>\n<td>البرشاء جنوب الثالثة - 673</td>\n</tr><tr bgcolor=\"\">\n<th>DGIS_ID</th>\n<td>0000131</td>\n</tr><tr bgcolor=\"#E3E3F3\">\n<th>COMM_NUM</th>\n<td>673</td>\n</tr><tr bgcolor=\"\">\n<th>NDGIS_ID</th>\n<td>131</td>\n</tr></table></center>", "COMM_NUM": 673, "CNAME_E": "AL BARSHA SOUTH THIRD", "population": 19451.0, "area_km2": 3.7436827219989999, "pop_density": 5195.686025, "anomaly_morning_mean": 4.6364, "anomaly_morning_median": 4.6612, "anomaly_morning_std": 1.3418, "anomaly_morning_min": 0.0772, "anomaly_morning_max": 7.9473, "anomaly_morning_count": 4167, "anomaly_morning_extreme_pct": 0.0, "anomaly_afternoon_mean": -0.6366, "anomaly_afternoon_median": -0.0396, "anomaly_afternoon_std": 2.0573, "anomaly_afternoon_min": -15.9057, "anomaly_afternoon_max": 2.4493, "anomaly_afternoon_count": 4167, "anomaly_afternoon_extreme_pct": 0.0014, "anomaly_night_mean": 0.4349, "anomaly_night_median": 0.5712, "anomaly_night_std": 1.1501, "anomaly_night_min": -2.2773, "anomaly_night_max": 3.3225, "anomaly_night_count": 4167, "anomaly_night_extreme_pct": 0.0007, "diurnal_range_mean": -1.0715, "diurnal_range_std": 2.5144, "ndvi_mean": 0.051, "green_fraction": 0.0317, "albedo_mean": 0.4037, "building_density_mean": 0.0946, "building_height_mean": 0.5973, "road_density_mean": 0.0994, "sand_fraction_mean": 0.2995, "water_fraction_mean": 0.0005, "dist_to_coast_mean": 9346.6935 }, "geometry": { "type": "Polygon", "coordinates": [ [ [ 55.249808537242799, 25.068306548931798, 0.0 ], [ 55.249390720322303, 25.056020024451694, 0.0 ], [ 55.231712295325899, 25.053977814868002, 0.0 ], [ 55.227342672261003, 25.053072020523601, 0.0 ], [ 55.2234887022598, 25.051868575510202, 0.0 ], [ 55.221022055319601, 25.061697569247798, 0.0 ], [ 55.227205294168598, 25.062984006972201, 0.0 ], [ 55.228305078308303, 25.063381994227193, 0.0 ], [ 55.229563032504799, 25.064258535759194, 0.0 ], [ 55.232900238113899, 25.067709293747896, 0.0 ], [ 55.234247733094008, 25.068260869843499, 0.0 ], [ 55.249808537242799, 25.068306548931798, 0.0 ] ] ] } },
{ "type": "Feature", "properties": { "id": "kml_177", "description": "<center><table><tr><th colspan='2' align='center'><em>Attributes</em></th></tr><tr bgcolor=\"#E3E3F3\">\n<th>OBJECTID</th>\n<td>203</td>\n</tr><tr bgcolor=\"\">\n<th>CNAME_E</th>\n<td>MUSHRAIF</td>\n</tr><tr bgcolor=\"#E3E3F3\">\n<th>CNAME_A</th>\n<td>مشرف</td>\n</tr><tr bgcolor=\"\">\n<th>LABEL_E</th>\n<td>MUSHRAIF</td>\n</tr><tr bgcolor=\"#E3E3F3\">\n<th>LABEL_A</th>\n<td>مشرف</td>\n</tr><tr bgcolor=\"\">\n<th>C_PREFIX_E</th>\n<td>Community:</td>\n</tr><tr bgcolor=\"#E3E3F3\">\n<th>C_PREFIX_A</th>\n<td>:???????</td>\n</tr><tr bgcolor=\"\">\n<th>COMMUNITY_E</th>\n<td>MUSHRAIF - 252</td>\n</tr><tr bgcolor=\"#E3E3F3\">\n<th>COMMUNITY_A</th>\n<td>مشرف - 252</td>\n</tr><tr bgcolor=\"\">\n<th>DGIS_ID</th>\n<td>0000071</td>\n</tr><tr bgcolor=\"#E3E3F3\">\n<th>COMM_NUM</th>\n<td>252</td>\n</tr><tr bgcolor=\"\">\n<th>NDGIS_ID</th>\n<td>71</td>\n</tr></table></center>", "COMM_NUM": 252, "CNAME_E": "MUSHRAIF", "population": 91.0, "area_km2": 10.472738810056999, "pop_density": 8.689226539, "anomaly_morning_mean": 6.69, "anomaly_morning_median": 6.9235, "anomaly_morning_std": 1.4383, "anomaly_morning_min": -0.3397, "anomaly_morning_max": 9.1996, "anomaly_morning_count": 11634, "anomaly_morning_extreme_pct": 0.1815, "anomaly_afternoon_mean": -0.2899, "anomaly_afternoon_median": 1.6278, "anomaly_afternoon_std": 3.2826, "anomaly_afternoon_min": -5.6261, "anomaly_afternoon_max": 4.3685, "anomaly_afternoon_count": 11634, "anomaly_afternoon_extreme_pct": 0.2135, "anomaly_night_mean": -0.7599, "anomaly_night_median": -0.9837, "anomaly_night_std": 1.4162, "anomaly_night_min": -2.6416, "anomaly_night_max": 5.163, "anomaly_night_count": 11634, "anomaly_night_extreme_pct": 0.0334, "diurnal_range_mean": 0.4699, "diurnal_range_std": 3.977, "ndvi_mean": 0.1198, "green_fraction": 0.137, "albedo_mean": 0.3699, "building_density_mean": 0.0021, "building_height_mean": 0.045, "road_density_mean": 0.0251, "sand_fraction_mean": 0.5816, "water_fraction_mean": 0.0, "dist_to_coast_mean": 13810.3173 }, "geometry": { "type": "Polygon", "coordinates": [ [ [ 55.464343114329402, 25.226435672232196, 0.0 ], [ 55.460555857721708, 25.206741554033094, 0.0 ], [ 55.460435331711302, 25.205416318107797, 0.0 ], [ 55.460884307535402, 25.203145983686795, 0.0 ], [ 55.463883981351898, 25.198168320427001, 0.0 ], [ 55.464537986977597, 25.196675225591193, 0.0 ], [ 55.464863545989097, 25.194585395306497, 0.0 ], [ 55.464539200372805, 25.189815739726395, 0.0 ], [ 55.455026200289197, 25.191223091786799, 0.0 ], [ 55.452715150648402, 25.191847853898995, 0.0 ], [ 55.449918428263601, 25.192996543000497, 0.0 ], [ 55.447607984249103, 25.194334376221796, 0.0 ], [ 55.445436706618899, 25.196015102609195, 0.0 ], [ 55.443929966980498, 25.197514756945104, 0.0 ], [ 55.440669181007102, 25.201489138942499, 0.0 ], [ 55.438418520234997, 25.203422581091502, 0.0 ], [ 55.436355714190903, 25.204642707452404, 0.0 ], [ 55.434431431050598, 25.2054384309371, 0.0 ], [ 55.428211255028302, 25.206977180055894, 0.0 ], [ 55.427947824871509, 25.207649786432096, 0.0 ], [ 55.430111421855699, 25.215265513507799, 0.0 ], [ 55.431111173120399, 25.217022660765195, 0.0 ], [ 55.437195384184697, 25.214030252792199, 0.0 ], [ 55.438429741053902, 25.2159460735012, 0.0 ], [ 55.442037103060699, 25.222331971247598, 0.0 ], [ 55.442403055585203, 25.232081069855504, 0.0 ], [ 55.464898381592803, 25.228614369146001, 0.0 ], [ 55.464343114329402, 25.226435672232196, 0.0 ] ] ] } },
{ "type": "Feature", "properties": { "id": "kml_179", "description": "<center><table><tr><th colspan='2' align='center'><em>Attributes</em></th></tr><tr bgcolor=\"#E3E3F3\">\n<th>OBJECTID</th>\n<td>205</td>\n</tr><tr bgcolor=\"\">\n<th>CNAME_E</th>\n<td>ABU HAIL</td>\n</tr><tr bgcolor=\"#E3E3F3\">\n<th>CNAME_A</th>\n<td>أبو هيل</td>\n</tr><tr bgcolor=\"\">\n<th>LABEL_E</th>\n<td>ABU HAIL</td>\n</tr><tr bgcolor=\"#E3E3F3\">\n<th>LABEL_A</th>\n<td>أبو هيل</td>\n</tr><tr bgcolor=\"\">\n<th>C_PREFIX_E</th>\n<td>Community:</td>\n</tr><tr bgcolor=\"#E3E3F3\">\n<th>C_PREFIX_A</th>\n<td>:???????</td>\n</tr><tr bgcolor=\"\">\n<th>COMMUNITY_E</th>\n<td>ABU HAIL - 126</td>\n</tr><tr bgcolor=\"#E3E3F3\">\n<th>COMMUNITY_A</th>\n<td>أبو هيل - 126</td>\n</tr><tr bgcolor=\"\">\n<th>DGIS_ID</th>\n<td>0000011</td>\n</tr><tr bgcolor=\"#E3E3F3\">\n<th>COMM_NUM</th>\n<td>126</td>\n</tr><tr bgcolor=\"\">\n<th>NDGIS_ID</th>\n<td>11</td>\n</tr></table></center>", "COMM_NUM": 126, "CNAME_E": "ABU HAIL", "population": 19506.0, "area_km2": 1.273818633, "pop_density": 15313.01199, "anomaly_morning_mean": 3.301, "anomaly_morning_median": 3.3076, "anomaly_morning_std": 0.6419, "anomaly_morning_min": 1.4917, "anomaly_morning_max": 5.7809, "anomaly_morning_count": 1417, "anomaly_morning_extreme_pct": 0.0, "anomaly_afternoon_mean": -2.1312, "anomaly_afternoon_median": -2.1127, "anomaly_afternoon_std": 1.4712, "anomaly_afternoon_min": -6.1247, "anomaly_afternoon_max": 1.1413, "anomaly_afternoon_count": 1417, "anomaly_afternoon_extreme_pct": 0.0, "anomaly_night_mean": 1.5838, "anomaly_night_median": 1.6078, "anomaly_night_std": 0.6886, "anomaly_night_min": -1.2039, "anomaly_night_max": 3.1312, "anomaly_night_count": 1417, "anomaly_night_extreme_pct": 0.0, "diurnal_range_mean": -3.715, "diurnal_range_std": 1.5081, "ndvi_mean": 0.046, "green_fraction": 0.0296, "albedo_mean": 0.3747, "building_density_mean": 0.2812, "building_height_mean": 1.9816, "road_density_mean": 0.1486, "sand_fraction_mean": 0.0988, "water_fraction_mean": 0.0, "dist_to_coast_mean": 1011.8209 }, "geometry": { "type": "Polygon", "coordinates": [ [ [ 55.327572519232902, 25.292567075682701, 0.0 ], [ 55.338554199038903, 25.283756618155095, 0.0 ], [ 55.327126398075599, 25.278665274583098, 0.0 ], [ 55.322230865224199, 25.287827529136695, 0.0 ], [ 55.327572519232902, 25.292567075682701, 0.0 ] ] ] } },
{ "type": "Feature", "properties": { "id": "kml_180", "description": "<center><table><tr><th colspan='2' align='center'><em>Attributes</em></th></tr><tr bgcolor=\"#E3E3F3\">\n<th>OBJECTID</th>\n<td>206</td>\n</tr><tr bgcolor=\"\">\n<th>CNAME_E</th>\n<td>MUHAISANAH FOURTH</td>\n</tr><tr bgcolor=\"#E3E3F3\">\n<th>CNAME_A</th>\n<td>محيصنة الرابعة</td>\n</tr><tr bgcolor=\"\">\n<th>LABEL_E</th>\n<td>MUHAISANAH FOURTH</td>\n</tr><tr bgcolor=\"#E3E3F3\">\n<th>LABEL_A</th>\n<td>محيصنة الرابعة</td>\n</tr><tr bgcolor=\"\">\n<th>C_PREFIX_E</th>\n<td>Community:</td>\n</tr><tr bgcolor=\"#E3E3F3\">\n<th>C_PREFIX_A</th>\n<td>:???????</td>\n</tr><tr bgcolor=\"\">\n<th>COMMUNITY_E</th>\n<td>MUHAISANAH FOURTH - 245</td>\n</tr><tr bgcolor=\"#E3E3F3\">\n<th>COMMUNITY_A</th>\n<td>محيصنة الرابعة - 245</td>\n</tr><tr bgcolor=\"\">\n<th>DGIS_ID</th>\n<td>0000015</td>\n</tr><tr bgcolor=\"#E3E3F3\">\n<th>COMM_NUM</th>\n<td>245</td>\n</tr><tr bgcolor=\"\">\n<th>NDGIS_ID</th>\n<td>15</td>\n</tr></table></center>", "COMM_NUM": 245, "CNAME_E": "MUHAISANAH FOURTH", "population": 43444.0, "area_km2": 2.3238272415000001, "pop_density": 18695.0214, "anomaly_morning_mean": 5.9848, "anomaly_morning_median": 6.0716, "anomaly_morning_std": 1.0316, "anomaly_morning_min": 1.9578, "anomaly_morning_max": 8.4618, "anomaly_morning_count": 2585, "anomaly_morning_extreme_pct": 0.0058, "anomaly_afternoon_mean": 0.2871, "anomaly_afternoon_median": 0.6747, "anomaly_afternoon_std": 1.4368, "anomaly_afternoon_min": -5.0632, "anomaly_afternoon_max": 2.5582, "anomaly_afternoon_count": 2585, "anomaly_afternoon_extreme_pct": 0.0046, "anomaly_night_mean": 0.9688, "anomaly_night_median": 0.9849, "anomaly_night_std": 1.2592, "anomaly_night_min": -1.9428, "anomaly_night_max": 4.2011, "anomaly_night_count": 2585, "anomaly_night_extreme_pct": 0.036, "diurnal_range_mean": -0.6816, "diurnal_range_std": 2.0416, "ndvi_mean": 0.0284, "green_fraction": 0.0162, "albedo_mean": 0.3815, "building_density_mean": 0.247, "building_height_mean": 2.3975, "road_density_mean": 0.1168, "sand_fraction_mean": 0.4244, "water_fraction_mean": 0.0, "dist_to_coast_mean": 5379.2395 }, "geometry": { "type": "Polygon", "coordinates": [ [ [ 55.413068404721699, 25.281469356723001, 0.0 ], [ 55.415450652130602, 25.280547282804903, 0.0 ], [ 55.419590175737802, 25.279588045142098, 0.0 ], [ 55.422270069871502, 25.278503198389899, 0.0 ], [ 55.419676273624397, 25.2749841556926, 0.0 ], [ 55.415185479074005, 25.2700669222519, 0.0 ], [ 55.3966957838228, 25.280836368997797, 0.0 ], [ 55.397600581752499, 25.283300384897501, 0.0 ], [ 55.398316179169598, 25.284663168129601, 0.0 ], [ 55.400929585271101, 25.288471441432701, 0.0 ], [ 55.413068404721699, 25.281469356723001, 0.0 ] ] ] } },
{ "type": "Feature", "properties": { "id": "kml_181", "description": "<center><table><tr><th colspan='2' align='center'><em>Attributes</em></th></tr><tr bgcolor=\"#E3E3F3\">\n<th>OBJECTID</th>\n<td>207</td>\n</tr><tr bgcolor=\"\">\n<th>CNAME_E</th>\n<td>AL RAFFA</td>\n</tr><tr bgcolor=\"#E3E3F3\">\n<th>CNAME_A</th>\n<td>الرفاعة</td>\n</tr><tr bgcolor=\"\">\n<th>LABEL_E</th>\n<td>AL RAFFA</td>\n</tr><tr bgcolor=\"#E3E3F3\">\n<th>LABEL_A</th>\n<td>الرفاعة</td>\n</tr><tr bgcolor=\"\">\n<th>C_PREFIX_E</th>\n<td>Community:</td>\n</tr><tr bgcolor=\"#E3E3F3\">\n<th>C_PREFIX_A</th>\n<td>:???????</td>\n</tr><tr bgcolor=\"\">\n<th>COMMUNITY_E</th>\n<td>AL RAFFA - 316</td>\n</tr><tr bgcolor=\"#E3E3F3\">\n<th>COMMUNITY_A</th>\n<td>الرفاعة - 316</td>\n</tr><tr bgcolor=\"\">\n<th>DGIS_ID</th>\n<td>0000048</td>\n</tr><tr bgcolor=\"#E3E3F3\">\n<th>COMM_NUM</th>\n<td>316</td>\n</tr><tr bgcolor=\"\">\n<th>NDGIS_ID</th>\n<td>48</td>\n</tr></table></center>", "COMM_NUM": 316, "CNAME_E": "AL RAFFA", "population": 54052.0, "area_km2": 1.228290580501, "pop_density": 44005.87358, "anomaly_morning_mean": 2.2912, "anomaly_morning_median": 2.2886, "anomaly_morning_std": 0.9867, "anomaly_morning_min": -0.1892, "anomaly_morning_max": 5.4529, "anomaly_morning_count": 1360, "anomaly_morning_extreme_pct": 0.0, "anomaly_afternoon_mean": -1.2619, "anomaly_afternoon_median": -1.2268, "anomaly_afternoon_std": 1.2939, "anomaly_afternoon_min": -5.9004, "anomaly_afternoon_max": 1.0856, "anomaly_afternoon_count": 1360, "anomaly_afternoon_extreme_pct": 0.0, "anomaly_night_mean": 1.9378, "anomaly_night_median": 2.0962, "anomaly_night_std": 0.8798, "anomaly_night_min": -1.1225, "anomaly_night_max": 3.6871, "anomaly_night_count": 1360, "anomaly_night_extreme_pct": 0.0397, "diurnal_range_mean": -3.1997, "diurnal_range_std": 1.581, "ndvi_mean": 0.024, "green_fraction": 0.0066, "albedo_mean": 0.3417, "building_density_mean": 0.2669, "building_height_mean": 5.587, "road_density_mean": 0.1458, "sand_fraction_mean": 0.1346, "water_fraction_mean": 0.0, "dist_to_coast_mean": 986.2261 }, "geometry": { "type": "Polygon", "coordinates": [ [ [ 55.289197007335503, 25.2592955670621, 0.0 ], [ 55.294597081375898, 25.2596581689982, 0.0 ], [ 55.2975457677408, 25.258250675658999, 0.0 ], [ 55.284903732287702, 25.246592993473101, 0.0 ], [ 55.283513540928602, 25.248018825009904, 0.0 ], [ 55.280376150623603, 25.2498773313317, 0.0 ], [ 55.284175815221801, 25.2548796972582, 0.0 ], [ 55.284820558013799, 25.256080514610503, 0.0 ], [ 55.285038617347503, 25.256902067168596, 0.0 ], [ 55.285058127995704, 25.257768681329896, 0.0 ], [ 55.284332247776597, 25.260837668256098, 0.0 ], [ 55.288105007334103, 25.259430644037195, 0.0 ], [ 55.289197007335503, 25.2592955670621, 0.0 ] ] ] } },
{ "type": "Feature", "properties": { "id": "kml_182", "description": "<center><table><tr><th colspan='2' align='center'><em>Attributes</em></th></tr><tr bgcolor=\"#E3E3F3\">\n<th>OBJECTID</th>\n<td>208</td>\n</tr><tr bgcolor=\"\">\n<th>CNAME_E</th>\n<td>AL JADAF</td>\n</tr><tr bgcolor=\"#E3E3F3\">\n<th>CNAME_A</th>\n<td>الجداف</td>\n</tr><tr bgcolor=\"\">\n<th>LABEL_E</th>\n<td>AL JADAF</td>\n</tr><tr bgcolor=\"#E3E3F3\">\n<th>LABEL_A</th>\n<td>الجداف</td>\n</tr><tr bgcolor=\"\">\n<th>C_PREFIX_E</th>\n<td>Community:</td>\n</tr><tr bgcolor=\"#E3E3F3\">\n<th>C_PREFIX_A</th>\n<td>:???????</td>\n</tr><tr bgcolor=\"\">\n<th>COMMUNITY_E</th>\n<td>AL JADAF - 326</td>\n</tr><tr bgcolor=\"#E3E3F3\">\n<th>COMMUNITY_A</th>\n<td>الجداف - 326</td>\n</tr><tr bgcolor=\"\">\n<th>DGIS_ID</th>\n<td>0000070</td>\n</tr><tr bgcolor=\"#E3E3F3\">\n<th>COMM_NUM</th>\n<td>326</td>\n</tr><tr bgcolor=\"\">\n<th>NDGIS_ID</th>\n<td>70</td>\n</tr></table></center>", "COMM_NUM": 326, "CNAME_E": "AL JADAF", "population": 18744.0, "area_km2": 7.2403342546770002, "pop_density": 2588.830756, "anomaly_morning_mean": 3.8926, "anomaly_morning_median": 4.7571, "anomaly_morning_std": 3.315, "anomaly_morning_min": -10.2166, "anomaly_morning_max": 8.9705, "anomaly_morning_count": 8031, "anomaly_morning_extreme_pct": 0.0075, "anomaly_afternoon_mean": -1.2308, "anomaly_afternoon_median": 0.1138, "anomaly_afternoon_std": 3.5737, "anomaly_afternoon_min": -15.055, "anomaly_afternoon_max": 4.0963, "anomaly_afternoon_count": 8031, "anomaly_afternoon_extreme_pct": 0.0203, "anomaly_night_mean": 0.958, "anomaly_night_median": 0.872, "anomaly_night_std": 0.9738, "anomaly_night_min": -2.0008, "anomaly_night_max": 4.2304, "anomaly_night_count": 8031, "anomaly_night_extreme_pct": 0.0133, "diurnal_range_mean": -2.1888, "diurnal_range_std": 3.4825, "ndvi_mean": 0.0454, "green_fraction": 0.0509, "albedo_mean": 0.379, "building_density_mean": 0.098, "building_height_mean": 1.0118, "road_density_mean": 0.09, "sand_fraction_mean": 0.1045, "water_fraction_mean": 0.0641, "dist_to_coast_mean": 6619.9098 }, "geometry": { "type": "Polygon", "coordinates": [ [ [ 55.336196578772608, 25.210718293861497, 0.0 ], [ 55.336028539030799, 25.210907056258701, 0.0 ], [ 55.33565608202781, 25.208747876864997, 0.0 ], [ 55.335311383623598, 25.207942174849897, 0.0 ], [ 55.335957310130603, 25.207556115435505, 0.0 ], [ 55.3360128223839, 25.207336797950703, 0.0 ], [ 55.335993600061997, 25.206777101143398, 0.0 ], [ 55.335682456731007, 25.206169501712694, 0.0 ], [ 55.334639961983598, 25.205569077468095, 0.0 ], [ 55.3334890560945, 25.205597157842895, 0.0 ], [ 55.3329319519002, 25.204904678561604, 0.0 ], [ 55.330726877248999, 25.203920751139101, 0.0 ], [ 55.329923143386402, 25.203770214727104, 0.0 ], [ 55.314588466388599, 25.203779546708496, 0.0 ], [ 55.312757068430003, 25.201695637373405, 0.0 ], [ 55.309232647996197, 25.1962798911288, 0.0 ], [ 55.308943724381599, 25.198140863329503, 0.0 ], [ 55.309231070787703, 25.200108848104705, 0.0 ], [ 55.3098856817141, 25.201372766242798, 0.0 ], [ 55.311740719584101, 25.203629856956901, 0.0 ], [ 55.312425068422698, 25.205327074649603, 0.0 ], [ 55.3164106496438, 25.228744181259604, 0.0 ], [ 55.320549323100003, 25.226596123022695, 0.0 ], [ 55.322186864385003, 25.226000460116996, 0.0 ], [ 55.324509137963005, 25.225576338383799, 0.0 ], [ 55.3272581025345, 25.2256938306131, 0.0 ], [ 55.329123814137105, 25.226199418996099, 0.0 ], [ 55.330622342783698, 25.226885521589601, 0.0 ], [ 55.333179565491101, 25.228597212314604, 0.0 ], [ 55.3365544718595, 25.231623392528192, 0.0 ], [ 55.337413497197204, 25.231149389240603, 0.0 ], [ 55.338256566520599, 25.231890523592494, 0.0 ], [ 55.341442987216197, 25.229810344966495, 0.0 ], [ 55.343979475524506, 25.227803392038997, 0.0 ], [ 55.3447616885706, 25.226981695665398, 0.0 ], [ 55.344701710389998, 25.225312976414592, 0.0 ], [ 55.345633590457304, 25.222165024318901, 0.0 ], [ 55.345583279995303, 25.221206365890392, 0.0 ], [ 55.344438009464703, 25.219095785928491, 0.0 ], [ 55.343449824570101, 25.218048654932105, 0.0 ], [ 55.339796928186701, 25.215089485545601, 0.0 ], [ 55.339950977231197, 25.214737724144697, 0.0 ], [ 55.339729135876198, 25.214581174856896, 0.0 ], [ 55.339472730309602, 25.214773176610596, 0.0 ], [ 55.3375259879654, 25.213089153655201, 0.0 ], [ 55.336872250166799, 25.212192578127798, 0.0 ], [ 55.336196578772608, 25.210718293861497, 0.0 ] ] ] } },
{ "type": "Feature", "properties": { "id": "kml_183", "description": "<center><table><tr><th colspan='2' align='center'><em>Attributes</em></th></tr><tr bgcolor=\"#E3E3F3\">\n<th>OBJECTID</th>\n<td>209</td>\n</tr><tr bgcolor=\"\">\n<th>CNAME_E</th>\n<td>AL QOUZ IND.THIRD</td>\n</tr><tr bgcolor=\"#E3E3F3\">\n<th>CNAME_A</th>\n<td>القوز الصناعية الثالثة</td>\n</tr><tr bgcolor=\"\">\n<th>LABEL_E</th>\n<td>AL QOUZ IND.THIRD</td>\n</tr><tr bgcolor=\"#E3E3F3\">\n<th>LABEL_A</th>\n<td>القوز الصناعية الثالثة</td>\n</tr><tr bgcolor=\"\">\n<th>C_PREFIX_E</th>\n<td>Community:</td>\n</tr><tr bgcolor=\"#E3E3F3\">\n<th>C_PREFIX_A</th>\n<td>:???????</td>\n</tr><tr bgcolor=\"\">\n<th>COMMUNITY_E</th>\n<td>AL QOUZ IND.THIRD - 368</td>\n</tr><tr bgcolor=\"#E3E3F3\">\n<th>COMMUNITY_A</th>\n<td>القوز الصناعية الثالثة - 368</td>\n</tr><tr bgcolor=\"\">\n<th>DGIS_ID</th>\n<td>0000116</td>\n</tr><tr bgcolor=\"#E3E3F3\">\n<th>COMM_NUM</th>\n<td>368</td>\n</tr><tr bgcolor=\"\">\n<th>NDGIS_ID</th>\n<td>116</td>\n</tr></table></center>", "COMM_NUM": 368, "CNAME_E": "AL QOUZ IND.THIRD", "population": 27332.0, "area_km2": 4.402947392, "pop_density": 6207.659907, "anomaly_morning_mean": 6.013, "anomaly_morning_median": 6.1743, "anomaly_morning_std": 0.8759, "anomaly_morning_min": 1.8243, "anomaly_morning_max": 7.6868, "anomaly_morning_count": 4891, "anomaly_morning_extreme_pct": 0.0, "anomaly_afternoon_mean": -0.6862, "anomaly_afternoon_median": -0.7805, "anomaly_afternoon_std": 1.2166, "anomaly_afternoon_min": -5.6909, "anomaly_afternoon_max": 2.1471, "anomaly_afternoon_count": 4891, "anomaly_afternoon_extreme_pct": 0.0, "anomaly_night_mean": 1.0904, "anomaly_night_median": 0.9127, "anomaly_night_std": 0.8593, "anomaly_night_min": -1.6081, "anomaly_night_max": 3.6307, "anomaly_night_count": 4891, "anomaly_night_extreme_pct": 0.0035, "diurnal_range_mean": -1.7766, "diurnal_range_std": 1.345, "ndvi_mean": 0.0195, "green_fraction": 0.0088, "albedo_mean": 0.3957, "building_density_mean": 0.3748, "building_height_mean": 2.6678, "road_density_mean": 0.0675, "sand_fraction_mean": 0.1131, "water_fraction_mean": 0.0, "dist_to_coast_mean": 3463.1323 }, "geometry": { "type": "Polygon", "coordinates": [ [ [ 55.217936039125, 25.139655351782896, 0.0 ], [ 55.232532055197098, 25.129979709689199, 0.0 ], [ 55.218209670954202, 25.112230599633399, 0.0 ], [ 55.2020070750402, 25.1230589390426, 0.0 ], [ 55.209428670929, 25.128328252109601, 0.0 ], [ 55.211519115171697, 25.130216692683895, 0.0 ], [ 55.213757536077203, 25.132962808003697, 0.0 ], [ 55.217936039125, 25.139655351782896, 0.0 ] ] ] } },
{ "type": "Feature", "properties": { "id": "kml_184", "description": "<center><table><tr><th colspan='2' align='center'><em>Attributes</em></th></tr><tr bgcolor=\"#E3E3F3\">\n<th>OBJECTID</th>\n<td>210</td>\n</tr><tr bgcolor=\"\">\n<th>CNAME_E</th>\n<td>MUHAISANAH SECOND</td>\n</tr><tr bgcolor=\"#E3E3F3\">\n<th>CNAME_A</th>\n<td>محيصنة الثانية</td>\n</tr><tr bgcolor=\"\">\n<th>LABEL_E</th>\n<td>MUHAISANAH SECOND</td>\n</tr><tr bgcolor=\"#E3E3F3\">\n<th>LABEL_A</th>\n<td>محيصنة الثانية</td>\n</tr><tr bgcolor=\"\">\n<th>C_PREFIX_E</th>\n<td>Community:</td>\n</tr><tr bgcolor=\"#E3E3F3\">\n<th>C_PREFIX_A</th>\n<td>:???????</td>\n</tr><tr bgcolor=\"\">\n<th>COMMUNITY_E</th>\n<td>MUHAISANAH SECOND - 264</td>\n</tr><tr bgcolor=\"#E3E3F3\">\n<th>COMMUNITY_A</th>\n<td>محيصنة الثانية - 264</td>\n</tr><tr bgcolor=\"\">\n<th>DGIS_ID</th>\n<td>0000026</td>\n</tr><tr bgcolor=\"#E3E3F3\">\n<th>COMM_NUM</th>\n<td>264</td>\n</tr><tr bgcolor=\"\">\n<th>NDGIS_ID</th>\n<td>26</td>\n</tr></table></center>", "COMM_NUM": 264, "CNAME_E": "MUHAISANAH SECOND", "population": 160831.0, "area_km2": 5.577576861, "pop_density": 28835.2817, "anomaly_morning_mean": 6.0437, "anomaly_morning_median": 5.8955, "anomaly_morning_std": 1.0445, "anomaly_morning_min": 2.2978, "anomaly_morning_max": 9.1613, "anomaly_morning_count": 6196, "anomaly_morning_extreme_pct": 0.0413, "anomaly_afternoon_mean": 0.0771, "anomaly_afternoon_median": 0.5335, "anomaly_afternoon_std": 1.4902, "anomaly_afternoon_min": -5.2711, "anomaly_afternoon_max": 2.817, "anomaly_afternoon_count": 6196, "anomaly_afternoon_extreme_pct": 0.0027, "anomaly_night_mean": 0.2728, "anomaly_night_median": 0.4605, "anomaly_night_std": 1.2942, "anomaly_night_min": -2.2888, "anomaly_night_max": 3.8361, "anomaly_night_count": 6196, "anomaly_night_extreme_pct": 0.0027, "diurnal_range_mean": -0.1957, "diurnal_range_std": 2.1052, "ndvi_mean": 0.0414, "green_fraction": 0.0137, "albedo_mean": 0.4035, "building_density_mean": 0.175, "building_height_mean": 1.7171, "road_density_mean": 0.0783, "sand_fraction_mean": 0.484, "water_fraction_mean": 0.0, "dist_to_coast_mean": 7506.9077 }, "geometry": { "type": "Polygon", "coordinates": [ [ [ 55.422270069871502, 25.278503198389899, 0.0 ], [ 55.439291165683798, 25.271532037675396, 0.0 ], [ 55.438097871518202, 25.2692399957063, 0.0 ], [ 55.437173466925003, 25.267904631697501, 0.0 ], [ 55.431986713371302, 25.262221085660194, 0.0 ], [ 55.431022757298798, 25.260930843769302, 0.0 ], [ 55.430296929427797, 25.259468923170605, 0.0 ], [ 55.429888830521499, 25.258079008508801, 0.0 ], [ 55.4297290411943, 25.256860446567497, 0.0 ], [ 55.429767521527999, 25.255307749959503, 0.0 ], [ 55.412195757314997, 25.2524114323375, 0.0 ], [ 55.406418235087202, 25.251656122394696, 0.0 ], [ 55.405554704519901, 25.2517377917228, 0.0 ], [ 55.4061218911243, 25.254075549568899, 0.0 ], [ 55.408737168608205, 25.261584835163301, 0.0 ], [ 55.410337237173998, 25.264472698676798, 0.0 ], [ 55.411777909769107, 25.266376669087688, 0.0 ], [ 55.419676273624397, 25.2749841556926, 0.0 ], [ 55.422270069871502, 25.278503198389899, 0.0 ] ] ] } },
{ "type": "Feature", "properties": { "id": "kml_186", "description": "<center><table><tr><th colspan='2' align='center'><em>Attributes</em></th></tr><tr bgcolor=\"#E3E3F3\">\n<th>OBJECTID</th>\n<td>181</td>\n</tr><tr bgcolor=\"\">\n<th>CNAME_E</th>\n<td>AL SAFOUH FIRST</td>\n</tr><tr bgcolor=\"#E3E3F3\">\n<th>CNAME_A</th>\n<td>الصفوح الأولى</td>\n</tr><tr bgcolor=\"\">\n<th>LABEL_E</th>\n<td>AL SAFOUH FIRST</td>\n</tr><tr bgcolor=\"#E3E3F3\">\n<th>LABEL_A</th>\n<td>الصفوح الأولى</td>\n</tr><tr bgcolor=\"\">\n<th>C_PREFIX_E</th>\n<td>Community:</td>\n</tr><tr bgcolor=\"#E3E3F3\">\n<th>C_PREFIX_A</th>\n<td>:???????</td>\n</tr><tr bgcolor=\"\">\n<th>COMMUNITY_E</th>\n<td>AL SAFOUH FIRST - 372</td>\n</tr><tr bgcolor=\"#E3E3F3\">\n<th>COMMUNITY_A</th>\n<td>الصفوح الأولى - 372</td>\n</tr><tr bgcolor=\"\">\n<th>DGIS_ID</th>\n<td>0000117</td>\n</tr><tr bgcolor=\"#E3E3F3\">\n<th>COMM_NUM</th>\n<td>372</td>\n</tr><tr bgcolor=\"\">\n<th>NDGIS_ID</th>\n<td>117</td>\n</tr></table></center>", "COMM_NUM": 372, "CNAME_E": "AL SAFOUH FIRST", "population": 5313.0, "area_km2": 5.8787227981169998, "pop_density": 903.7677371, "anomaly_morning_mean": 2.9325, "anomaly_morning_median": 3.1103, "anomaly_morning_std": 2.1396, "anomaly_morning_min": -7.9383, "anomaly_morning_max": 7.3121, "anomaly_morning_count": 6531, "anomaly_morning_extreme_pct": 0.0, "anomaly_afternoon_mean": -3.0981, "anomaly_afternoon_median": -3.1966, "anomaly_afternoon_std": 2.1226, "anomaly_afternoon_min": -11.4773, "anomaly_afternoon_max": 0.9451, "anomaly_afternoon_count": 6531, "anomaly_afternoon_extreme_pct": 0.0, "anomaly_night_mean": 0.1894, "anomaly_night_median": 0.1901, "anomaly_night_std": 0.9989, "anomaly_night_min": -2.0465, "anomaly_night_max": 2.8265, "anomaly_night_count": 6531, "anomaly_night_extreme_pct": 0.0, "diurnal_range_mean": -3.2875, "diurnal_range_std": 2.3068, "ndvi_mean": 0.1056, "green_fraction": 0.1576, "albedo_mean": 0.3787, "building_density_mean": 0.0906, "building_height_mean": 0.3885, "road_density_mean": 0.07, "sand_fraction_mean": 0.2147, "water_fraction_mean": 0.0008, "dist_to_coast_mean": 1038.5117 }, "geometry": { "type": "Polygon", "coordinates": [ [ [ 55.180422346545498, 25.131431421707696, 0.0 ], [ 55.180056527590203, 25.131721708164395, 0.0 ], [ 55.1801623520943, 25.131832224829797, 0.0 ], [ 55.180521900124099, 25.131549984001293, 0.0 ], [ 55.182059281083099, 25.133380907222602, 0.0 ], [ 55.1808446165793, 25.13428979095, 0.0 ], [ 55.181117650502003, 25.134592170119198, 0.0 ], [ 55.182320565154001, 25.133692073835597, 0.0 ], [ 55.184971143234698, 25.136848556679301, 0.0 ], [ 55.1866920976126, 25.135741501324297, 0.0 ], [ 55.187218572507398, 25.136164354400993, 0.0 ], [ 55.187731284700298, 25.136279243950497, 0.0 ], [ 55.187885419960899, 25.133760960013191, 0.0 ], [ 55.187603342894697, 25.133617717555804, 0.0 ], [ 55.187569965144, 25.133081697880701, 0.0 ], [ 55.195040585955198, 25.128035661812191, 0.0 ], [ 55.202007056466201, 25.123058922099997, 0.0 ], [ 55.176903062066003, 25.1053410096584, 0.0 ], [ 55.168595780552003, 25.112048343707599, 0.0 ], [ 55.168724504419799, 25.112174869136403, 0.0 ], [ 55.165677304276301, 25.114617858014196, 0.0 ], [ 55.166360683098802, 25.115178322732898, 0.0 ], [ 55.169301120202903, 25.1184404653531, 0.0 ], [ 55.172755969516302, 25.122741247429296, 0.0 ], [ 55.179167961281898, 25.129569452242603, 0.0 ], [ 55.178617227866503, 25.130007508119199, 0.0 ], [ 55.178723054560898, 25.130118024701503, 0.0 ], [ 55.1790825958822, 25.129835785029599, 0.0 ], [ 55.180422346545498, 25.131431421707696, 0.0 ] ] ] } },
{ "type": "Feature", "properties": { "id": "kml_187", "description": "<center><table><tr><th colspan='2' align='center'><em>Attributes</em></th></tr><tr bgcolor=\"#E3E3F3\">\n<th>OBJECTID</th>\n<td>182</td>\n</tr><tr bgcolor=\"\">\n<th>CNAME_E</th>\n<td>AL QUSAIS</td>\n</tr><tr bgcolor=\"#E3E3F3\">\n<th>CNAME_A</th>\n<td>القصيص</td>\n</tr><tr bgcolor=\"\">\n<th>LABEL_E</th>\n<td>AL QUSAIS</td>\n</tr><tr bgcolor=\"#E3E3F3\">\n<th>LABEL_A</th>\n<td>القصيص</td>\n</tr><tr bgcolor=\"\">\n<th>C_PREFIX_E</th>\n<td>Community:</td>\n</tr><tr bgcolor=\"#E3E3F3\">\n<th>C_PREFIX_A</th>\n<td>:???????</td>\n</tr><tr bgcolor=\"\">\n<th>COMMUNITY_E</th>\n<td>AL QUSAIS - 232</td>\n</tr><tr bgcolor=\"#E3E3F3\">\n<th>COMMUNITY_A</th>\n<td>القصيص - 232</td>\n</tr><tr bgcolor=\"\">\n<th>DGIS_ID</th>\n<td>0000016</td>\n</tr><tr bgcolor=\"#E3E3F3\">\n<th>COMM_NUM</th>\n<td>232</td>\n</tr><tr bgcolor=\"\">\n<th>NDGIS_ID</th>\n<td>16</td>\n</tr></table></center>", "COMM_NUM": 232, "CNAME_E": "AL QUSAIS", "population": 53248.0, "area_km2": 2.731428711, "pop_density": 19494.55967, "anomaly_morning_mean": 5.3162, "anomaly_morning_median": 5.5096, "anomaly_morning_std": 0.9852, "anomaly_morning_min": -0.141, "anomaly_morning_max": 7.5645, "anomaly_morning_count": 3034, "anomaly_morning_extreme_pct": 0.0, "anomaly_afternoon_mean": -0.488, "anomaly_afternoon_median": -0.2455, "anomaly_afternoon_std": 1.4729, "anomaly_afternoon_min": -12.4145, "anomaly_afternoon_max": 2.3168, "anomaly_afternoon_count": 3034, "anomaly_afternoon_extreme_pct": 0.0, "anomaly_night_mean": 1.2505, "anomaly_night_median": 1.2856, "anomaly_night_std": 1.1116, "anomaly_night_min": -1.8649, "anomaly_night_max": 3.4874, "anomaly_night_count": 3034, "anomaly_night_extreme_pct": 0.0138, "diurnal_range_mean": -1.7385, "diurnal_range_std": 1.8, "ndvi_mean": 0.0272, "green_fraction": 0.0082, "albedo_mean": 0.3701, "building_density_mean": 0.2126, "building_height_mean": 1.4701, "road_density_mean": 0.1053, "sand_fraction_mean": 0.2561, "water_fraction_mean": 0.0013, "dist_to_coast_mean": 3407.2301 }, "geometry": { "type": "Polygon", "coordinates": [ [ [ 55.373325097203399, 25.284392217254101, 0.0 ], [ 55.384730517722502, 25.277654442240088, 0.0 ], [ 55.377955855201307, 25.267934410188492, 0.0 ], [ 55.360485694822202, 25.278166405442093, 0.0 ], [ 55.361538450932606, 25.279682776424497, 0.0 ], [ 55.364081360684999, 25.284520813010094, 0.0 ], [ 55.365134261122009, 25.286208663381803, 0.0 ], [ 55.366634073743597, 25.2881581923419, 0.0 ], [ 55.373325097203399, 25.284392217254101, 0.0 ] ] ] } },
{ "type": "Feature", "properties": { "id": "kml_188", "description": "<center><table><tr><th colspan='2' align='center'><em>Attributes</em></th></tr><tr bgcolor=\"#E3E3F3\">\n<th>OBJECTID</th>\n<td>183</td>\n</tr><tr bgcolor=\"\">\n<th>CNAME_E</th>\n<td>OUD AL MUTEENA</td>\n</tr><tr bgcolor=\"#E3E3F3\">\n<th>CNAME_A</th>\n<td>عود المطينة</td>\n</tr><tr bgcolor=\"\">\n<th>LABEL_E</th>\n<td>OUD AL MUTEENA</td>\n</tr><tr bgcolor=\"#E3E3F3\">\n<th>LABEL_A</th>\n<td>عود المطينة</td>\n</tr><tr bgcolor=\"\">\n<th>C_PREFIX_E</th>\n<td>Community:</td>\n</tr><tr bgcolor=\"#E3E3F3\">\n<th>C_PREFIX_A</th>\n<td>:???????</td>\n</tr><tr bgcolor=\"\">\n<th>COMMUNITY_E</th>\n<td>OUD AL MUTEENA - 268</td>\n</tr><tr bgcolor=\"#E3E3F3\">\n<th>COMMUNITY_A</th>\n<td>عود المطينة - 268</td>\n</tr><tr bgcolor=\"\">\n<th>DGIS_ID</th>\n<td>0000023</td>\n</tr><tr bgcolor=\"#E3E3F3\">\n<th>COMM_NUM</th>\n<td>268</td>\n</tr><tr bgcolor=\"\">\n<th>NDGIS_ID</th>\n<td>23</td>\n</tr></table></center>", "COMM_NUM": 268, "CNAME_E": "OUD AL MUTEENA", "population": 7773.0, "area_km2": 1.3698034800009999, "pop_density": 5674.536613, "anomaly_morning_mean": 6.3069, "anomaly_morning_median": 6.5269, "anomaly_morning_std": 1.3733, "anomaly_morning_min": -1.1167, "anomaly_morning_max": 8.8322, "anomaly_morning_count": 1523, "anomaly_morning_extreme_pct": 0.0703, "anomaly_afternoon_mean": 0.1701, "anomaly_afternoon_median": 0.6203, "anomaly_afternoon_std": 1.4746, "anomaly_afternoon_min": -5.6865, "anomaly_afternoon_max": 2.5894, "anomaly_afternoon_count": 1523, "anomaly_afternoon_extreme_pct": 0.002, "anomaly_night_mean": -0.4545, "anomaly_night_median": -0.6971, "anomaly_night_std": 1.2828, "anomaly_night_min": -2.4369, "anomaly_night_max": 3.5976, "anomaly_night_count": 1523, "anomaly_night_extreme_pct": 0.0039, "diurnal_range_mean": 0.6246, "diurnal_range_std": 2.1667, "ndvi_mean": 0.0528, "green_fraction": 0.0164, "albedo_mean": 0.4121, "building_density_mean": 0.0815, "building_height_mean": 0.3717, "road_density_mean": 0.0499, "sand_fraction_mean": 0.7078, "water_fraction_mean": 0.0, "dist_to_coast_mean": 8504.1976 }, "geometry": { "type": "Polygon", "coordinates": [ [ [ 55.4610555727782, 25.2740694878364, 0.0 ], [ 55.460269542574103, 25.272418200655494, 0.0 ], [ 55.458393648287696, 25.272880185865201, 0.0 ], [ 55.457341254075402, 25.272844965289696, 0.0 ], [ 55.445991246654401, 25.270236195017496, 0.0 ], [ 55.444541729801898, 25.270156049956398, 0.0 ], [ 55.442794611150504, 25.270328871572101, 0.0 ], [ 55.4412363295232, 25.270745267372398, 0.0 ], [ 55.439291165683798, 25.271532037675396, 0.0 ], [ 55.443786760701997, 25.2806100375788, 0.0 ], [ 55.4610555727782, 25.2740694878364, 0.0 ] ] ] } },
{ "type": "Feature", "properties": { "id": "kml_189", "description": "<center><table><tr><th colspan='2' align='center'><em>Attributes</em></th></tr><tr bgcolor=\"#E3E3F3\">\n<th>OBJECTID</th>\n<td>184</td>\n</tr><tr bgcolor=\"\">\n<th>CNAME_E</th>\n<td>MADINAT DUBAI AL MELAHEYAH</td>\n</tr><tr bgcolor=\"#E3E3F3\">\n<th>CNAME_A</th>\n<td>مدينة دبي الملاحية</td>\n</tr><tr bgcolor=\"\">\n<th>LABEL_E</th>\n<td>MADINAT DUBAI AL MELAHEYAH</td>\n</tr><tr bgcolor=\"#E3E3F3\">\n<th>LABEL_A</th>\n<td>مدينة دبي الملاحية</td>\n</tr><tr bgcolor=\"\">\n<th>C_PREFIX_E</th>\n<td>Community:</td>\n</tr><tr bgcolor=\"#E3E3F3\">\n<th>C_PREFIX_A</th>\n<td>:???????</td>\n</tr><tr bgcolor=\"\">\n<th>COMMUNITY_E</th>\n<td>MADINAT DUBAI AL MELAHEYAH - 321</td>\n</tr><tr bgcolor=\"#E3E3F3\">\n<th>COMMUNITY_A</th>\n<td>مدينة دبي الملاحية - 321</td>\n</tr><tr bgcolor=\"\">\n<th>DGIS_ID</th>\n<td>0000014</td>\n</tr><tr bgcolor=\"#E3E3F3\">\n<th>COMM_NUM</th>\n<td>321</td>\n</tr><tr bgcolor=\"\">\n<th>NDGIS_ID</th>\n<td>14</td>\n</tr></table></center>", "COMM_NUM": 321, "CNAME_E": "MADINAT DUBAI AL MELAHEYAH", "population": 11089.0, "area_km2": 22.632530133545, "pop_density": 489.9584772, "anomaly_morning_mean": -7.9742, "anomaly_morning_median": -11.5809, "anomaly_morning_std": 6.5917, "anomaly_morning_min": -14.1089, "anomaly_morning_max": 7.0819, "anomaly_morning_count": 25139, "anomaly_morning_extreme_pct": 0.0, "anomaly_afternoon_mean": -9.0496, "anomaly_afternoon_median": -12.2131, "anomaly_afternoon_std": 5.8133, "anomaly_afternoon_min": -14.0146, "anomaly_afternoon_max": 1.5765, "anomaly_afternoon_count": 25139, "anomaly_afternoon_extreme_pct": 0.0, "anomaly_night_mean": 2.8258, "anomaly_night_median": 3.2011, "anomaly_night_std": 0.7967, "anomaly_night_min": -1.6167, "anomaly_night_max": 4.4706, "anomaly_night_count": 25139, "anomaly_night_extreme_pct": 0.2545, "diurnal_range_mean": -11.8754, "diurnal_range_std": 6.2147, "ndvi_mean": -0.0052, "green_fraction": 0.0012, "albedo_mean": 0.2156, "building_density_mean": 0.0333, "building_height_mean": 0.4088, "road_density_mean": 0.0257, "sand_fraction_mean": 0.0066, "water_fraction_mean": 0.6833, "dist_to_coast_mean": 68.1368 }, "geometry": { "type": "Polygon", "coordinates": [ [ [ 55.284332249017098, 25.260837669384895, 0.0 ], [ 55.285068127288902, 25.257588142447602, 0.0 ], [ 55.284989089121098, 25.256640255275698, 0.0 ], [ 55.284493264537304, 25.255376297906199, 0.0 ], [ 55.278600509266703, 25.247376166813002, 0.0 ], [ 55.275010429598801, 25.240929377616801, 0.0 ], [ 55.2723315344303, 25.239041614190398, 0.0 ], [ 55.269602066338301, 25.240462595569095, 0.0 ], [ 55.270934246291603, 25.242312725626995, 0.0 ], [ 55.2694500400872, 25.243159833781206, 0.0 ], [ 55.265909949491501, 25.244384169388795, 0.0 ], [ 55.259619464435502, 25.248044617627603, 0.0 ], [ 55.259446106309802, 25.2478186259995, 0.0 ], [ 55.252079467216298, 25.252202024769705, 0.0 ], [ 55.250986840048, 25.253109895526094, 0.0 ], [ 55.250197828347403, 25.254114736601192, 0.0 ], [ 55.2493799173456, 25.255437637978002, 0.0 ], [ 55.248870793793003, 25.257107309332202, 0.0 ], [ 55.248670602309197, 25.259127545128102, 0.0 ], [ 55.250415448300501, 25.286223005537096, 0.0 ], [ 55.261645631907903, 25.285521791313496, 0.0 ], [ 55.254656172748199, 25.307827114336501, 0.0 ], [ 55.272115425415798, 25.309485821536999, 0.0 ], [ 55.288442428818399, 25.286829470304305, 0.0 ], [ 55.290670558480002, 25.2840780459671, 0.0 ], [ 55.291453857767806, 25.282419229981599, 0.0 ], [ 55.291249824827403, 25.282270043672895, 0.0 ], [ 55.291830119602899, 25.281123978523198, 0.0 ], [ 55.2931619679769, 25.276791320591894, 0.0 ], [ 55.293324914645801, 25.27677798663299, 0.0 ], [ 55.2937358055269, 25.275490908237099, 0.0 ], [ 55.293574456606002, 25.275450811425497, 0.0 ], [ 55.294247833625398, 25.272594813998097, 0.0 ], [ 55.292478558471899, 25.271925502283299, 0.0 ], [ 55.290433837448703, 25.270688184858898, 0.0 ], [ 55.286912640284598, 25.265924439667003, 0.0 ], [ 55.284934056961802, 25.262751607525203, 0.0 ], [ 55.284014515987998, 25.260963934805591, 0.0 ], [ 55.284332249017098, 25.260837669384895, 0.0 ] ] ] } },
{ "type": "Feature", "properties": { "id": "kml_190", "description": "<center><table><tr><th colspan='2' align='center'><em>Attributes</em></th></tr><tr bgcolor=\"#E3E3F3\">\n<th>OBJECTID</th>\n<td>185</td>\n</tr><tr bgcolor=\"\">\n<th>CNAME_E</th>\n<td>AL SHINDAGHA</td>\n</tr><tr bgcolor=\"#E3E3F3\">\n<th>CNAME_A</th>\n<td>الشندغة</td>\n</tr><tr bgcolor=\"\">\n<th>LABEL_E</th>\n<td>AL SHINDAGHA</td>\n</tr><tr bgcolor=\"#E3E3F3\">\n<th>LABEL_A</th>\n<td>الشندغة</td>\n</tr><tr bgcolor=\"\">\n<th>C_PREFIX_E</th>\n<td>Community:</td>\n</tr><tr bgcolor=\"#E3E3F3\">\n<th>C_PREFIX_A</th>\n<td>:???????</td>\n</tr><tr bgcolor=\"\">\n<th>COMMUNITY_E</th>\n<td>AL SHINDAGHA - 311</td>\n</tr><tr bgcolor=\"#E3E3F3\">\n<th>COMMUNITY_A</th>\n<td>الشندغة - 311</td>\n</tr><tr bgcolor=\"\">\n<th>DGIS_ID</th>\n<td>0000035</td>\n</tr><tr bgcolor=\"#E3E3F3\">\n<th>COMM_NUM</th>\n<td>311</td>\n</tr><tr bgcolor=\"\">\n<th>NDGIS_ID</th>\n<td>35</td>\n</tr></table></center>", "COMM_NUM": 311, "CNAME_E": "AL SHINDAGHA", "population": 7.0, "area_km2": 0.31203968341400001, "pop_density": 22.43304417, "anomaly_morning_mean": 2.3226, "anomaly_morning_median": 2.6478, "anomaly_morning_std": 1.8646, "anomaly_morning_min": -4.5441, "anomaly_morning_max": 5.8492, "anomaly_morning_count": 350, "anomaly_morning_extreme_pct": 0.0, "anomaly_afternoon_mean": -1.7933, "anomaly_afternoon_median": -1.4808, "anomaly_afternoon_std": 1.75, "anomaly_afternoon_min": -11.5734, "anomaly_afternoon_max": 1.2339, "anomaly_afternoon_count": 350, "anomaly_afternoon_extreme_pct": 0.0, "anomaly_night_mean": 1.7262, "anomaly_night_median": 1.6829, "anomaly_night_std": 0.67, "anomaly_night_min": 0.119, "anomaly_night_max": 3.5146, "anomaly_night_count": 350, "anomaly_night_extreme_pct": 0.0057, "diurnal_range_mean": -3.5195, "diurnal_range_std": 1.5015, "ndvi_mean": 0.0408, "green_fraction": 0.0229, "albedo_mean": 0.3436, "building_density_mean": 0.2177, "building_height_mean": 1.336, "road_density_mean": 0.1508, "sand_fraction_mean": 0.0286, "water_fraction_mean": 0.0086, "dist_to_coast_mean": 346.7122 }, "geometry": { "type": "Polygon", "coordinates": [ [ [ 55.294394490357909, 25.272278060847896, 0.0 ], [ 55.294347793983, 25.271580782639802, 0.0 ], [ 55.293944744420401, 25.270996456667799, 0.0 ], [ 55.292706778437399, 25.270319157185398, 0.0 ], [ 55.292206325549301, 25.269919290780699, 0.0 ], [ 55.292350561948602, 25.269765307413294, 0.0 ], [ 55.291938259970202, 25.269445982187097, 0.0 ], [ 55.291799439693698, 25.269594179150705, 0.0 ], [ 55.291688849701004, 25.269505816200898, 0.0 ], [ 55.290711319446807, 25.268324307429893, 0.0 ], [ 55.2904072834489, 25.267462640870303, 0.0 ], [ 55.290396104034301, 25.266506156593501, 0.0 ], [ 55.290503825637401, 25.265942180333603, 0.0 ], [ 55.291088088387902, 25.265804558200497, 0.0 ], [ 55.290563111718299, 25.2654041520241, 0.0 ], [ 55.290565094952697, 25.265183835851296, 0.0 ], [ 55.288619484466103, 25.264070743679198, 0.0 ], [ 55.284332229170403, 25.260837651324, 0.0 ], [ 55.284014515987998, 25.260963934805591, 0.0 ], [ 55.284934056961802, 25.262751607525203, 0.0 ], [ 55.286912640284598, 25.265924439667003, 0.0 ], [ 55.290433837448703, 25.270688184858898, 0.0 ], [ 55.292478538622198, 25.271925484223495, 0.0 ], [ 55.294247833625398, 25.272594813998097, 0.0 ], [ 55.294394490357909, 25.272278060847896, 0.0 ] ] ] } },
{ "type": "Feature", "properties": { "id": "kml_191", "description": "<center><table><tr><th colspan='2' align='center'><em>Attributes</em></th></tr><tr bgcolor=\"#E3E3F3\">\n<th>OBJECTID</th>\n<td>186</td>\n</tr><tr bgcolor=\"\">\n<th>CNAME_E</th>\n<td>NADD AL SHIBA SECOND</td>\n</tr><tr bgcolor=\"#E3E3F3\">\n<th>CNAME_A</th>\n<td>ند الشبا الثانية</td>\n</tr><tr bgcolor=\"\">\n<th>LABEL_E</th>\n<td>NADD AL SHIBA SECOND</td>\n</tr><tr bgcolor=\"#E3E3F3\">\n<th>LABEL_A</th>\n<td>ند الشبا الثانية</td>\n</tr><tr bgcolor=\"\">\n<th>C_PREFIX_E</th>\n<td>Community:</td>\n</tr><tr bgcolor=\"#E3E3F3\">\n<th>C_PREFIX_A</th>\n<td>:???????</td>\n</tr><tr bgcolor=\"\">\n<th>COMMUNITY_E</th>\n<td>NADD AL SHIBA SECOND - 615</td>\n</tr><tr bgcolor=\"#E3E3F3\">\n<th>COMMUNITY_A</th>\n<td>ند الشبا الثانية - 615</td>\n</tr><tr bgcolor=\"\">\n<th>DGIS_ID</th>\n<td>0000100</td>\n</tr><tr bgcolor=\"#E3E3F3\">\n<th>COMM_NUM</th>\n<td>615</td>\n</tr><tr bgcolor=\"\">\n<th>NDGIS_ID</th>\n<td>100</td>\n</tr></table></center>", "COMM_NUM": 615, "CNAME_E": "NADD AL SHIBA SECOND", "population": 2833.0, "area_km2": 7.486459440999, "pop_density": 378.4165295, "anomaly_morning_mean": 5.38, "anomaly_morning_median": 5.824, "anomaly_morning_std": 2.167, "anomaly_morning_min": -5.1374, "anomaly_morning_max": 9.28, "anomaly_morning_count": 8317, "anomaly_morning_extreme_pct": 0.0462, "anomaly_afternoon_mean": -0.3228, "anomaly_afternoon_median": 1.3105, "anomaly_afternoon_std": 3.0962, "anomaly_afternoon_min": -15.4211, "anomaly_afternoon_max": 3.5262, "anomaly_afternoon_count": 8317, "anomaly_afternoon_extreme_pct": 0.0809, "anomaly_night_mean": -0.2965, "anomaly_night_median": -0.4059, "anomaly_night_std": 1.0344, "anomaly_night_min": -2.2847, "anomaly_night_max": 3.8552, "anomaly_night_count": 8317, "anomaly_night_extreme_pct": 0.0018, "diurnal_range_mean": -0.0263, "diurnal_range_std": 3.5959, "ndvi_mean": 0.0753, "green_fraction": 0.0848, "albedo_mean": 0.4104, "building_density_mean": 0.0576, "building_height_mean": 0.3381, "road_density_mean": 0.0693, "sand_fraction_mean": 0.5653, "water_fraction_mean": 0.0108, "dist_to_coast_mean": 11833.9218 }, "geometry": { "type": "Polygon", "coordinates": [ [ [ 55.329443181302402, 25.169715993620297, 0.0 ], [ 55.361334347812303, 25.168837750997298, 0.0 ], [ 55.365857413708198, 25.168015344432693, 0.0 ], [ 55.3639512405205, 25.1614258374983, 0.0 ], [ 55.361697404015104, 25.151694869120298, 0.0 ], [ 55.360566484619, 25.150539587563102, 0.0 ], [ 55.346372905714702, 25.142010707905193, 0.0 ], [ 55.3259515806064, 25.1681812150279, 0.0 ], [ 55.327211311744499, 25.169111090803, 0.0 ], [ 55.328530597159002, 25.169589584997102, 0.0 ], [ 55.329443181302402, 25.169715993620297, 0.0 ] ] ] } },
{ "type": "Feature", "properties": { "id": "kml_193", "description": "<center><table><tr><th colspan='2' align='center'><em>Attributes</em></th></tr><tr bgcolor=\"#E3E3F3\">\n<th>OBJECTID</th>\n<td>188</td>\n</tr><tr bgcolor=\"\">\n<th>CNAME_E</th>\n<td>NAKHLAT DEIRA</td>\n</tr><tr bgcolor=\"#E3E3F3\">\n<th>CNAME_A</th>\n<td>نخلة ديره</td>\n</tr><tr bgcolor=\"\">\n<th>LABEL_E</th>\n<td>NAKHLAT DEIRA</td>\n</tr><tr bgcolor=\"#E3E3F3\">\n<th>LABEL_A</th>\n<td>نخلة ديره</td>\n</tr><tr bgcolor=\"\">\n<th>C_PREFIX_E</th>\n<td>Community:</td>\n</tr><tr bgcolor=\"#E3E3F3\">\n<th>C_PREFIX_A</th>\n<td>:???????</td>\n</tr><tr bgcolor=\"\">\n<th>COMMUNITY_E</th>\n<td>NAKHLAT DEIRA - 101</td>\n</tr><tr bgcolor=\"#E3E3F3\">\n<th>COMMUNITY_A</th>\n<td>نخلة ديره - 101</td>\n</tr><tr bgcolor=\"\">\n<th>DGIS_ID</th>\n<td>0000245</td>\n</tr><tr bgcolor=\"#E3E3F3\">\n<th>COMM_NUM</th>\n<td>101</td>\n</tr><tr bgcolor=\"\">\n<th>NDGIS_ID</th>\n<td>245</td>\n</tr></table></center>", "COMM_NUM": 101, "CNAME_E": "NAKHLAT DEIRA", "population": 2.0, "area_km2": 99.617653635015998, "pop_density": 0.02007676277, "anomaly_morning_mean": -10.277, "anomaly_morning_median": -13.5234, "anomaly_morning_std": 6.2885, "anomaly_morning_min": -14.2915, "anomaly_morning_max": 6.2196, "anomaly_morning_count": 110397, "anomaly_morning_extreme_pct": 0.0, "anomaly_afternoon_mean": -10.9494, "anomaly_afternoon_median": -13.699, "anomaly_afternoon_std": 5.0256, "anomaly_afternoon_min": -14.0488, "anomaly_afternoon_max": 1.6409, "anomaly_afternoon_count": 110397, "anomaly_afternoon_extreme_pct": 0.0, "anomaly_night_mean": 2.4933, "anomaly_night_median": 3.2238, "anomaly_night_std": 1.2659, "anomaly_night_min": -2.7612, "anomaly_night_max": 4.4776, "anomaly_night_count": 110397, "anomaly_night_extreme_pct": 0.0533, "diurnal_range_mean": -13.4427, "diurnal_range_std": 6.0648, "ndvi_mean": -0.0091, "green_fraction": 0.0002, "albedo_mean": 0.2087, "building_density_mean": 0.0051, "building_height_mean": 0.0313, "road_density_mean": 0.0051, "sand_fraction_mean": 0.0383, "water_fraction_mean": 0.8002, "dist_to_coast_mean": 55.3048 }, "geometry": { "type": "Polygon", "coordinates": [ [ [ 55.334927897417501, 25.307008586956997, 0.0 ], [ 55.324907935108897, 25.295250125187305, 0.0 ], [ 55.325600670934698, 25.294826980759002, 0.0 ], [ 55.325318385483001, 25.294580019777197, 0.0 ], [ 55.324955840198598, 25.294902980980901, 0.0 ], [ 55.318019084287499, 25.289325069680196, 0.0 ], [ 55.310854568750003, 25.2845113918852, 0.0 ], [ 55.302460346233097, 25.279639039631597, 0.0 ], [ 55.299047406443599, 25.277862756174098, 0.0 ], [ 55.294913386460301, 25.275980219805401, 0.0 ], [ 55.292779949043897, 25.282406375644698, 0.0 ], [ 55.292131112194099, 25.283953554875705, 0.0 ], [ 55.290249946609805, 25.286064192697697, 0.0 ], [ 55.289414090044602, 25.288583878077802, 0.0 ], [ 55.2871530272431, 25.293552032255199, 0.0 ], [ 55.285262385931105, 25.298197297330798, 0.0 ], [ 55.283292111417097, 25.301285710825397, 0.0 ], [ 55.282480660715599, 25.302288940940198, 0.0 ], [ 55.277849244261297, 25.306511848520199, 0.0 ], [ 55.277146011975098, 25.3067110992693, 0.0 ], [ 55.276025301034203, 25.306276888560198, 0.0 ], [ 55.275283002338298, 25.3064085563982, 0.0 ], [ 55.273744477344003, 25.307584083873294, 0.0 ], [ 55.272572260118999, 25.309280140733005, 0.0 ], [ 55.271686909995502, 25.3101667669427, 0.0 ], [ 55.270721804233602, 25.310795548986498, 0.0 ], [ 55.269558551178498, 25.311164032998697, 0.0 ], [ 55.268152465039599, 25.311164131211694, 0.0 ], [ 55.264375154425203, 25.310200142383998, 0.0 ], [ 55.260512095606401, 25.309577383169696, 0.0 ], [ 55.2571608533259, 25.309319825847094, 0.0 ], [ 55.253237620829601, 25.309344178144599, 0.0 ], [ 55.249890557829197, 25.309643303361096, 0.0 ], [ 55.246037221242801, 25.310313951930997, 0.0 ], [ 55.2428052749042, 25.311159854652598, 0.0 ], [ 55.238409428094201, 25.312681251218194, 0.0 ], [ 55.234122363092702, 25.314440642738798, 0.0 ], [ 55.229959647325209, 25.316431622101597, 0.0 ], [ 55.225936395326201, 25.318646970884597, 0.0 ], [ 55.222700805370899, 25.3206586908736, 0.0 ], [ 55.218970842896397, 25.3232639106619, 0.0 ], [ 55.213938918807401, 25.327160084246, 0.0 ], [ 55.210225876482603, 25.330350317613195, 0.0 ], [ 55.207278029774898, 25.333143100033691, 0.0 ], [ 55.201805690509097, 25.339071483864501, 0.0 ], [ 55.197241933832203, 25.344985334849298, 0.0 ], [ 55.194045521396504, 25.350257919868199, 0.0 ], [ 55.192457623487698, 25.353570431976095, 0.0 ], [ 55.191330497482298, 25.3564020221114, 0.0 ], [ 55.1902189706624, 25.359871105906297, 0.0 ], [ 55.189497212223003, 25.362809934578898, 0.0 ], [ 55.189078170466701, 25.365382161358699, 0.0 ], [ 55.188874204897097, 25.367873236755997, 0.0 ], [ 55.188876393941499, 25.3708705315182, 0.0 ], [ 55.189147923853, 25.373857662993299, 0.0 ], [ 55.189578706706506, 25.376324767448896, 0.0 ], [ 55.190338085615309, 25.379241589704801, 0.0 ], [ 55.19330874661221, 25.381464763222699, 0.0 ], [ 55.196971020663803, 25.383677361709395, 0.0 ], [ 55.200376655884, 25.385306520369497, 0.0 ], [ 55.204457176584505, 25.386797827126397, 0.0 ], [ 55.208710434114998, 25.3878680489013, 0.0 ], [ 55.2132704539599, 25.3886474765327, 0.0 ], [ 55.217885053458197, 25.389088419874302, 0.0 ], [ 55.221860828538901, 25.389194709974504, 0.0 ], [ 55.226495993832501, 25.389001053909201, 0.0 ], [ 55.232198249960597, 25.388366099689996, 0.0 ], [ 55.236761575232201, 25.387604895291197, 0.0 ], [ 55.242011841599201, 25.386409859654997, 0.0 ], [ 55.2471591584669, 25.384889667031896, 0.0 ], [ 55.251470694941702, 25.383333282750201, 0.0 ], [ 55.255673697540097, 25.38154870111849, 0.0 ], [ 55.260424717253102, 25.379241751750996, 0.0 ], [ 55.264357642580201, 25.377142204077199, 0.0 ], [ 55.268139140495499, 25.374824480966005, 0.0 ], [ 55.271164125994297, 25.372732830099796, 0.0 ], [ 55.274630422272502, 25.370039018901394, 0.0 ], [ 55.279494508681502, 25.365795331575193, 0.0 ], [ 55.2817190100901, 25.363613888352102, 0.0 ], [ 55.2840555292955, 25.360870190268699, 0.0 ], [ 55.286093205613703, 25.357936438460097, 0.0 ], [ 55.294879313451197, 25.357914360472392, 0.0 ], [ 55.331572075172502, 25.328234294984895, 0.0 ], [ 55.338056159088801, 25.328279744364501, 0.0 ], [ 55.3395980621546, 25.327725036009198, 0.0 ], [ 55.341260947577503, 25.326568722270803, 0.0 ], [ 55.342367328422803, 25.325126320381301, 0.0 ], [ 55.343070981995901, 25.323117857562394, 0.0 ], [ 55.343399124845199, 25.320702168891497, 0.0 ], [ 55.34323302863281, 25.318302535811103, 0.0 ], [ 55.342748175624209, 25.318289189426494, 0.0 ], [ 55.342891454017, 25.317970650238099, 0.0 ], [ 55.3426990206762, 25.317470886642397, 0.0 ], [ 55.339695834659203, 25.313051516294198, 0.0 ], [ 55.339266753276398, 25.312764625918696, 0.0 ], [ 55.339068901938603, 25.312922237861393, 0.0 ], [ 55.338812582842998, 25.312808406871699, 0.0 ], [ 55.3391981626229, 25.311815510428904, 0.0 ], [ 55.339209869328897, 25.310949449961196, 0.0 ], [ 55.337146847889898, 25.307778215307394, 0.0 ], [ 55.336076577676501, 25.3063237342996, 0.0 ], [ 55.334927897417501, 25.307008586956997, 0.0 ] ] ] } },
{ "type": "Feature", "properties": { "id": "kml_194", "description": "<center><table><tr><th colspan='2' align='center'><em>Attributes</em></th></tr><tr bgcolor=\"#E3E3F3\">\n<th>OBJECTID</th>\n<td>158</td>\n</tr><tr bgcolor=\"\">\n<th>CNAME_E</th>\n<td>WADI AL SAFA 2</td>\n</tr><tr bgcolor=\"#E3E3F3\">\n<th>CNAME_A</th>\n<td>وادي الصفا 2</td>\n</tr><tr bgcolor=\"\">\n<th>LABEL_E</th>\n<td>WADI AL SAFA 2</td>\n</tr><tr bgcolor=\"#E3E3F3\">\n<th>LABEL_A</th>\n<td>وادي الصفا 2</td>\n</tr><tr bgcolor=\"\">\n<th>C_PREFIX_E</th>\n<td>Community:</td>\n</tr><tr bgcolor=\"#E3E3F3\">\n<th>C_PREFIX_A</th>\n<td>:???????</td>\n</tr><tr bgcolor=\"\">\n<th>COMMUNITY_E</th>\n<td>WADI AL SAFA 2 - 643</td>\n</tr><tr bgcolor=\"#E3E3F3\">\n<th>COMMUNITY_A</th>\n<td>وادي الصفا 2 - 643</td>\n</tr><tr bgcolor=\"\">\n<th>DGIS_ID</th>\n<td>0000236</td>\n</tr><tr bgcolor=\"#E3E3F3\">\n<th>COMM_NUM</th>\n<td>643</td>\n</tr><tr bgcolor=\"\">\n<th>NDGIS_ID</th>\n<td>236</td>\n</tr></table></center>", "COMM_NUM": 643, "CNAME_E": "WADI AL SAFA 2", "population": 14560.0, "area_km2": 10.531420091540999, "pop_density": 1382.529599, "anomaly_morning_mean": 7.3079, "anomaly_morning_median": 7.5968, "anomaly_morning_std": 1.2416, "anomaly_morning_min": 2.0835, "anomaly_morning_max": 9.2748, "anomaly_morning_count": 11700, "anomaly_morning_extreme_pct": 0.3251, "anomaly_afternoon_mean": 1.8963, "anomaly_afternoon_median": 2.6343, "anomaly_afternoon_std": 2.0299, "anomaly_afternoon_min": -15.9131, "anomaly_afternoon_max": 4.1567, "anomaly_afternoon_count": 11700, "anomaly_afternoon_extreme_pct": 0.6619, "anomaly_night_mean": -0.3009, "anomaly_night_median": -0.8644, "anomaly_night_std": 1.3534, "anomaly_night_min": -2.4444, "anomaly_night_max": 3.9487, "anomaly_night_count": 11700, "anomaly_night_extreme_pct": 0.0025, "diurnal_range_mean": 2.1972, "diurnal_range_std": 3.0642, "ndvi_mean": 0.05, "green_fraction": 0.0114, "albedo_mean": 0.4213, "building_density_mean": 0.045, "building_height_mean": 0.3183, "road_density_mean": 0.0731, "sand_fraction_mean": 0.761, "water_fraction_mean": 0.0008, "dist_to_coast_mean": 15883.7949 }, "geometry": { "type": "Polygon", "coordinates": [ [ [ 55.364943801652203, 25.119900969251201, 0.0 ], [ 55.3789238812899, 25.103402217157598, 0.0 ], [ 55.360062665513802, 25.092860927192298, 0.0 ], [ 55.337384777831801, 25.079547901360698, 0.0 ], [ 55.335100738269801, 25.082775659224492, 0.0 ], [ 55.333208829934499, 25.084363513328096, 0.0 ], [ 55.333780612407203, 25.087135594096793, 0.0 ], [ 55.333856097979798, 25.089217766399699, 0.0 ], [ 55.333109243423905, 25.091939780944895, 0.0 ], [ 55.330900319117397, 25.097896937074299, 0.0 ], [ 55.342342021449902, 25.1077759678404, 0.0 ], [ 55.345574401686001, 25.110151752123997, 0.0 ], [ 55.349708450426597, 25.112218019325198, 0.0 ], [ 55.356423382790901, 25.115229910571905, 0.0 ], [ 55.3618750546621, 25.1179799611755, 0.0 ], [ 55.364943801652203, 25.119900969251201, 0.0 ] ] ] } },
{ "type": "Feature", "properties": { "id": "kml_195", "description": "<center><table><tr><th colspan='2' align='center'><em>Attributes</em></th></tr><tr bgcolor=\"#E3E3F3\">\n<th>OBJECTID</th>\n<td>159</td>\n</tr><tr bgcolor=\"\">\n<th>CNAME_E</th>\n<td>NADD AL SHIBA FOURTH</td>\n</tr><tr bgcolor=\"#E3E3F3\">\n<th>CNAME_A</th>\n<td>ند الشبا الرابعة</td>\n</tr><tr bgcolor=\"\">\n<th>LABEL_E</th>\n<td>NADD AL SHIBA FOURTH</td>\n</tr><tr bgcolor=\"#E3E3F3\">\n<th>LABEL_A</th>\n<td>ند الشبا الرابعة</td>\n</tr><tr bgcolor=\"\">\n<th>C_PREFIX_E</th>\n<td>Community:</td>\n</tr><tr bgcolor=\"#E3E3F3\">\n<th>C_PREFIX_A</th>\n<td>:???????</td>\n</tr><tr bgcolor=\"\">\n<th>COMMUNITY_E</th>\n<td>NADD AL SHIBA FOURTH - 617</td>\n</tr><tr bgcolor=\"#E3E3F3\">\n<th>COMMUNITY_A</th>\n<td>ند الشبا الرابعة - 617</td>\n</tr><tr bgcolor=\"\">\n<th>DGIS_ID</th>\n<td>0000111</td>\n</tr><tr bgcolor=\"#E3E3F3\">\n<th>COMM_NUM</th>\n<td>617</td>\n</tr><tr bgcolor=\"\">\n<th>NDGIS_ID</th>\n<td>111</td>\n</tr></table></center>", "COMM_NUM": 617, "CNAME_E": "NADD AL SHIBA FOURTH", "population": 4256.0, "area_km2": 6.1693416421010001, "pop_density": 689.8629136, "anomaly_morning_mean": 6.0413, "anomaly_morning_median": 6.0544, "anomaly_morning_std": 0.9863, "anomaly_morning_min": 1.2421, "anomaly_morning_max": 8.7624, "anomaly_morning_count": 6857, "anomaly_morning_extreme_pct": 0.0191, "anomaly_afternoon_mean": 0.5859, "anomaly_afternoon_median": 2.0896, "anomaly_afternoon_std": 2.4394, "anomaly_afternoon_min": -5.3443, "anomaly_afternoon_max": 3.7904, "anomaly_afternoon_count": 6857, "anomaly_afternoon_extreme_pct": 0.4312, "anomaly_night_mean": 0.7059, "anomaly_night_median": 0.6916, "anomaly_night_std": 1.0616, "anomaly_night_min": -1.738, "anomaly_night_max": 3.2107, "anomaly_night_count": 6857, "anomaly_night_extreme_pct": 0.0, "diurnal_range_mean": -0.12, "diurnal_range_std": 3.1418, "ndvi_mean": 0.0566, "green_fraction": 0.0211, "albedo_mean": 0.3979, "building_density_mean": 0.1138, "building_height_mean": 0.8697, "road_density_mean": 0.1163, "sand_fraction_mean": 0.5357, "water_fraction_mean": 0.0, "dist_to_coast_mean": 14555.8874 }, "geometry": { "type": "Polygon", "coordinates": [ [ [ 55.370016190083099, 25.143342790565502, 0.0 ], [ 55.381974755583798, 25.138690284082095, 0.0 ], [ 55.380466231876206, 25.135738840912602, 0.0 ], [ 55.379017498467199, 25.133374138262898, 0.0 ], [ 55.375614570767098, 25.128933707383897, 0.0 ], [ 55.373263619912102, 25.126478927508792, 0.0 ], [ 55.371071563762598, 25.1245025174332, 0.0 ], [ 55.367590287875103, 25.121650726839597, 0.0 ], [ 55.364943801652203, 25.119900969251201, 0.0 ], [ 55.348554380026599, 25.139230097795799, 0.0 ], [ 55.346372905714702, 25.142010707905193, 0.0 ], [ 55.360566484619, 25.150539587563102, 0.0 ], [ 55.361538656377199, 25.151442135180591, 0.0 ], [ 55.366753919206509, 25.145401787581598, 0.0 ], [ 55.3683403854983, 25.144182735305495, 0.0 ], [ 55.370016190083099, 25.143342790565502, 0.0 ] ] ] } },
{ "type": "Feature", "properties": { "id": "kml_196", "description": "<center><table><tr><th colspan='2' align='center'><em>Attributes</em></th></tr><tr bgcolor=\"#E3E3F3\">\n<th>OBJECTID</th>\n<td>160</td>\n</tr><tr bgcolor=\"\">\n<th>CNAME_E</th>\n<td>WORLD ISLANDS</td>\n</tr><tr bgcolor=\"#E3E3F3\">\n<th>CNAME_A</th>\n<td>جزر العالم</td>\n</tr><tr bgcolor=\"\">\n<th>LABEL_E</th>\n<td>WORLD ISLANDS</td>\n</tr><tr bgcolor=\"#E3E3F3\">\n<th>LABEL_A</th>\n<td>جزر العالم</td>\n</tr><tr bgcolor=\"\">\n<th>C_PREFIX_E</th>\n<td>Community:</td>\n</tr><tr bgcolor=\"#E3E3F3\">\n<th>C_PREFIX_A</th>\n<td>:???????</td>\n</tr><tr bgcolor=\"\">\n<th>COMMUNITY_E</th>\n<td>WORLD ISLANDS - 303</td>\n</tr><tr bgcolor=\"#E3E3F3\">\n<th>COMMUNITY_A</th>\n<td>جزر العالم - 303</td>\n</tr><tr bgcolor=\"\">\n<th>DGIS_ID</th>\n<td>0000249</td>\n</tr><tr bgcolor=\"#E3E3F3\">\n<th>COMM_NUM</th>\n<td>303</td>\n</tr><tr bgcolor=\"\">\n<th>NDGIS_ID</th>\n<td>249</td>\n</tr></table></center>", "COMM_NUM": 303, "CNAME_E": "WORLD ISLANDS", "population": 7.0, "area_km2": 74.099957517069996, "pop_density": 0.09446699073000001, "anomaly_morning_mean": -11.5958, "anomaly_morning_median": -12.9607, "anomaly_morning_std": 3.0092, "anomaly_morning_min": -14.3861, "anomaly_morning_max": 3.8986, "anomaly_morning_count": 82305, "anomaly_morning_extreme_pct": 0.0, "anomaly_afternoon_mean": -10.9524, "anomaly_afternoon_median": -13.1159, "anomaly_afternoon_std": 4.7124, "anomaly_afternoon_min": -14.0325, "anomaly_afternoon_max": 1.4891, "anomaly_afternoon_count": 82305, "anomaly_afternoon_extreme_pct": 0.0, "anomaly_night_mean": 2.3697, "anomaly_night_median": 3.0969, "anomaly_night_std": 1.306, "anomaly_night_min": -2.254, "anomaly_night_max": 4.5414, "anomaly_night_count": 82305, "anomaly_night_extreme_pct": 0.2277, "diurnal_range_mean": -13.322, "diurnal_range_std": 5.5967, "ndvi_mean": -0.0156, "green_fraction": 0.0002, "albedo_mean": 0.1872, "building_density_mean": 0.001, "building_height_mean": 0.0036, "road_density_mean": 0.0, "sand_fraction_mean": 0.0762, "water_fraction_mean": 0.8361, "dist_to_coast_mean": 9.7078 }, "geometry": { "type": "Polygon", "coordinates": [ [ [ 55.122084087484602, 25.273037620952099, 0.0 ], [ 55.195268388885196, 25.268231626226797, 0.0 ], [ 55.209377321277998, 25.241653198204297, 0.0 ], [ 55.205301902539702, 25.223602317946693, 0.0 ], [ 55.200058612519797, 25.210818165197498, 0.0 ], [ 55.193858362179903, 25.2013419714253, 0.0 ], [ 55.185738523305901, 25.193820943428896, 0.0 ], [ 55.174651754336601, 25.186765882966597, 0.0 ], [ 55.154403318755108, 25.182047062044301, 0.0 ], [ 55.139331429749902, 25.185462910779702, 0.0 ], [ 55.124452859955298, 25.194895877155499, 0.0 ], [ 55.118830175769403, 25.210497931989003, 0.0 ], [ 55.122084087484602, 25.273037620952099, 0.0 ] ] ] } },
{ "type": "Feature", "properties": { "id": "kml_197", "description": "<center><table><tr><th colspan='2' align='center'><em>Attributes</em></th></tr><tr bgcolor=\"#E3E3F3\">\n<th>OBJECTID</th>\n<td>161</td>\n</tr><tr bgcolor=\"\">\n<th>CNAME_E</th>\n<td>JUMEIRA ISLAND 2</td>\n</tr><tr bgcolor=\"#E3E3F3\">\n<th>CNAME_A</th>\n<td>جزيرة جميرا الثانية</td>\n</tr><tr bgcolor=\"\">\n<th>LABEL_E</th>\n<td>JUMEIRA ISLAND 2</td>\n</tr><tr bgcolor=\"#E3E3F3\">\n<th>LABEL_A</th>\n<td>جزيرة جميرا الثانية</td>\n</tr><tr bgcolor=\"\">\n<th>C_PREFIX_E</th>\n<td>Community:</td>\n</tr><tr bgcolor=\"#E3E3F3\">\n<th>C_PREFIX_A</th>\n<td>:???????</td>\n</tr><tr bgcolor=\"\">\n<th>COMMUNITY_E</th>\n<td>JUMEIRA ISLAND 2 - 304</td>\n</tr><tr bgcolor=\"#E3E3F3\">\n<th>COMMUNITY_A</th>\n<td>جزيرة جميرا الثانية - 304</td>\n</tr><tr bgcolor=\"\">\n<th>DGIS_ID</th>\n<td>0000250</td>\n</tr><tr bgcolor=\"#E3E3F3\">\n<th>COMM_NUM</th>\n<td>304</td>\n</tr><tr bgcolor=\"\">\n<th>NDGIS_ID</th>\n<td>250</td>\n</tr></table></center>", "COMM_NUM": 304, "CNAME_E": "JUMEIRA ISLAND 2", "population": 3.0, "area_km2": 0.11667333601699999, "pop_density": 25.71281582, "anomaly_morning_mean": -4.3485, "anomaly_morning_median": -4.2005, "anomaly_morning_std": 1.3248, "anomaly_morning_min": -6.9165, "anomaly_morning_max": -0.8424, "anomaly_morning_count": 132, "anomaly_morning_extreme_pct": 0.0, "anomaly_afternoon_mean": -3.3883, "anomaly_afternoon_median": -3.923, "anomaly_afternoon_std": 1.9738, "anomaly_afternoon_min": -6.2655, "anomaly_afternoon_max": 1.1155, "anomaly_afternoon_count": 132, "anomaly_afternoon_extreme_pct": 0.0, "anomaly_night_mean": 0.4542, "anomaly_night_median": 0.2077, "anomaly_night_std": 0.7759, "anomaly_night_min": -0.577, "anomaly_night_max": 2.6922, "anomaly_night_count": 132, "anomaly_night_extreme_pct": 0.0, "diurnal_range_mean": -3.8425, "diurnal_range_std": 1.5259, "ndvi_mean": 0.0856, "green_fraction": 0.0909, "albedo_mean": 0.4327, "building_density_mean": 0.1724, "building_height_mean": 0.262, "road_density_mean": 0.0, "sand_fraction_mean": 0.0, "water_fraction_mean": 0.0, "dist_to_coast_mean": 86.6209 }, "geometry": { "type": "Polygon", "coordinates": [ [ [ 55.228244593406309, 25.198614263019895, 0.0 ], [ 55.225977309444602, 25.196718360999597, 0.0 ], [ 55.225777151391803, 25.196116361100195, 0.0 ], [ 55.2261978363426, 25.195815021456504, 0.0 ], [ 55.2245035547081, 25.196607711521999, 0.0 ], [ 55.223958078292597, 25.1971409629015, 0.0 ], [ 55.223712257810497, 25.197638415957492, 0.0 ], [ 55.223696006720701, 25.198047481799495, 0.0 ], [ 55.223798212886798, 25.197890727483802, 0.0 ], [ 55.2241911440628, 25.198005212380799, 0.0 ], [ 55.226269236293504, 25.199680135458301, 0.0 ], [ 55.226486589331998, 25.200439157386995, 0.0 ], [ 55.226409739791698, 25.2006134717425, 0.0 ], [ 55.226055429845701, 25.200617611434101, 0.0 ], [ 55.226489853398803, 25.200655497209702, 0.0 ], [ 55.226918679813103, 25.200569397764699, 0.0 ], [ 55.227924726927803, 25.199968209815598, 0.0 ], [ 55.2288982715692, 25.198771709508392, 0.0 ], [ 55.228244593406309, 25.198614263019895, 0.0 ] ] ] } },
{ "type": "Feature", "properties": { "id": "kml_198", "description": "<center><table><tr><th colspan='2' align='center'><em>Attributes</em></th></tr><tr bgcolor=\"#E3E3F3\">\n<th>OBJECTID</th>\n<td>162</td>\n</tr><tr bgcolor=\"\">\n<th>CNAME_E</th>\n<td>UMM HURAIR FIRST</td>\n</tr><tr bgcolor=\"#E3E3F3\">\n<th>CNAME_A</th>\n<td>أم هرير الأولى</td>\n</tr><tr bgcolor=\"\">\n<th>LABEL_E</th>\n<td>UMM HURAIR FIRST</td>\n</tr><tr bgcolor=\"#E3E3F3\">\n<th>LABEL_A</th>\n<td>أم هرير الأولى</td>\n</tr><tr bgcolor=\"\">\n<th>C_PREFIX_E</th>\n<td>Community:</td>\n</tr><tr bgcolor=\"#E3E3F3\">\n<th>C_PREFIX_A</th>\n<td>:???????</td>\n</tr><tr bgcolor=\"\">\n<th>COMMUNITY_E</th>\n<td>UMM HURAIR FIRST - 314</td>\n</tr><tr bgcolor=\"#E3E3F3\">\n<th>COMMUNITY_A</th>\n<td>أم هرير الأولى - 314</td>\n</tr><tr bgcolor=\"\">\n<th>DGIS_ID</th>\n<td>0000049</td>\n</tr><tr bgcolor=\"#E3E3F3\">\n<th>COMM_NUM</th>\n<td>314</td>\n</tr><tr bgcolor=\"\">\n<th>NDGIS_ID</th>\n<td>49</td>\n</tr></table></center>", "COMM_NUM": 314, "CNAME_E": "UMM HURAIR FIRST", "population": 7479.0, "area_km2": 0.984710391277, "pop_density": 7595.126513, "anomaly_morning_mean": 1.8113, "anomaly_morning_median": 2.2617, "anomaly_morning_std": 2.1694, "anomaly_morning_min": -5.8236, "anomaly_morning_max": 5.6645, "anomaly_morning_count": 1093, "anomaly_morning_extreme_pct": 0.0, "anomaly_afternoon_mean": -3.3073, "anomaly_afternoon_median": -3.1384, "anomaly_afternoon_std": 2.4586, "anomaly_afternoon_min": -11.6559, "anomaly_afternoon_max": 1.3, "anomaly_afternoon_count": 1093, "anomaly_afternoon_extreme_pct": 0.0, "anomaly_night_mean": 0.9326, "anomaly_night_median": 0.99, "anomaly_night_std": 1.0399, "anomaly_night_min": -1.3394, "anomaly_night_max": 3.4554, "anomaly_night_count": 1093, "anomaly_night_extreme_pct": 0.0091, "diurnal_range_mean": -4.2399, "diurnal_range_std": 2.0389, "ndvi_mean": 0.1222, "green_fraction": 0.2525, "albedo_mean": 0.3334, "building_density_mean": 0.192, "building_height_mean": 2.7576, "road_density_mean": 0.116, "sand_fraction_mean": 0.0448, "water_fraction_mean": 0.0229, "dist_to_coast_mean": 2939.8035 }, "geometry": { "type": "Polygon", "coordinates": [ [ [ 55.304266984844901, 25.254812801193999, 0.0 ], [ 55.305824923707199, 25.257096972993395, 0.0 ], [ 55.307581548726198, 25.258947858619397, 0.0 ], [ 55.308891691736804, 25.2599139877818, 0.0 ], [ 55.310661024485007, 25.260423034180196, 0.0 ], [ 55.312003236608497, 25.258735648884699, 0.0 ], [ 55.313154762027899, 25.256964774536797, 0.0 ], [ 55.3128897219799, 25.256506847456503, 0.0 ], [ 55.316394015237201, 25.253670812372999, 0.0 ], [ 55.316605135993399, 25.253258195428494, 0.0 ], [ 55.318398862019599, 25.252619363266103, 0.0 ], [ 55.3188716828925, 25.251927360202497, 0.0 ], [ 55.318785554108103, 25.251752007935597, 0.0 ], [ 55.320007346802697, 25.251335654591603, 0.0 ], [ 55.320225908726002, 25.251451194890997, 0.0 ], [ 55.320543768480299, 25.251227664804592, 0.0 ], [ 55.318591581416499, 25.248829910252496, 0.0 ], [ 55.314214397318899, 25.247755174418998, 0.0 ], [ 55.313618711873303, 25.248576569245802, 0.0 ], [ 55.310195043191399, 25.252196059810903, 0.0 ], [ 55.307215460294302, 25.253323869084998, 0.0 ], [ 55.304266984844901, 25.254812801193999, 0.0 ] ] ] } },
{ "type": "Feature", "properties": { "id": "kml_199", "description": "<center><table><tr><th colspan='2' align='center'><em>Attributes</em></th></tr><tr bgcolor=\"#E3E3F3\">\n<th>OBJECTID</th>\n<td>163</td>\n</tr><tr bgcolor=\"\">\n<th>CNAME_E</th>\n<td>JUMEIRA THIRD</td>\n</tr><tr bgcolor=\"#E3E3F3\">\n<th>CNAME_A</th>\n<td>جميرا الثالثة</td>\n</tr><tr bgcolor=\"\">\n<th>LABEL_E</th>\n<td>JUMEIRA THIRD</td>\n</tr><tr bgcolor=\"#E3E3F3\">\n<th>LABEL_A</th>\n<td>جميرا الثالثة</td>\n</tr><tr bgcolor=\"\">\n<th>C_PREFIX_E</th>\n<td>Community:</td>\n</tr><tr bgcolor=\"#E3E3F3\">\n<th>C_PREFIX_A</th>\n<td>:???????</td>\n</tr><tr bgcolor=\"\">\n<th>COMMUNITY_E</th>\n<td>JUMEIRA THIRD - 352</td>\n</tr><tr bgcolor=\"#E3E3F3\">\n<th>COMMUNITY_A</th>\n<td>جميرا الثالثة - 352</td>\n</tr><tr bgcolor=\"\">\n<th>DGIS_ID</th>\n<td>0000086</td>\n</tr><tr bgcolor=\"#E3E3F3\">\n<th>COMM_NUM</th>\n<td>352</td>\n</tr><tr bgcolor=\"\">\n<th>NDGIS_ID</th>\n<td>86</td>\n</tr></table></center>", "COMM_NUM": 352, "CNAME_E": "JUMEIRA THIRD", "population": 15992.0, "area_km2": 3.4412146991700001, "pop_density": 4647.196237, "anomaly_morning_mean": 1.2958, "anomaly_morning_median": 1.6333, "anomaly_morning_std": 1.9235, "anomaly_morning_min": -9.0957, "anomaly_morning_max": 5.4985, "anomaly_morning_count": 3817, "anomaly_morning_extreme_pct": 0.0, "anomaly_afternoon_mean": -2.7619, "anomaly_afternoon_median": -2.8382, "anomaly_afternoon_std": 1.8147, "anomaly_afternoon_min": -12.0149, "anomaly_afternoon_max": 0.9779, "anomaly_afternoon_count": 3817, "anomaly_afternoon_extreme_pct": 0.0, "anomaly_night_mean": 1.2122, "anomaly_night_median": 1.2948, "anomaly_night_std": 0.7535, "anomaly_night_min": -1.5641, "anomaly_night_max": 3.1684, "anomaly_night_count": 3817, "anomaly_night_extreme_pct": 0.0, "diurnal_range_mean": -3.9741, "diurnal_range_std": 2.021, "ndvi_mean": 0.0551, "green_fraction": 0.0155, "albedo_mean": 0.3954, "building_density_mean": 0.2024, "building_height_mean": 1.579, "road_density_mean": 0.1064, "sand_fraction_mean": 0.092, "water_fraction_mean": 0.0157, "dist_to_coast_mean": 597.9959 }, "geometry": { "type": "Polygon", "coordinates": [ [ [ 55.216720496667698, 25.175925616768804, 0.0 ], [ 55.217430537590005, 25.176456534676095, 0.0 ], [ 55.217897080447301, 25.177729696778297, 0.0 ], [ 55.217854450093, 25.178754400973798, 0.0 ], [ 55.217358143676108, 25.178550114369802, 0.0 ], [ 55.217168736952097, 25.178706326830799, 0.0 ], [ 55.217199816592597, 25.178937223151596, 0.0 ], [ 55.219191134633398, 25.1815691502579, 0.0 ], [ 55.219616597957703, 25.1814913199042, 0.0 ], [ 55.219549602883703, 25.1809592656037, 0.0 ], [ 55.2204130931365, 25.181191557171001, 0.0 ], [ 55.221045323073, 25.181669724100004, 0.0 ], [ 55.221611548362397, 25.182657345336992, 0.0 ], [ 55.222008363243901, 25.183977174980399, 0.0 ], [ 55.222008496012997, 25.184180441555096, 0.0 ], [ 55.221559674474101, 25.184245460461401, 0.0 ], [ 55.221562201704401, 25.184529640027101, 0.0 ], [ 55.223557968407199, 25.187141253111101, 0.0 ], [ 55.223923057826397, 25.187133399013295, 0.0 ], [ 55.224011131265399, 25.186915022917894, 0.0 ], [ 55.223855055187897, 25.186659608085602, 0.0 ], [ 55.224330900157199, 25.186495744836996, 0.0 ], [ 55.225317798086998, 25.187060979282901, 0.0 ], [ 55.226131249207207, 25.1878073293807, 0.0 ], [ 55.226808084715003, 25.188816078648802, 0.0 ], [ 55.227165975010401, 25.189815497852297, 0.0 ], [ 55.227272366213398, 25.190598579901199, 0.0 ], [ 55.226890283518102, 25.190685453320796, 0.0 ], [ 55.226803334189697, 25.190958726465997, 0.0 ], [ 55.228546097246102, 25.193529998195896, 0.0 ], [ 55.228900687419497, 25.1936254140514, 0.0 ], [ 55.229163429693898, 25.193238556604197, 0.0 ], [ 55.229613985373902, 25.193516334281192, 0.0 ], [ 55.230451358241602, 25.194271334037005, 0.0 ], [ 55.231539382544398, 25.195692546744997, 0.0 ], [ 55.230469765945998, 25.196457009158404, 0.0 ], [ 55.230404108069699, 25.196853570374799, 0.0 ], [ 55.230744632456698, 25.197559318860797, 0.0 ], [ 55.231159594913201, 25.197519976540995, 0.0 ], [ 55.232085843363798, 25.196682489222596, 0.0 ], [ 55.233542398887302, 25.195723793965595, 0.0 ], [ 55.235045702239397, 25.195260701377101, 0.0 ], [ 55.234630748053398, 25.194537596392898, 0.0 ], [ 55.2349198033817, 25.194363816110805, 0.0 ], [ 55.234186406386499, 25.193379357735797, 0.0 ], [ 55.241006169346498, 25.188445870945003, 0.0 ], [ 55.2398665081841, 25.186793169749095, 0.0 ], [ 55.239737474104601, 25.1868743333855, 0.0 ], [ 55.227658715797801, 25.169642200675, 0.0 ], [ 55.219817555754098, 25.174745824181102, 0.0 ], [ 55.219084356633708, 25.173815452648402, 0.0 ], [ 55.217482179993198, 25.174852450069501, 0.0 ], [ 55.2176752452472, 25.175101528748797, 0.0 ], [ 55.217169536428202, 25.175403273804001, 0.0 ], [ 55.21699255893671, 25.175199165108801, 0.0 ], [ 55.216507056063598, 25.175502501284704, 0.0 ], [ 55.216720496667698, 25.175925616768804, 0.0 ] ] ] } },
{ "type": "Feature", "properties": { "id": "kml_200", "description": "<center><table><tr><th colspan='2' align='center'><em>Attributes</em></th></tr><tr bgcolor=\"#E3E3F3\">\n<th>OBJECTID</th>\n<td>164</td>\n</tr><tr bgcolor=\"\">\n<th>CNAME_E</th>\n<td>UMM SUQEIM FIRST</td>\n</tr><tr bgcolor=\"#E3E3F3\">\n<th>CNAME_A</th>\n<td>أم سقيم الأولى</td>\n</tr><tr bgcolor=\"\">\n<th>LABEL_E</th>\n<td>UMM SUQEIM FIRST</td>\n</tr><tr bgcolor=\"#E3E3F3\">\n<th>LABEL_A</th>\n<td>أم سقيم الأولى</td>\n</tr><tr bgcolor=\"\">\n<th>C_PREFIX_E</th>\n<td>Community:</td>\n</tr><tr bgcolor=\"#E3E3F3\">\n<th>C_PREFIX_A</th>\n<td>:???????</td>\n</tr><tr bgcolor=\"\">\n<th>COMMUNITY_E</th>\n<td>UMM SUQEIM FIRST - 356</td>\n</tr><tr bgcolor=\"#E3E3F3\">\n<th>COMMUNITY_A</th>\n<td>أم سقيم الأولى - 356</td>\n</tr><tr bgcolor=\"\">\n<th>DGIS_ID</th>\n<td>0000098</td>\n</tr><tr bgcolor=\"#E3E3F3\">\n<th>COMM_NUM</th>\n<td>356</td>\n</tr><tr bgcolor=\"\">\n<th>NDGIS_ID</th>\n<td>98</td>\n</tr></table></center>", "COMM_NUM": 356, "CNAME_E": "UMM SUQEIM FIRST", "population": 13902.0, "area_km2": 6.5929882891020002, "pop_density": 2108.603776, "anomaly_morning_mean": -6.9755, "anomaly_morning_median": -12.8741, "anomaly_morning_std": 7.1219, "anomaly_morning_min": -13.8353, "anomaly_morning_max": 4.6943, "anomaly_morning_count": 7327, "anomaly_morning_extreme_pct": 0.0, "anomaly_afternoon_mean": -8.6653, "anomaly_afternoon_median": -13.458, "anomaly_afternoon_std": 5.558, "anomaly_afternoon_min": -13.9654, "anomaly_afternoon_max": 1.1141, "anomaly_afternoon_count": 7327, "anomaly_afternoon_extreme_pct": 0.0, "anomaly_night_mean": 2.281, "anomaly_night_median": 2.3423, "anomaly_night_std": 0.981, "anomaly_night_min": -1.3642, "anomaly_night_max": 3.5715, "anomaly_night_count": 7327, "anomaly_night_extreme_pct": 0.2047, "diurnal_range_mean": -10.9463, "diurnal_range_std": 6.3632, "ndvi_mean": 0.0076, "green_fraction": 0.0076, "albedo_mean": 0.259, "building_density_mean": 0.0872, "building_height_mean": 0.755, "road_density_mean": 0.0441, "sand_fraction_mean": 0.0306, "water_fraction_mean": 0.5571, "dist_to_coast_mean": 298.3096 }, "geometry": { "type": "Polygon", "coordinates": [ [ [ 55.205697573292106, 25.185704863099502, 0.0 ], [ 55.2062638561139, 25.1902713065951, 0.0 ], [ 55.213308597942103, 25.191554449601096, 0.0 ], [ 55.214967506410197, 25.1837512256172, 0.0 ], [ 55.214561973609698, 25.1795054261678, 0.0 ], [ 55.215136522451701, 25.176895042754897, 0.0 ], [ 55.216785022112397, 25.175874213374701, 0.0 ], [ 55.216507056063598, 25.175502501284704, 0.0 ], [ 55.21699255893671, 25.175199165108801, 0.0 ], [ 55.217169536428202, 25.175403273804001, 0.0 ], [ 55.2176752452472, 25.175101528748797, 0.0 ], [ 55.217482179993198, 25.174852450069501, 0.0 ], [ 55.219084356633708, 25.173815452648402, 0.0 ], [ 55.219817555754098, 25.174745824181102, 0.0 ], [ 55.227658715797801, 25.169642200675, 0.0 ], [ 55.215938214454397, 25.154693237391996, 0.0 ], [ 55.207918750757202, 25.160030809912602, 0.0 ], [ 55.207710706700801, 25.159786897231808, 0.0 ], [ 55.206760173868297, 25.1604794453824, 0.0 ], [ 55.207028976756497, 25.160890090729591, 0.0 ], [ 55.204707391573301, 25.162536830301001, 0.0 ], [ 55.204780750672299, 25.162831616236701, 0.0 ], [ 55.205486955221311, 25.162596991776603, 0.0 ], [ 55.205772999018997, 25.1629669942335, 0.0 ], [ 55.206308766495297, 25.163896587409596, 0.0 ], [ 55.207138116104801, 25.166025326550198, 0.0 ], [ 55.208024784650199, 25.165730463855997, 0.0 ], [ 55.2083548971247, 25.166161407713599, 0.0 ], [ 55.20924584564861, 25.167919491061898, 0.0 ], [ 55.209525407271897, 25.169331949867793, 0.0 ], [ 55.210323459033397, 25.1690860084517, 0.0 ], [ 55.2106907132356, 25.1724102424098, 0.0 ], [ 55.209722628122897, 25.172361132927293, 0.0 ], [ 55.209697100541604, 25.173025099527699, 0.0 ], [ 55.209377010230206, 25.173334347822102, 0.0 ], [ 55.2082567553974, 25.174093810832392, 0.0 ], [ 55.207405602074402, 25.174441105159897, 0.0 ], [ 55.205570529959402, 25.174708855575499, 0.0 ], [ 55.204188581912007, 25.1745223030535, 0.0 ], [ 55.202517764113701, 25.173781284047099, 0.0 ], [ 55.201227342765399, 25.172563864087504, 0.0 ], [ 55.200473774886198, 25.171017649146993, 0.0 ], [ 55.200318684154503, 25.169754115857195, 0.0 ], [ 55.196303706576202, 25.168840340363602, 0.0 ], [ 55.192758562272402, 25.174331866206799, 0.0 ], [ 55.1958272097053, 25.174673075504696, 0.0 ], [ 55.196682731061202, 25.176189602987208, 0.0 ], [ 55.196922126457899, 25.1778802225211, 0.0 ], [ 55.196677358977297, 25.179141892552799, 0.0 ], [ 55.1960848609788, 25.180304045478405, 0.0 ], [ 55.192078357200899, 25.179788273971599, 0.0 ], [ 55.191234595810698, 25.185533207299503, 0.0 ], [ 55.192382278342201, 25.1888093507478, 0.0 ], [ 55.198369911186298, 25.190441701079504, 0.0 ], [ 55.199163583862699, 25.186423155057401, 0.0 ], [ 55.203690671991097, 25.1833914045291, 0.0 ], [ 55.204760555783601, 25.183110195335498, 0.0 ], [ 55.205309205988499, 25.183234996695404, 0.0 ], [ 55.205874801057199, 25.1836178105359, 0.0 ], [ 55.206208319936302, 25.184182883686898, 0.0 ], [ 55.2062638046214, 25.184694988922399, 0.0 ], [ 55.206122523588803, 25.185193230383501, 0.0 ], [ 55.205697573292106, 25.185704863099502, 0.0 ] ] ] } },
{ "type": "Feature", "properties": { "id": "kml_201", "description": "<center><table><tr><th colspan='2' align='center'><em>Attributes</em></th></tr><tr bgcolor=\"#E3E3F3\">\n<th>OBJECTID</th>\n<td>165</td>\n</tr><tr bgcolor=\"\">\n<th>CNAME_E</th>\n<td>AL JAFILIYA</td>\n</tr><tr bgcolor=\"#E3E3F3\">\n<th>CNAME_A</th>\n<td>الجافلية</td>\n</tr><tr bgcolor=\"\">\n<th>LABEL_E</th>\n<td>AL JAFILIYA</td>\n</tr><tr bgcolor=\"#E3E3F3\">\n<th>LABEL_A</th>\n<td>الجافلية</td>\n</tr><tr bgcolor=\"\">\n<th>C_PREFIX_E</th>\n<td>Community:</td>\n</tr><tr bgcolor=\"#E3E3F3\">\n<th>C_PREFIX_A</th>\n<td>:???????</td>\n</tr><tr bgcolor=\"\">\n<th>COMMUNITY_E</th>\n<td>AL JAFILIYA - 323</td>\n</tr><tr bgcolor=\"#E3E3F3\">\n<th>COMMUNITY_A</th>\n<td>الجافلية - 323</td>\n</tr><tr bgcolor=\"\">\n<th>DGIS_ID</th>\n<td>0000060</td>\n</tr><tr bgcolor=\"#E3E3F3\">\n<th>COMM_NUM</th>\n<td>323</td>\n</tr><tr bgcolor=\"\">\n<th>NDGIS_ID</th>\n<td>60</td>\n</tr></table></center>", "COMM_NUM": 323, "CNAME_E": "AL JAFILIYA", "population": 27642.0, "area_km2": 1.6694794215, "pop_density": 16557.2571, "anomaly_morning_mean": 3.7617, "anomaly_morning_median": 3.7281, "anomaly_morning_std": 0.5277, "anomaly_morning_min": 1.8265, "anomaly_morning_max": 5.7675, "anomaly_morning_count": 1853, "anomaly_morning_extreme_pct": 0.0, "anomaly_afternoon_mean": -1.6817, "anomaly_afternoon_median": -1.8121, "anomaly_afternoon_std": 1.3814, "anomaly_afternoon_min": -5.6992, "anomaly_afternoon_max": 1.4617, "anomaly_afternoon_count": 1853, "anomaly_afternoon_extreme_pct": 0.0, "anomaly_night_mean": 1.6889, "anomaly_night_median": 1.7031, "anomaly_night_std": 0.7008, "anomaly_night_min": -1.0282, "anomaly_night_max": 3.4381, "anomaly_night_count": 1853, "anomaly_night_extreme_pct": 0.0011, "diurnal_range_mean": -3.3705, "diurnal_range_std": 1.4658, "ndvi_mean": 0.0349, "green_fraction": 0.0054, "albedo_mean": 0.3655, "building_density_mean": 0.2488, "building_height_mean": 1.443, "road_density_mean": 0.1618, "sand_fraction_mean": 0.123, "water_fraction_mean": 0.0, "dist_to_coast_mean": 1965.4906 }, "geometry": { "type": "Polygon", "coordinates": [ [ [ 55.288091048864302, 25.243515735868495, 0.0 ], [ 55.295407339219601, 25.239744432384402, 0.0 ], [ 55.2896244656162, 25.229858059089405, 0.0 ], [ 55.283787981796799, 25.232131071064803, 0.0 ], [ 55.278784661777401, 25.235081200846192, 0.0 ], [ 55.280291671735597, 25.238692625102196, 0.0 ], [ 55.284903732287702, 25.246592993473101, 0.0 ], [ 55.2868003684383, 25.244463188921689, 0.0 ], [ 55.288091048864302, 25.243515735868495, 0.0 ] ] ] } },
{ "type": "Feature", "properties": { "id": "kml_202", "description": "<center><table><tr><th colspan='2' align='center'><em>Attributes</em></th></tr><tr bgcolor=\"#E3E3F3\">\n<th>OBJECTID</th>\n<td>166</td>\n</tr><tr bgcolor=\"\">\n<th>CNAME_E</th>\n<td>AL QOUZ FOURTH</td>\n</tr><tr bgcolor=\"#E3E3F3\">\n<th>CNAME_A</th>\n<td>القوز الرابعة</td>\n</tr><tr bgcolor=\"\">\n<th>LABEL_E</th>\n<td>AL QOUZ FOURTH</td>\n</tr><tr bgcolor=\"#E3E3F3\">\n<th>LABEL_A</th>\n<td>القوز الرابعة</td>\n</tr><tr bgcolor=\"\">\n<th>C_PREFIX_E</th>\n<td>Community:</td>\n</tr><tr bgcolor=\"#E3E3F3\">\n<th>C_PREFIX_A</th>\n<td>:???????</td>\n</tr><tr bgcolor=\"\">\n<th>COMMUNITY_E</th>\n<td>AL QOUZ FOURTH - 359</td>\n</tr><tr bgcolor=\"#E3E3F3\">\n<th>COMMUNITY_A</th>\n<td>القوز الرابعة - 359</td>\n</tr><tr bgcolor=\"\">\n<th>DGIS_ID</th>\n<td>0000102</td>\n</tr><tr bgcolor=\"#E3E3F3\">\n<th>COMM_NUM</th>\n<td>359</td>\n</tr><tr bgcolor=\"\">\n<th>NDGIS_ID</th>\n<td>102</td>\n</tr></table></center>", "COMM_NUM": 359, "CNAME_E": "AL QOUZ FOURTH", "population": 24865.0, "area_km2": 2.2388825679990001, "pop_density": 11105.98669, "anomaly_morning_mean": 5.3272, "anomaly_morning_median": 5.2161, "anomaly_morning_std": 0.9625, "anomaly_morning_min": 2.8263, "anomaly_morning_max": 8.1696, "anomaly_morning_count": 2486, "anomaly_morning_extreme_pct": 0.0024, "anomaly_afternoon_mean": -0.6085, "anomaly_afternoon_median": -0.429, "anomaly_afternoon_std": 1.554, "anomaly_afternoon_min": -4.9253, "anomaly_afternoon_max": 2.4727, "anomaly_afternoon_count": 2486, "anomaly_afternoon_extreme_pct": 0.0004, "anomaly_night_mean": 1.0497, "anomaly_night_median": 1.123, "anomaly_night_std": 1.1391, "anomaly_night_min": -1.9466, "anomaly_night_max": 3.5871, "anomaly_night_count": 2486, "anomaly_night_extreme_pct": 0.0048, "diurnal_range_mean": -1.6583, "diurnal_range_std": 2.0536, "ndvi_mean": 0.0395, "green_fraction": 0.0181, "albedo_mean": 0.3791, "building_density_mean": 0.1899, "building_height_mean": 1.5601, "road_density_mean": 0.126, "sand_fraction_mean": 0.2944, "water_fraction_mean": 0.0, "dist_to_coast_mean": 4641.7309 }, "geometry": { "type": "Polygon", "coordinates": [ [ [ 55.261659262575101, 25.158929153786598, 0.0 ], [ 55.261062800378397, 25.1443678437739, 0.0 ], [ 55.254180186114702, 25.144165725668302, 0.0 ], [ 55.252484035583798, 25.144562010839, 0.0 ], [ 55.250618959585999, 25.145427601781002, 0.0 ], [ 55.242879442056307, 25.150586680531696, 0.0 ], [ 55.252900725014506, 25.159457264989801, 0.0 ], [ 55.253972366772103, 25.1588078789894, 0.0 ], [ 55.255351273254597, 25.158474602150392, 0.0 ], [ 55.261659262575101, 25.158929153786598, 0.0 ] ] ] } },
{ "type": "Feature", "properties": { "id": "kml_203", "description": "<center><table><tr><th colspan='2' align='center'><em>Attributes</em></th></tr><tr bgcolor=\"#E3E3F3\">\n<th>OBJECTID</th>\n<td>167</td>\n</tr><tr bgcolor=\"\">\n<th>CNAME_E</th>\n<td>WADI AL SAFA 6</td>\n</tr><tr bgcolor=\"#E3E3F3\">\n<th>CNAME_A</th>\n<td>وادي الصفا 6</td>\n</tr><tr bgcolor=\"\">\n<th>LABEL_E</th>\n<td>WADI AL SAFA 6</td>\n</tr><tr bgcolor=\"#E3E3F3\">\n<th>LABEL_A</th>\n<td>وادي الصفا 6</td>\n</tr><tr bgcolor=\"\">\n<th>C_PREFIX_E</th>\n<td>Community:</td>\n</tr><tr bgcolor=\"#E3E3F3\">\n<th>C_PREFIX_A</th>\n<td>:???????</td>\n</tr><tr bgcolor=\"\">\n<th>COMMUNITY_E</th>\n<td>WADI AL SAFA 6 - 664</td>\n</tr><tr bgcolor=\"#E3E3F3\">\n<th>COMMUNITY_A</th>\n<td>وادي الصفا 6 - 664</td>\n</tr><tr bgcolor=\"\">\n<th>DGIS_ID</th>\n<td>0000158</td>\n</tr><tr bgcolor=\"#E3E3F3\">\n<th>COMM_NUM</th>\n<td>664</td>\n</tr><tr bgcolor=\"\">\n<th>NDGIS_ID</th>\n<td>158</td>\n</tr></table></center>", "COMM_NUM": 664, "CNAME_E": "WADI AL SAFA 6", "population": 25406.0, "area_km2": 7.8119397188990005, "pop_density": 3252.201235, "anomaly_morning_mean": 3.2772, "anomaly_morning_median": 2.8336, "anomaly_morning_std": 1.7998, "anomaly_morning_min": -3.1992, "anomaly_morning_max": 8.7493, "anomaly_morning_count": 8682, "anomaly_morning_extreme_pct": 0.0008, "anomaly_afternoon_mean": -2.9059, "anomaly_afternoon_median": -3.9766, "anomaly_afternoon_std": 2.6314, "anomaly_afternoon_min": -16.1018, "anomaly_afternoon_max": 3.0603, "anomaly_afternoon_count": 8682, "anomaly_afternoon_extreme_pct": 0.0424, "anomaly_night_mean": 0.1962, "anomaly_night_median": 0.3551, "anomaly_night_std": 1.0064, "anomaly_night_min": -2.4415, "anomaly_night_max": 2.9536, "anomaly_night_count": 8682, "anomaly_night_extreme_pct": 0.0, "diurnal_range_mean": -3.102, "diurnal_range_std": 3.021, "ndvi_mean": 0.1445, "green_fraction": 0.197, "albedo_mean": 0.3685, "building_density_mean": 0.1176, "building_height_mean": 0.7837, "road_density_mean": 0.0487, "sand_fraction_mean": 0.1824, "water_fraction_mean": 0.0053, "dist_to_coast_mean": 12788.3824 }, "geometry": { "type": "Polygon", "coordinates": [ [ [ 55.301165435154509, 25.058273472044299, 0.0 ], [ 55.292776062601398, 25.053248792322396, 0.0 ], [ 55.291058840017399, 25.052700295317301, 0.0 ], [ 55.289170069452602, 25.051682004039698, 0.0 ], [ 55.274490465077697, 25.043300047039502, 0.0 ], [ 55.260006096773701, 25.035367938658094, 0.0 ], [ 55.255624450621902, 25.040135164458395, 0.0 ], [ 55.253680535821204, 25.042815280022996, 0.0 ], [ 55.252032138563301, 25.045494095675995, 0.0 ], [ 55.250862994438897, 25.047742713530305, 0.0 ], [ 55.249671280876399, 25.051497451159999, 0.0 ], [ 55.249390720322303, 25.056020024451694, 0.0 ], [ 55.284848508678401, 25.059953726911495, 0.0 ], [ 55.288406060299501, 25.061020079532696, 0.0 ], [ 55.290159936249502, 25.061941394953195, 0.0 ], [ 55.2934100929468, 25.063838058758897, 0.0 ], [ 55.2957484688325, 25.065878861416095, 0.0 ], [ 55.297345090954799, 25.062719666766693, 0.0 ], [ 55.301165435154509, 25.058273472044299, 0.0 ] ] ] } },
{ "type": "Feature", "properties": { "id": "kml_204", "description": "<center><table><tr><th colspan='2' align='center'><em>Attributes</em></th></tr><tr bgcolor=\"#E3E3F3\">\n<th>OBJECTID</th>\n<td>168</td>\n</tr><tr bgcolor=\"\">\n<th>CNAME_E</th>\n<td>JABAL ALI INDUSTRIAL FIRST</td>\n</tr><tr bgcolor=\"#E3E3F3\">\n<th>CNAME_A</th>\n<td>جبل علي الصناعية الأولى</td>\n</tr><tr bgcolor=\"\">\n<th>LABEL_E</th>\n<td>JABAL ALI INDUSTRIAL FIRST</td>\n</tr><tr bgcolor=\"#E3E3F3\">\n<th>LABEL_A</th>\n<td>جبل علي الصناعية الأولى</td>\n</tr><tr bgcolor=\"\">\n<th>C_PREFIX_E</th>\n<td>Community:</td>\n</tr><tr bgcolor=\"#E3E3F3\">\n<th>C_PREFIX_A</th>\n<td>:???????</td>\n</tr><tr bgcolor=\"\">\n<th>COMMUNITY_E</th>\n<td>JABAL ALI INDUSTRIAL FIRST - 599</td>\n</tr><tr bgcolor=\"#E3E3F3\">\n<th>COMMUNITY_A</th>\n<td>جبل علي الصناعية الأولى - 599</td>\n</tr><tr bgcolor=\"\">\n<th>DGIS_ID</th>\n<td>0000133</td>\n</tr><tr bgcolor=\"#E3E3F3\">\n<th>COMM_NUM</th>\n<td>599</td>\n</tr><tr bgcolor=\"\">\n<th>NDGIS_ID</th>\n<td>133</td>\n</tr></table></center>", "COMM_NUM": 599, "CNAME_E": "JABAL ALI INDUSTRIAL FIRST", "population": 205079.0, "area_km2": 22.065249662135002, "pop_density": 9294.207097, "anomaly_morning_mean": 6.9644, "anomaly_morning_median": 6.96, "anomaly_morning_std": 1.194, "anomaly_morning_min": 1.8002, "anomaly_morning_max": 11.6252, "anomaly_morning_count": 24509, "anomaly_morning_extreme_pct": 0.1789, "anomaly_afternoon_mean": -0.1303, "anomaly_afternoon_median": 0.0879, "anomaly_afternoon_std": 1.3056, "anomaly_afternoon_min": -5.9206, "anomaly_afternoon_max": 2.9281, "anomaly_afternoon_count": 24509, "anomaly_afternoon_extreme_pct": 0.0017, "anomaly_night_mean": 0.4834, "anomaly_night_median": 0.648, "anomaly_night_std": 1.3246, "anomaly_night_min": -2.4839, "anomaly_night_max": 4.4306, "anomaly_night_count": 24509, "anomaly_night_extreme_pct": 0.0132, "diurnal_range_mean": -0.6137, "diurnal_range_std": 2.0273, "ndvi_mean": 0.0255, "green_fraction": 0.0062, "albedo_mean": 0.4271, "building_density_mean": 0.1513, "building_height_mean": 1.5105, "road_density_mean": 0.0533, "sand_fraction_mean": 0.3217, "water_fraction_mean": 0.0, "dist_to_coast_mean": 4283.6003 }, "geometry": { "type": "Polygon", "coordinates": [ [ [ 55.158151460930803, 25.017276043512901, 0.0 ], [ 55.155185155549709, 25.013210174193599, 0.0 ], [ 55.152546252518398, 25.008946038998094, 0.0 ], [ 55.150254489206098, 25.004519789013099, 0.0 ], [ 55.148102613174402, 24.999398562439804, 0.0 ], [ 55.146771397629799, 24.995379682814097, 0.0 ], [ 55.145875149241803, 24.991984232751701, 0.0 ], [ 55.142267369847502, 24.974983477580295, 0.0 ], [ 55.139432447648801, 24.975789730298697, 0.0 ], [ 55.1201921400625, 24.979807740687299, 0.0 ], [ 55.113008043749709, 24.981792340048599, 0.0 ], [ 55.09830132755841, 24.986328706171498, 0.0 ], [ 55.093029480908598, 24.987629257546498, 0.0 ], [ 55.098072648055997, 25.017996562241702, 0.0 ], [ 55.111596693463099, 25.017656249210201, 0.0 ], [ 55.124110940098802, 25.016834834900799, 0.0 ], [ 55.130798557433103, 25.016681600983002, 0.0 ], [ 55.139397479536797, 25.0170090249179, 0.0 ], [ 55.150709654839098, 25.018269134143399, 0.0 ], [ 55.152552359882002, 25.018307495753191, 0.0 ], [ 55.155485377382803, 25.017995072935399, 0.0 ], [ 55.158151460930803, 25.017276043512901, 0.0 ] ] ] } },
{ "type": "Feature", "properties": { "id": "kml_208", "description": "<center><table><tr><th colspan='2' align='center'><em>Attributes</em></th></tr><tr bgcolor=\"#E3E3F3\">\n<th>OBJECTID</th>\n<td>172</td>\n</tr><tr bgcolor=\"\">\n<th>CNAME_E</th>\n<td>AL MIZHAR FOURTH</td>\n</tr><tr bgcolor=\"#E3E3F3\">\n<th>CNAME_A</th>\n<td>المزهر الرابعة</td>\n</tr><tr bgcolor=\"\">\n<th>LABEL_E</th>\n<td>AL MIZHAR FOURTH</td>\n</tr><tr bgcolor=\"#E3E3F3\">\n<th>LABEL_A</th>\n<td>المزهر الرابعة</td>\n</tr><tr bgcolor=\"\">\n<th>C_PREFIX_E</th>\n<td>Community:</td>\n</tr><tr bgcolor=\"#E3E3F3\">\n<th>C_PREFIX_A</th>\n<td>:???????</td>\n</tr><tr bgcolor=\"\">\n<th>COMMUNITY_E</th>\n<td>AL MIZHAR FOURTH - 265</td>\n</tr><tr bgcolor=\"#E3E3F3\">\n<th>COMMUNITY_A</th>\n<td>المزهر الرابعة - 265</td>\n</tr><tr bgcolor=\"\">\n<th>DGIS_ID</th>\n<td>0000139</td>\n</tr><tr bgcolor=\"#E3E3F3\">\n<th>COMM_NUM</th>\n<td>265</td>\n</tr><tr bgcolor=\"\">\n<th>NDGIS_ID</th>\n<td>139</td>\n</tr></table></center>", "COMM_NUM": 265, "CNAME_E": "AL MIZHAR FOURTH", "population": 16888.0, "area_km2": 3.628020766, "pop_density": 4654.879641, "anomaly_morning_mean": 5.0939, "anomaly_morning_median": 4.9531, "anomaly_morning_std": 0.7551, "anomaly_morning_min": 1.8694, "anomaly_morning_max": 8.2583, "anomaly_morning_count": 4030, "anomaly_morning_extreme_pct": 0.0032, "anomaly_afternoon_mean": -0.1415, "anomaly_afternoon_median": -0.0174, "anomaly_afternoon_std": 1.8023, "anomaly_afternoon_min": -5.6313, "anomaly_afternoon_max": 2.6511, "anomaly_afternoon_count": 4030, "anomaly_afternoon_extreme_pct": 0.0087, "anomaly_night_mean": 0.9675, "anomaly_night_median": 0.9819, "anomaly_night_std": 0.9627, "anomaly_night_min": -1.9711, "anomaly_night_max": 2.8664, "anomaly_night_count": 4030, "anomaly_night_extreme_pct": 0.0, "diurnal_range_mean": -1.109, "diurnal_range_std": 2.4626, "ndvi_mean": 0.0438, "green_fraction": 0.0084, "albedo_mean": 0.3916, "building_density_mean": 0.202, "building_height_mean": 0.6488, "road_density_mean": 0.1231, "sand_fraction_mean": 0.4424, "water_fraction_mean": 0.0, "dist_to_coast_mean": 9128.1836 }, "geometry": { "type": "Polygon", "coordinates": [ [ [ 55.460269542574103, 25.272418200655494, 0.0 ], [ 55.457632719501106, 25.266588913686299, 0.0 ], [ 55.455926070991602, 25.257563193421699, 0.0 ], [ 55.453494359889703, 25.257890169806203, 0.0 ], [ 55.440570099696103, 25.258225099210801, 0.0 ], [ 55.43893184812741, 25.257829085053299, 0.0 ], [ 55.43610155039741, 25.256413818302601, 0.0 ], [ 55.429767521527999, 25.255307749959503, 0.0 ], [ 55.4297290411943, 25.256860446567497, 0.0 ], [ 55.429888830521499, 25.258079008508801, 0.0 ], [ 55.430296929427797, 25.259468923170605, 0.0 ], [ 55.431022757298798, 25.260930843769302, 0.0 ], [ 55.431986713371302, 25.262221085660194, 0.0 ], [ 55.437173466925003, 25.267904631697501, 0.0 ], [ 55.438097871518202, 25.2692399957063, 0.0 ], [ 55.439291165683798, 25.271532037675396, 0.0 ], [ 55.4425663144739, 25.270374176394899, 0.0 ], [ 55.445147326803202, 25.270164619592205, 0.0 ], [ 55.447023894608002, 25.270415946041204, 0.0 ], [ 55.457341254075402, 25.272844965289696, 0.0 ], [ 55.458393648287696, 25.272880185865201, 0.0 ], [ 55.460269542574103, 25.272418200655494, 0.0 ] ] ] } },
{ "type": "Feature", "properties": { "id": "kml_209", "description": "<center><table><tr><th colspan='2' align='center'><em>Attributes</em></th></tr><tr bgcolor=\"#E3E3F3\">\n<th>OBJECTID</th>\n<td>173</td>\n</tr><tr bgcolor=\"\">\n<th>CNAME_E</th>\n<td>AL TTAY</td>\n</tr><tr bgcolor=\"#E3E3F3\">\n<th>CNAME_A</th>\n<td>الطي</td>\n</tr><tr bgcolor=\"\">\n<th>LABEL_E</th>\n<td>AL TTAY</td>\n</tr><tr bgcolor=\"#E3E3F3\">\n<th>LABEL_A</th>\n<td>الطي</td>\n</tr><tr bgcolor=\"\">\n<th>C_PREFIX_E</th>\n<td>Community:</td>\n</tr><tr bgcolor=\"#E3E3F3\">\n<th>C_PREFIX_A</th>\n<td>:???????</td>\n</tr><tr bgcolor=\"\">\n<th>COMMUNITY_E</th>\n<td>AL TTAY - 284</td>\n</tr><tr bgcolor=\"#E3E3F3\">\n<th>COMMUNITY_A</th>\n<td>الطي - 284</td>\n</tr><tr bgcolor=\"\">\n<th>DGIS_ID</th>\n<td>0000055</td>\n</tr><tr bgcolor=\"#E3E3F3\">\n<th>COMM_NUM</th>\n<td>284</td>\n</tr><tr bgcolor=\"\">\n<th>NDGIS_ID</th>\n<td>55</td>\n</tr></table></center>", "COMM_NUM": 284, "CNAME_E": "AL TTAY", "population": 11016.0, "area_km2": 3.2944835725520001, "pop_density": 3343.771416, "anomaly_morning_mean": 8.2042, "anomaly_morning_median": 8.3122, "anomaly_morning_std": 0.7172, "anomaly_morning_min": 2.8262, "anomaly_morning_max": 9.5562, "anomaly_morning_count": 3662, "anomaly_morning_extreme_pct": 0.6008, "anomaly_afternoon_mean": 2.6556, "anomaly_afternoon_median": 2.9328, "anomaly_afternoon_std": 1.2491, "anomaly_afternoon_min": -4.7157, "anomaly_afternoon_max": 4.3783, "anomaly_afternoon_count": 3662, "anomaly_afternoon_extreme_pct": 0.7878, "anomaly_night_mean": -0.5692, "anomaly_night_median": -1.212, "anomaly_night_std": 1.4545, "anomaly_night_min": -2.2958, "anomaly_night_max": 3.3329, "anomaly_night_count": 3662, "anomaly_night_extreme_pct": 0.0011, "diurnal_range_mean": 3.2248, "diurnal_range_std": 2.3488, "ndvi_mean": 0.0368, "green_fraction": 0.0022, "albedo_mean": 0.4311, "building_density_mean": 0.0559, "building_height_mean": 0.4841, "road_density_mean": 0.0358, "sand_fraction_mean": 0.7922, "water_fraction_mean": 0.0, "dist_to_coast_mean": 18704.2338 }, "geometry": { "type": "Polygon", "coordinates": [ [ [ 55.5645676297639, 25.234770275771893, 0.0 ], [ 55.560500514407302, 25.2260950806041, 0.0 ], [ 55.5581439560181, 25.226922186619998, 0.0 ], [ 55.553691509636202, 25.2288607045544, 0.0 ], [ 55.549894999076201, 25.230771977082501, 0.0 ], [ 55.545263995445701, 25.233558125990204, 0.0 ], [ 55.537105387851199, 25.239202547431994, 0.0 ], [ 55.535251969791602, 25.240766789440503, 0.0 ], [ 55.5332112805036, 25.243161759313701, 0.0 ], [ 55.531724676407698, 25.244526862710501, 0.0 ], [ 55.530237471709299, 25.245539893138599, 0.0 ], [ 55.528065410340801, 25.246580894490901, 0.0 ], [ 55.511553773251009, 25.252841133095401, 0.0 ], [ 55.512225804975998, 25.254653142317292, 0.0 ], [ 55.5645676297639, 25.234770275771893, 0.0 ] ] ] } },
{ "type": "Feature", "properties": { "id": "kml_210", "description": "<center><table><tr><th colspan='2' align='center'><em>Attributes</em></th></tr><tr bgcolor=\"#E3E3F3\">\n<th>OBJECTID</th>\n<td>174</td>\n</tr><tr bgcolor=\"\">\n<th>CNAME_E</th>\n<td>AL SOUQ AL KABEER</td>\n</tr><tr bgcolor=\"#E3E3F3\">\n<th>CNAME_A</th>\n<td>السوق الكبير</td>\n</tr><tr bgcolor=\"\">\n<th>LABEL_E</th>\n<td>AL SOUQ AL KABEER</td>\n</tr><tr bgcolor=\"#E3E3F3\">\n<th>LABEL_A</th>\n<td>السوق الكبير</td>\n</tr><tr bgcolor=\"\">\n<th>C_PREFIX_E</th>\n<td>Community:</td>\n</tr><tr bgcolor=\"#E3E3F3\">\n<th>C_PREFIX_A</th>\n<td>:???????</td>\n</tr><tr bgcolor=\"\">\n<th>COMMUNITY_E</th>\n<td>AL SOUQ AL KABEER - 312</td>\n</tr><tr bgcolor=\"#E3E3F3\">\n<th>COMMUNITY_A</th>\n<td>السوق الكبير - 312</td>\n</tr><tr bgcolor=\"\">\n<th>DGIS_ID</th>\n<td>0000043</td>\n</tr><tr bgcolor=\"#E3E3F3\">\n<th>COMM_NUM</th>\n<td>312</td>\n</tr><tr bgcolor=\"\">\n<th>NDGIS_ID</th>\n<td>43</td>\n</tr></table></center>", "COMM_NUM": 312, "CNAME_E": "AL SOUQ AL KABEER", "population": 57330.0, "area_km2": 0.87907387107700008, "pop_density": 65216.36223, "anomaly_morning_mean": 2.2699, "anomaly_morning_median": 2.2986, "anomaly_morning_std": 1.1125, "anomaly_morning_min": -4.6589, "anomaly_morning_max": 5.4073, "anomaly_morning_count": 980, "anomaly_morning_extreme_pct": 0.0, "anomaly_afternoon_mean": -1.207, "anomaly_afternoon_median": -1.0666, "anomaly_afternoon_std": 1.5089, "anomaly_afternoon_min": -11.9861, "anomaly_afternoon_max": 1.3054, "anomaly_afternoon_count": 980, "anomaly_afternoon_extreme_pct": 0.0, "anomaly_night_mean": 2.0217, "anomaly_night_median": 1.9966, "anomaly_night_std": 0.7908, "anomaly_night_min": -0.5567, "anomaly_night_max": 3.7477, "anomaly_night_count": 980, "anomaly_night_extreme_pct": 0.0429, "diurnal_range_mean": -3.2286, "diurnal_range_std": 1.6635, "ndvi_mean": 0.0153, "green_fraction": 0.0051, "albedo_mean": 0.3559, "building_density_mean": 0.4472, "building_height_mean": 6.3003, "road_density_mean": 0.1142, "sand_fraction_mean": 0.0867, "water_fraction_mean": 0.0112, "dist_to_coast_mean": 943.269 }, "geometry": { "type": "Polygon", "coordinates": [ [ [ 55.2957491031285, 25.265132341876598, 0.0 ], [ 55.297520838342301, 25.265474799789903, 0.0 ], [ 55.2993692072911, 25.265542434754902, 0.0 ], [ 55.300143981818998, 25.265957607350394, 0.0 ], [ 55.301279510857299, 25.265701216253998, 0.0 ], [ 55.301106973413297, 25.265063021973205, 0.0 ], [ 55.301382766552798, 25.264292379400398, 0.0 ], [ 55.300443100836297, 25.262981583198503, 0.0 ], [ 55.300185267836198, 25.261979510864801, 0.0 ], [ 55.297545768981301, 25.258250676787696, 0.0 ], [ 55.294597082616399, 25.259658170126901, 0.0 ], [ 55.289524593533102, 25.259295665748802, 0.0 ], [ 55.288611306546102, 25.259349554925397, 0.0 ], [ 55.287618543323198, 25.259565902782004, 0.0 ], [ 55.284332249017098, 25.260837669384895, 0.0 ], [ 55.2886195043139, 25.2640707617395, 0.0 ], [ 55.290565114800998, 25.265183853911299, 0.0 ], [ 55.2905631315666, 25.265404170084203, 0.0 ], [ 55.291088108236401, 25.2658045762605, 0.0 ], [ 55.291372845234498, 25.2654556315562, 0.0 ], [ 55.291809395646801, 25.2652614635332, 0.0 ], [ 55.291748103838202, 25.265146774326904, 0.0 ], [ 55.2926881364235, 25.264737573375498, 0.0 ], [ 55.292697112191505, 25.265031211168896, 0.0 ], [ 55.293577034230999, 25.265008982162701, 0.0 ], [ 55.293567653764804, 25.264701731359601, 0.0 ], [ 55.294834179212799, 25.264927023805097, 0.0 ], [ 55.294779736022498, 25.265129831732196, 0.0 ], [ 55.2956950787908, 25.2653335998295, 0.0 ], [ 55.2957491031285, 25.265132341876598, 0.0 ] ] ] } },
{ "type": "Feature", "properties": { "id": "kml_211", "description": "<center><table><tr><th colspan='2' align='center'><em>Attributes</em></th></tr><tr bgcolor=\"#E3E3F3\">\n<th>OBJECTID</th>\n<td>175</td>\n</tr><tr bgcolor=\"\">\n<th>CNAME_E</th>\n<td>GHADEER AL TAIR</td>\n</tr><tr bgcolor=\"#E3E3F3\">\n<th>CNAME_A</th>\n<td>غدير الطير</td>\n</tr><tr bgcolor=\"\">\n<th>LABEL_E</th>\n<td>GHADEER AL TAIR</td>\n</tr><tr bgcolor=\"#E3E3F3\">\n<th>LABEL_A</th>\n<td>غدير الطير</td>\n</tr><tr bgcolor=\"\">\n<th>C_PREFIX_E</th>\n<td>Community:</td>\n</tr><tr bgcolor=\"#E3E3F3\">\n<th>C_PREFIX_A</th>\n<td>:???????</td>\n</tr><tr bgcolor=\"\">\n<th>COMMUNITY_E</th>\n<td>GHADEER AL TAIR - 355</td>\n</tr><tr bgcolor=\"#E3E3F3\">\n<th>COMMUNITY_A</th>\n<td>غدير الطير - 355</td>\n</tr><tr bgcolor=\"\">\n<th>DGIS_ID</th>\n<td>0000104</td>\n</tr><tr bgcolor=\"#E3E3F3\">\n<th>COMM_NUM</th>\n<td>355</td>\n</tr><tr bgcolor=\"\">\n<th>NDGIS_ID</th>\n<td>104</td>\n</tr></table></center>", "COMM_NUM": 355, "CNAME_E": "GHADEER AL TAIR", "population": 6196.0, "area_km2": 5.0952567954829995, "pop_density": 1216.03292, "anomaly_morning_mean": 5.0277, "anomaly_morning_median": 5.0779, "anomaly_morning_std": 2.1219, "anomaly_morning_min": -7.2058, "anomaly_morning_max": 8.5477, "anomaly_morning_count": 5669, "anomaly_morning_extreme_pct": 0.0427, "anomaly_afternoon_mean": -0.4471, "anomaly_afternoon_median": 0.2636, "anomaly_afternoon_std": 2.2602, "anomaly_afternoon_min": -11.6894, "anomaly_afternoon_max": 2.5938, "anomaly_afternoon_count": 5669, "anomaly_afternoon_extreme_pct": 0.0025, "anomaly_night_mean": 0.156, "anomaly_night_median": 0.4851, "anomaly_night_std": 1.3805, "anomaly_night_min": -2.8499, "anomaly_night_max": 4.1964, "anomaly_night_count": 5669, "anomaly_night_extreme_pct": 0.0026, "diurnal_range_mean": -0.6031, "diurnal_range_std": 2.9875, "ndvi_mean": 0.0409, "green_fraction": 0.0201, "albedo_mean": 0.4191, "building_density_mean": 0.084, "building_height_mean": 0.3172, "road_density_mean": 0.095, "sand_fraction_mean": 0.4574, "water_fraction_mean": 0.0192, "dist_to_coast_mean": 5962.967 }, "geometry": { "type": "Polygon", "coordinates": [ [ [ 55.271433529429103, 25.1394635441156, 0.0 ], [ 55.270818974792597, 25.139398432791001, 0.0 ], [ 55.269842843077399, 25.137505231590605, 0.0 ], [ 55.265580303552497, 25.137373465666805, 0.0 ], [ 55.266568914775405, 25.138482549115, 0.0 ], [ 55.2658461707938, 25.140090183569196, 0.0 ], [ 55.265648957123105, 25.140236128326499, 0.0 ], [ 55.266628970453098, 25.141333227823299, 0.0 ], [ 55.264941492576597, 25.142663525266897, 0.0 ], [ 55.261062800378397, 25.1443678437739, 0.0 ], [ 55.261678762417098, 25.159506909251395, 0.0 ], [ 55.2619059835299, 25.1610687385398, 0.0 ], [ 55.262529859880097, 25.162820330197398, 0.0 ], [ 55.2633919830417, 25.164274131487897, 0.0 ], [ 55.264888815908698, 25.165980985967995, 0.0 ], [ 55.267473742390202, 25.168344406124493, 0.0 ], [ 55.276324336277703, 25.160186454482492, 0.0 ], [ 55.277891502502101, 25.158367573492498, 0.0 ], [ 55.2779059221021, 25.158042948703901, 0.0 ], [ 55.279456073845701, 25.155688969772996, 0.0 ], [ 55.2792064909979, 25.155409682796801, 0.0 ], [ 55.280020861007699, 25.154062176843595, 0.0 ], [ 55.280844512818497, 25.153024332615399, 0.0 ], [ 55.282372394308105, 25.151896445670495, 0.0 ], [ 55.2820784587012, 25.147438304612898, 0.0 ], [ 55.281177362725799, 25.139774387712301, 0.0 ], [ 55.271584365518201, 25.139479524454096, 0.0 ], [ 55.271277881433797, 25.1391967604497, 0.0 ], [ 55.271433529429103, 25.1394635441156, 0.0 ] ] ] } },
{ "type": "Feature", "properties": { "id": "kml_212", "description": "<center><table><tr><th colspan='2' align='center'><em>Attributes</em></th></tr><tr bgcolor=\"#E3E3F3\">\n<th>OBJECTID</th>\n<td>212</td>\n</tr><tr bgcolor=\"\">\n<th>CNAME_E</th>\n<td>AL THANYAH FIFTH</td>\n</tr><tr bgcolor=\"#E3E3F3\">\n<th>CNAME_A</th>\n<td>الثنيه الخامسة</td>\n</tr><tr bgcolor=\"\">\n<th>LABEL_E</th>\n<td>AL THANYAH FIFTH</td>\n</tr><tr bgcolor=\"#E3E3F3\">\n<th>LABEL_A</th>\n<td>الثنيه الخامسة</td>\n</tr><tr bgcolor=\"\">\n<th>C_PREFIX_E</th>\n<td>Community:</td>\n</tr><tr bgcolor=\"#E3E3F3\">\n<th>C_PREFIX_A</th>\n<td>:???????</td>\n</tr><tr bgcolor=\"\">\n<th>COMMUNITY_E</th>\n<td>AL THANYAH FIFTH - 393</td>\n</tr><tr bgcolor=\"#E3E3F3\">\n<th>COMMUNITY_A</th>\n<td>الثنيه الخامسة - 393</td>\n</tr><tr bgcolor=\"\">\n<th>DGIS_ID</th>\n<td>0000147</td>\n</tr><tr bgcolor=\"#E3E3F3\">\n<th>COMM_NUM</th>\n<td>393</td>\n</tr><tr bgcolor=\"\">\n<th>NDGIS_ID</th>\n<td>147</td>\n</tr></table></center>", "COMM_NUM": 393, "CNAME_E": "AL THANYAH FIFTH", "population": 53456.0, "area_km2": 9.7141651811149998, "pop_density": 5502.891808, "anomaly_morning_mean": 1.5671, "anomaly_morning_median": 1.6563, "anomaly_morning_std": 2.4259, "anomaly_morning_min": -6.7191, "anomaly_morning_max": 8.1695, "anomaly_morning_count": 10790, "anomaly_morning_extreme_pct": 0.0005, "anomaly_afternoon_mean": -3.5311, "anomaly_afternoon_median": -3.395, "anomaly_afternoon_std": 2.5491, "anomaly_afternoon_min": -12.7307, "anomaly_afternoon_max": 2.3355, "anomaly_afternoon_count": 10790, "anomaly_afternoon_extreme_pct": 0.0001, "anomaly_night_mean": 0.9402, "anomaly_night_median": 1.0411, "anomaly_night_std": 0.8836, "anomaly_night_min": -1.9233, "anomaly_night_max": 3.3606, "anomaly_night_count": 10790, "anomaly_night_extreme_pct": 0.0001, "diurnal_range_mean": -4.4712, "diurnal_range_std": 2.5239, "ndvi_mean": 0.1104, "green_fraction": 0.134, "albedo_mean": 0.3404, "building_density_mean": 0.121, "building_height_mean": 1.6432, "road_density_mean": 0.1006, "sand_fraction_mean": 0.0718, "water_fraction_mean": 0.0411, "dist_to_coast_mean": 3273.3231 }, "geometry": { "type": "Polygon", "coordinates": [ [ [ 55.158332709029601, 25.077638267879504, 0.0 ], [ 55.150841468782502, 25.075082692125203, 0.0 ], [ 55.149888948274302, 25.074336426888198, 0.0 ], [ 55.146434864286, 25.070752309240103, 0.0 ], [ 55.165403243917105, 25.055574172497398, 0.0 ], [ 55.166880512602198, 25.055033641482101, 0.0 ], [ 55.171504573975902, 25.051527673968696, 0.0 ], [ 55.171957337799803, 25.0504862156073, 0.0 ], [ 55.172185185759098, 25.049448267267802, 0.0 ], [ 55.172042948653498, 25.047366349787797, 0.0 ], [ 55.171375547136499, 25.045809083275401, 0.0 ], [ 55.169557142389401, 25.043932685309702, 0.0 ], [ 55.176041718096599, 25.039145524646102, 0.0 ], [ 55.168573836476099, 25.030749331107994, 0.0 ], [ 55.147038816323402, 25.047919618174191, 0.0 ], [ 55.145074043110199, 25.049650400018994, 0.0 ], [ 55.143197996492702, 25.051652090375601, 0.0 ], [ 55.141797912182199, 25.053437704542393, 0.0 ], [ 55.139353770889997, 25.057406588535301, 0.0 ], [ 55.138231461633602, 25.058939772247001, 0.0 ], [ 55.132701828184302, 25.064737003117894, 0.0 ], [ 55.143753408291403, 25.077119010391804, 0.0 ], [ 55.152128407658701, 25.084315243627692, 0.0 ], [ 55.153289886656097, 25.0831521292444, 0.0 ], [ 55.1537660431039, 25.082908967688201, 0.0 ], [ 55.154469738678202, 25.082973008927997, 0.0 ], [ 55.155331251840401, 25.083578877242299, 0.0 ], [ 55.155767560469101, 25.083471071726102, 0.0 ], [ 55.155897422495805, 25.0827851574048, 0.0 ], [ 55.154857998612201, 25.081827011749496, 0.0 ], [ 55.156589946974201, 25.080212177064098, 0.0 ], [ 55.157068911057003, 25.078722555912595, 0.0 ], [ 55.158332709029601, 25.077638267879504, 0.0 ] ] ] } },
{ "type": "Feature", "properties": { "id": "kml_213", "description": "<center><table><tr><th colspan='2' align='center'><em>Attributes</em></th></tr><tr bgcolor=\"#E3E3F3\">\n<th>OBJECTID</th>\n<td>213</td>\n</tr><tr bgcolor=\"\">\n<th>CNAME_E</th>\n<td>AL MIZHAR THIRD</td>\n</tr><tr bgcolor=\"#E3E3F3\">\n<th>CNAME_A</th>\n<td>المزهر الثالثة</td>\n</tr><tr bgcolor=\"\">\n<th>LABEL_E</th>\n<td>AL MIZHAR THIRD</td>\n</tr><tr bgcolor=\"#E3E3F3\">\n<th>LABEL_A</th>\n<td>المزهر الثالثة</td>\n</tr><tr bgcolor=\"\">\n<th>C_PREFIX_E</th>\n<td>Community:</td>\n</tr><tr bgcolor=\"#E3E3F3\">\n<th>C_PREFIX_A</th>\n<td>:???????</td>\n</tr><tr bgcolor=\"\">\n<th>COMMUNITY_E</th>\n<td>AL MIZHAR THIRD - 266</td>\n</tr><tr bgcolor=\"#E3E3F3\">\n<th>COMMUNITY_A</th>\n<td>المزهر الثالثة - 266</td>\n</tr><tr bgcolor=\"\">\n<th>DGIS_ID</th>\n<td>0000033</td>\n</tr><tr bgcolor=\"#E3E3F3\">\n<th>COMM_NUM</th>\n<td>266</td>\n</tr><tr bgcolor=\"\">\n<th>NDGIS_ID</th>\n<td>33</td>\n</tr></table></center>", "COMM_NUM": 266, "CNAME_E": "AL MIZHAR THIRD", "population": 6377.0, "area_km2": 2.426490143, "pop_density": 2628.07579, "anomaly_morning_mean": 5.4338, "anomaly_morning_median": 5.2511, "anomaly_morning_std": 0.9707, "anomaly_morning_min": 2.1573, "anomaly_morning_max": 7.7551, "anomaly_morning_count": 2692, "anomaly_morning_extreme_pct": 0.0, "anomaly_afternoon_mean": 0.4967, "anomaly_afternoon_median": 1.881, "anomaly_afternoon_std": 2.1992, "anomaly_afternoon_min": -5.9229, "anomaly_afternoon_max": 2.8691, "anomaly_afternoon_count": 2692, "anomaly_afternoon_extreme_pct": 0.1883, "anomaly_night_mean": 0.4688, "anomaly_night_median": 0.5549, "anomaly_night_std": 0.9106, "anomaly_night_min": -1.7841, "anomaly_night_max": 2.8043, "anomaly_night_count": 2692, "anomaly_night_extreme_pct": 0.0, "diurnal_range_mean": 0.028, "diurnal_range_std": 2.7599, "ndvi_mean": 0.0484, "green_fraction": 0.0097, "albedo_mean": 0.4001, "building_density_mean": 0.1174, "building_height_mean": 0.4716, "road_density_mean": 0.0974, "sand_fraction_mean": 0.5724, "water_fraction_mean": 0.0, "dist_to_coast_mean": 10464.8596 }, "geometry": { "type": "Polygon", "coordinates": [ [ [ 55.472616688531097, 25.269680880447702, 0.0 ], [ 55.469393924190598, 25.255204338413296, 0.0 ], [ 55.455926070991602, 25.257563193421699, 0.0 ], [ 55.457632719501106, 25.266588913686299, 0.0 ], [ 55.4610555727782, 25.2740694878364, 0.0 ], [ 55.472616688531097, 25.269680880447702, 0.0 ] ] ] } },
{ "type": "Feature", "properties": { "id": "kml_215", "description": "<center><table><tr><th colspan='2' align='center'><em>Attributes</em></th></tr><tr bgcolor=\"#E3E3F3\">\n<th>OBJECTID</th>\n<td>215</td>\n</tr><tr bgcolor=\"\">\n<th>CNAME_E</th>\n<td>WARSAN SECOND</td>\n</tr><tr bgcolor=\"#E3E3F3\">\n<th>CNAME_A</th>\n<td>ورسان الثانية</td>\n</tr><tr bgcolor=\"\">\n<th>LABEL_E</th>\n<td>WARSAN SECOND</td>\n</tr><tr bgcolor=\"#E3E3F3\">\n<th>LABEL_A</th>\n<td>ورسان الثانية</td>\n</tr><tr bgcolor=\"\">\n<th>C_PREFIX_E</th>\n<td>Community:</td>\n</tr><tr bgcolor=\"#E3E3F3\">\n<th>C_PREFIX_A</th>\n<td>:???????</td>\n</tr><tr bgcolor=\"\">\n<th>COMMUNITY_E</th>\n<td>WARSAN SECOND - 622</td>\n</tr><tr bgcolor=\"#E3E3F3\">\n<th>COMMUNITY_A</th>\n<td>ورسان الثانية - 622</td>\n</tr><tr bgcolor=\"\">\n<th>DGIS_ID</th>\n<td>0000099</td>\n</tr><tr bgcolor=\"#E3E3F3\">\n<th>COMM_NUM</th>\n<td>622</td>\n</tr><tr bgcolor=\"\">\n<th>NDGIS_ID</th>\n<td>99</td>\n</tr></table></center>", "COMM_NUM": 622, "CNAME_E": "WARSAN SECOND", "population": 1504.0, "area_km2": 8.6261518236640011, "pop_density": 174.3535276, "anomaly_morning_mean": 6.6996, "anomaly_morning_median": 7.2583, "anomaly_morning_std": 2.2067, "anomaly_morning_min": -2.206, "anomaly_morning_max": 10.104, "anomaly_morning_count": 9585, "anomaly_morning_extreme_pct": 0.2527, "anomaly_afternoon_mean": 1.3806, "anomaly_afternoon_median": 2.5334, "anomaly_afternoon_std": 2.9378, "anomaly_afternoon_min": -15.9562, "anomaly_afternoon_max": 4.8811, "anomaly_afternoon_count": 9585, "anomaly_afternoon_extreme_pct": 0.5715, "anomaly_night_mean": -0.1934, "anomaly_night_median": -0.6667, "anomaly_night_std": 1.6063, "anomaly_night_min": -2.4814, "anomaly_night_max": 4.1169, "anomaly_night_count": 9585, "anomaly_night_extreme_pct": 0.0065, "diurnal_range_mean": 1.5741, "diurnal_range_std": 3.6815, "ndvi_mean": 0.0702, "green_fraction": 0.0738, "albedo_mean": 0.4077, "building_density_mean": 0.0401, "building_height_mean": 0.3545, "road_density_mean": 0.0221, "sand_fraction_mean": 0.561, "water_fraction_mean": 0.0013, "dist_to_coast_mean": 18119.0844 }, "geometry": { "type": "Polygon", "coordinates": [ [ [ 55.427610506775501, 25.174190628167498, 0.0 ], [ 55.460062073319598, 25.168036893041897, 0.0 ], [ 55.459573680852799, 25.165762440100099, 0.0 ], [ 55.458450111369103, 25.163118404941603, 0.0 ], [ 55.4567716565276, 25.160989378217696, 0.0 ], [ 55.4268296955401, 25.138903479088398, 0.0 ], [ 55.419367995611005, 25.147240197023596, 0.0 ], [ 55.417098136423903, 25.149146256896405, 0.0 ], [ 55.4178228316065, 25.150147874664398, 0.0 ], [ 55.4190534975166, 25.151347797130096, 0.0 ], [ 55.422367622223902, 25.153404063564, 0.0 ], [ 55.423092240300299, 25.154207054605696, 0.0 ], [ 55.423419327121003, 25.154857280901592, 0.0 ], [ 55.427112188246298, 25.1723469550871, 0.0 ], [ 55.427610506775501, 25.174190628167498, 0.0 ] ] ] } },
{ "type": "Feature", "properties": { "id": "kml_216", "description": "<center><table><tr><th colspan='2' align='center'><em>Attributes</em></th></tr><tr bgcolor=\"#E3E3F3\">\n<th>OBJECTID</th>\n<td>216</td>\n</tr><tr bgcolor=\"\">\n<th>CNAME_E</th>\n<td>AL QUSAIS IND. FIFTH</td>\n</tr><tr bgcolor=\"#E3E3F3\">\n<th>CNAME_A</th>\n<td>القصيص الصناعية الخامسة</td>\n</tr><tr bgcolor=\"\">\n<th>LABEL_E</th>\n<td>AL QUSAIS IND. FIFTH</td>\n</tr><tr bgcolor=\"#E3E3F3\">\n<th>LABEL_A</th>\n<td>القصيص الصناعية الخامسة</td>\n</tr><tr bgcolor=\"\">\n<th>C_PREFIX_E</th>\n<td>Community:</td>\n</tr><tr bgcolor=\"#E3E3F3\">\n<th>C_PREFIX_A</th>\n<td>:???????</td>\n</tr><tr bgcolor=\"\">\n<th>COMMUNITY_E</th>\n<td>AL QUSAIS IND. FIFTH - 248</td>\n</tr><tr bgcolor=\"#E3E3F3\">\n<th>COMMUNITY_A</th>\n<td>القصيص الصناعية الخامسة - 248</td>\n</tr><tr bgcolor=\"\">\n<th>DGIS_ID</th>\n<td>0000010</td>\n</tr><tr bgcolor=\"#E3E3F3\">\n<th>COMM_NUM</th>\n<td>248</td>\n</tr><tr bgcolor=\"\">\n<th>NDGIS_ID</th>\n<td>10</td>\n</tr></table></center>", "COMM_NUM": 248, "CNAME_E": "AL QUSAIS IND. FIFTH", "population": 21720.0, "area_km2": 2.395554953, "pop_density": 9066.792633, "anomaly_morning_mean": 6.1074, "anomaly_morning_median": 6.3674, "anomaly_morning_std": 1.1526, "anomaly_morning_min": -0.5726, "anomaly_morning_max": 8.5863, "anomaly_morning_count": 2660, "anomaly_morning_extreme_pct": 0.0034, "anomaly_afternoon_mean": -0.344, "anomaly_afternoon_median": 0.0008, "anomaly_afternoon_std": 1.5369, "anomaly_afternoon_min": -5.7765, "anomaly_afternoon_max": 2.6682, "anomaly_afternoon_count": 2660, "anomaly_afternoon_extreme_pct": 0.0019, "anomaly_night_mean": 0.3651, "anomaly_night_median": 0.2835, "anomaly_night_std": 1.414, "anomaly_night_min": -2.1597, "anomaly_night_max": 3.8995, "anomaly_night_count": 2660, "anomaly_night_extreme_pct": 0.0139, "diurnal_range_mean": -0.7092, "diurnal_range_std": 2.0669, "ndvi_mean": 0.0346, "green_fraction": 0.0199, "albedo_mean": 0.404, "building_density_mean": 0.1656, "building_height_mean": 2.0824, "road_density_mean": 0.069, "sand_fraction_mean": 0.4684, "water_fraction_mean": 0.0, "dist_to_coast_mean": 5191.7143 }, "geometry": { "type": "Polygon", "coordinates": [ [ [ 55.427746945712499, 25.2866964279822, 0.0 ], [ 55.426335638939406, 25.284882872439201, 0.0 ], [ 55.423989542802403, 25.281011694741196, 0.0 ], [ 55.422270069871502, 25.278503198389899, 0.0 ], [ 55.419590175737802, 25.279588045142098, 0.0 ], [ 55.415450652130602, 25.280547282804903, 0.0 ], [ 55.413068404721699, 25.281469356723001, 0.0 ], [ 55.400929585271101, 25.288471441432701, 0.0 ], [ 55.401764189129501, 25.289455013144394, 0.0 ], [ 55.407277959246798, 25.294444349476599, 0.0 ], [ 55.427746945712499, 25.2866964279822, 0.0 ] ] ] } },
{ "type": "Feature", "properties": { "id": "kml_219", "description": "<center><table><tr><th colspan='2' align='center'><em>Attributes</em></th></tr><tr bgcolor=\"#E3E3F3\">\n<th>OBJECTID</th>\n<td>219</td>\n</tr><tr bgcolor=\"\">\n<th>CNAME_E</th>\n<td>AL TWAR FIFTH</td>\n</tr><tr bgcolor=\"#E3E3F3\">\n<th>CNAME_A</th>\n<td>الطوار الخامسة</td>\n</tr><tr bgcolor=\"\">\n<th>LABEL_E</th>\n<td>AL TWAR FIFTH</td>\n</tr><tr bgcolor=\"#E3E3F3\">\n<th>LABEL_A</th>\n<td>الطوار الخامسة</td>\n</tr><tr bgcolor=\"\">\n<th>C_PREFIX_E</th>\n<td>Community:</td>\n</tr><tr bgcolor=\"#E3E3F3\">\n<th>C_PREFIX_A</th>\n<td>:???????</td>\n</tr><tr bgcolor=\"\">\n<th>COMMUNITY_E</th>\n<td>AL TWAR FIFTH - 233</td>\n</tr><tr bgcolor=\"#E3E3F3\">\n<th>COMMUNITY_A</th>\n<td>الطوار الخامسة - 233</td>\n</tr><tr bgcolor=\"\">\n<th>DGIS_ID</th>\n<td>0000027</td>\n</tr><tr bgcolor=\"#E3E3F3\">\n<th>COMM_NUM</th>\n<td>233</td>\n</tr><tr bgcolor=\"\">\n<th>NDGIS_ID</th>\n<td>27</td>\n</tr></table></center>", "COMM_NUM": 233, "CNAME_E": "AL TWAR FIFTH", "population": 14448.0, "area_km2": 1.791180188, "pop_density": 8066.190156, "anomaly_morning_mean": 4.9431, "anomaly_morning_median": 4.9563, "anomaly_morning_std": 0.8721, "anomaly_morning_min": 1.5468, "anomaly_morning_max": 7.2794, "anomaly_morning_count": 1991, "anomaly_morning_extreme_pct": 0.0, "anomaly_afternoon_mean": -0.3518, "anomaly_afternoon_median": 0.0925, "anomaly_afternoon_std": 1.5751, "anomaly_afternoon_min": -4.9168, "anomaly_afternoon_max": 2.2032, "anomaly_afternoon_count": 1991, "anomaly_afternoon_extreme_pct": 0.0, "anomaly_night_mean": 0.8101, "anomaly_night_median": 0.77, "anomaly_night_std": 1.1299, "anomaly_night_min": -1.8952, "anomaly_night_max": 3.5313, "anomaly_night_count": 1991, "anomaly_night_extreme_pct": 0.0075, "diurnal_range_mean": -1.1619, "diurnal_range_std": 2.0783, "ndvi_mean": 0.0392, "green_fraction": 0.01, "albedo_mean": 0.3865, "building_density_mean": 0.1841, "building_height_mean": 0.7076, "road_density_mean": 0.1143, "sand_fraction_mean": 0.4108, "water_fraction_mean": 0.0, "dist_to_coast_mean": 4900.7594 }, "geometry": { "type": "Polygon", "coordinates": [ [ [ 55.384730517722502, 25.277654442240088, 0.0 ], [ 55.396293540253097, 25.270951822586497, 0.0 ], [ 55.395130959072397, 25.268912178529902, 0.0 ], [ 55.389667152332102, 25.261051713425598, 0.0 ], [ 55.377955855201307, 25.267934410188492, 0.0 ], [ 55.384730517722502, 25.277654442240088, 0.0 ] ] ] } },
{ "type": "Feature", "properties": { "id": "kml_220", "description": "<center><table><tr><th colspan='2' align='center'><em>Attributes</em></th></tr><tr bgcolor=\"#E3E3F3\">\n<th>OBJECTID</th>\n<td>220</td>\n</tr><tr bgcolor=\"\">\n<th>CNAME_E</th>\n<td>AL RAS</td>\n</tr><tr bgcolor=\"#E3E3F3\">\n<th>CNAME_A</th>\n<td>الراس</td>\n</tr><tr bgcolor=\"\">\n<th>LABEL_E</th>\n<td>AL RAS</td>\n</tr><tr bgcolor=\"#E3E3F3\">\n<th>LABEL_A</th>\n<td>الراس</td>\n</tr><tr bgcolor=\"\">\n<th>C_PREFIX_E</th>\n<td>Community:</td>\n</tr><tr bgcolor=\"#E3E3F3\">\n<th>C_PREFIX_A</th>\n<td>:???????</td>\n</tr><tr bgcolor=\"\">\n<th>COMMUNITY_E</th>\n<td>AL RAS - 112</td>\n</tr><tr bgcolor=\"#E3E3F3\">\n<th>COMMUNITY_A</th>\n<td>الراس - 112</td>\n</tr><tr bgcolor=\"\">\n<th>DGIS_ID</th>\n<td>0000034</td>\n</tr><tr bgcolor=\"#E3E3F3\">\n<th>COMM_NUM</th>\n<td>112</td>\n</tr><tr bgcolor=\"\">\n<th>NDGIS_ID</th>\n<td>34</td>\n</tr></table></center>", "COMM_NUM": 112, "CNAME_E": "AL RAS", "population": 9129.0, "area_km2": 0.30608823216299996, "pop_density": 29824.73366, "anomaly_morning_mean": 1.7281, "anomaly_morning_median": 1.7426, "anomaly_morning_std": 1.1851, "anomaly_morning_min": -5.1373, "anomaly_morning_max": 5.3966, "anomaly_morning_count": 337, "anomaly_morning_extreme_pct": 0.0, "anomaly_afternoon_mean": -1.0553, "anomaly_afternoon_median": -0.8324, "anomaly_afternoon_std": 1.7504, "anomaly_afternoon_min": -11.4236, "anomaly_afternoon_max": 1.185, "anomaly_afternoon_count": 337, "anomaly_afternoon_extreme_pct": 0.0, "anomaly_night_mean": 2.0759, "anomaly_night_median": 2.0818, "anomaly_night_std": 0.6285, "anomaly_night_min": -0.5865, "anomaly_night_max": 3.4626, "anomaly_night_count": 337, "anomaly_night_extreme_pct": 0.0059, "diurnal_range_mean": -3.1312, "diurnal_range_std": 1.7006, "ndvi_mean": 0.0156, "green_fraction": 0.003, "albedo_mean": 0.345, "building_density_mean": 0.3375, "building_height_mean": 4.3413, "road_density_mean": 0.127, "sand_fraction_mean": 0.0475, "water_fraction_mean": 0.0208, "dist_to_coast_mean": 706.6476 }, "geometry": { "type": "Polygon", "coordinates": [ [ [ 55.297508133251299, 25.2682419623385, 0.0 ], [ 55.297896090761398, 25.267258298332095, 0.0 ], [ 55.298450867181899, 25.267337047945201, 0.0 ], [ 55.298556463712998, 25.2669172176983, 0.0 ], [ 55.297639342703597, 25.266703104897893, 0.0 ], [ 55.2975658914024, 25.266892152956004, 0.0 ], [ 55.297174146412502, 25.266782118071696, 0.0 ], [ 55.294990819640603, 25.265794835986291, 0.0 ], [ 55.294177824538203, 25.265748403557801, 0.0 ], [ 55.293307632687799, 25.265932107490897, 0.0 ], [ 55.292479988114998, 25.266527573642897, 0.0 ], [ 55.292143943248298, 25.267151789159705, 0.0 ], [ 55.292154095758697, 25.267720592877499, 0.0 ], [ 55.292635822892301, 25.268509582188202, 0.0 ], [ 55.2945337651541, 25.269915412975905, 0.0 ], [ 55.295217719771003, 25.270688260990092, 0.0 ], [ 55.295683021621002, 25.271691088956796, 0.0 ], [ 55.295839861927902, 25.272981947691893, 0.0 ], [ 55.2974122057283, 25.273596807524601, 0.0 ], [ 55.297547639811903, 25.273202309022899, 0.0 ], [ 55.298299177913599, 25.272399154537293, 0.0 ], [ 55.297651092303902, 25.271493540284993, 0.0 ], [ 55.298293368100403, 25.2707810549458, 0.0 ], [ 55.2984303313293, 25.2708159321908, 0.0 ], [ 55.298614750347298, 25.270358642252202, 0.0 ], [ 55.298977890736197, 25.270413874075899, 0.0 ], [ 55.299008491988602, 25.270293720808397, 0.0 ], [ 55.2983313246054, 25.270079320442196, 0.0 ], [ 55.297274499666798, 25.2692456885738, 0.0 ], [ 55.297532771549001, 25.268722176677095, 0.0 ], [ 55.297508133251299, 25.2682419623385, 0.0 ] ] ] } },
{ "type": "Feature", "properties": { "id": "kml_221", "description": "<center><table><tr><th colspan='2' align='center'><em>Attributes</em></th></tr><tr bgcolor=\"#E3E3F3\">\n<th>OBJECTID</th>\n<td>221</td>\n</tr><tr bgcolor=\"\">\n<th>CNAME_E</th>\n<td>DUBAI INVESTMENT PARK SECOND</td>\n</tr><tr bgcolor=\"#E3E3F3\">\n<th>CNAME_A</th>\n<td>مجمع دبي للاستثمار الثاني</td>\n</tr><tr bgcolor=\"\">\n<th>LABEL_E</th>\n<td>DUBAI INVESTMENT PARK SECOND</td>\n</tr><tr bgcolor=\"#E3E3F3\">\n<th>LABEL_A</th>\n<td>مجمع دبي للاستثمار الثاني</td>\n</tr><tr bgcolor=\"\">\n<th>C_PREFIX_E</th>\n<td>Community:</td>\n</tr><tr bgcolor=\"#E3E3F3\">\n<th>C_PREFIX_A</th>\n<td>:???????</td>\n</tr><tr bgcolor=\"\">\n<th>COMMUNITY_E</th>\n<td>DUBAI INVESTMENT PARK SECOND - 597</td>\n</tr><tr bgcolor=\"#E3E3F3\">\n<th>COMMUNITY_A</th>\n<td>مجمع دبي للاستثمار الثاني - 597</td>\n</tr><tr bgcolor=\"\">\n<th>DGIS_ID</th>\n<td>0000137</td>\n</tr><tr bgcolor=\"#E3E3F3\">\n<th>COMM_NUM</th>\n<td>597</td>\n</tr><tr bgcolor=\"\">\n<th>NDGIS_ID</th>\n<td>137</td>\n</tr></table></center>", "COMM_NUM": 597, "CNAME_E": "DUBAI INVESTMENT PARK SECOND", "population": 88789.0, "area_km2": 18.774204292500002, "pop_density": 4729.30829, "anomaly_morning_mean": 7.2084, "anomaly_morning_median": 7.3362, "anomaly_morning_std": 1.1446, "anomaly_morning_min": -2.1305, "anomaly_morning_max": 10.1212, "anomaly_morning_count": 20862, "anomaly_morning_extreme_pct": 0.2174, "anomaly_afternoon_mean": 1.1615, "anomaly_afternoon_median": 1.7462, "anomaly_afternoon_std": 1.7345, "anomaly_afternoon_min": -16.1419, "anomaly_afternoon_max": 4.3118, "anomaly_afternoon_count": 20862, "anomaly_afternoon_extreme_pct": 0.1922, "anomaly_night_mean": -0.9451, "anomaly_night_median": -1.2174, "anomaly_night_std": 1.3957, "anomaly_night_min": -2.9786, "anomaly_night_max": 3.8961, "anomaly_night_count": 20862, "anomaly_night_extreme_pct": 0.0015, "diurnal_range_mean": 2.1066, "diurnal_range_std": 2.646, "ndvi_mean": 0.0406, "green_fraction": 0.0147, "albedo_mean": 0.4519, "building_density_mean": 0.1428, "building_height_mean": 1.3355, "road_density_mean": 0.0329, "sand_fraction_mean": 0.624, "water_fraction_mean": 0.0005, "dist_to_coast_mean": 13139.8148 }, "geometry": { "type": "Polygon", "coordinates": [ [ [ 55.215669491935905, 24.989708656053196, 0.0 ], [ 55.240747784846803, 24.9782072838725, 0.0 ], [ 55.2393644788106, 24.973900299074192, 0.0 ], [ 55.234438574014298, 24.953774777490498, 0.0 ], [ 55.230912752450799, 24.954557789835693, 0.0 ], [ 55.229189574587799, 24.9547822832136, 0.0 ], [ 55.219821751960602, 24.955100430153092, 0.0 ], [ 55.216147522974303, 24.955612153725095, 0.0 ], [ 55.213473165320998, 24.956368337509399, 0.0 ], [ 55.2063208585948, 24.959088720576592, 0.0 ], [ 55.204339711531098, 24.959691861416697, 0.0 ], [ 55.185460364435698, 24.963808912022202, 0.0 ], [ 55.182003461364801, 24.964437364562801, 0.0 ], [ 55.1855574066714, 24.982053572204098, 0.0 ], [ 55.185674383843399, 24.983624470038301, 0.0 ], [ 55.185609541764897, 24.988156199428701, 0.0 ], [ 55.185814958268303, 24.9903320243201, 0.0 ], [ 55.186524736304101, 24.993176379526702, 0.0 ], [ 55.1878584032928, 24.996192863556502, 0.0 ], [ 55.191752700956897, 24.994959857310999, 0.0 ], [ 55.194992683007598, 24.9941594603164, 0.0 ], [ 55.198291828504701, 24.993566678094698, 0.0 ], [ 55.204909489030896, 24.992714927011097, 0.0 ], [ 55.209843399500201, 24.991635806492496, 0.0 ], [ 55.215669491935905, 24.989708656053196, 0.0 ] ] ] } },
{ "type": "Feature", "properties": { "id": "kml_223", "description": "<center><table><tr><th colspan='2' align='center'><em>Attributes</em></th></tr><tr bgcolor=\"#E3E3F3\">\n<th>OBJECTID</th>\n<td>223</td>\n</tr><tr bgcolor=\"\">\n<th>CNAME_E</th>\n<td>RAS AL KHOR IND. SECOND</td>\n</tr><tr bgcolor=\"#E3E3F3\">\n<th>CNAME_A</th>\n<td>رأس الخور الصناعية الثانية</td>\n</tr><tr bgcolor=\"\">\n<th>LABEL_E</th>\n<td>RAS AL KHOR IND. SECOND</td>\n</tr><tr bgcolor=\"#E3E3F3\">\n<th>LABEL_A</th>\n<td>رأس الخور الصناعية الثانية</td>\n</tr><tr bgcolor=\"\">\n<th>C_PREFIX_E</th>\n<td>Community:</td>\n</tr><tr bgcolor=\"#E3E3F3\">\n<th>C_PREFIX_A</th>\n<td>:???????</td>\n</tr><tr bgcolor=\"\">\n<th>COMMUNITY_E</th>\n<td>RAS AL KHOR IND. SECOND - 613</td>\n</tr><tr bgcolor=\"#E3E3F3\">\n<th>COMMUNITY_A</th>\n<td>رأس الخور الصناعية الثانية - 613</td>\n</tr><tr bgcolor=\"\">\n<th>DGIS_ID</th>\n<td>0000091</td>\n</tr><tr bgcolor=\"#E3E3F3\">\n<th>COMM_NUM</th>\n<td>613</td>\n</tr><tr bgcolor=\"\">\n<th>NDGIS_ID</th>\n<td>91</td>\n</tr></table></center>", "COMM_NUM": 613, "CNAME_E": "RAS AL KHOR IND. SECOND", "population": 2246.0, "area_km2": 4.173756228, "pop_density": 538.1243842, "anomaly_morning_mean": 8.5068, "anomaly_morning_median": 8.6647, "anomaly_morning_std": 0.6907, "anomaly_morning_min": 5.6741, "anomaly_morning_max": 9.9514, "anomaly_morning_count": 4635, "anomaly_morning_extreme_pct": 0.7497, "anomaly_afternoon_mean": 0.8844, "anomaly_afternoon_median": 1.0769, "anomaly_afternoon_std": 1.4156, "anomaly_afternoon_min": -4.7308, "anomaly_afternoon_max": 3.3596, "anomaly_afternoon_count": 4635, "anomaly_afternoon_extreme_pct": 0.1592, "anomaly_night_mean": 0.8637, "anomaly_night_median": 0.7626, "anomaly_night_std": 0.9303, "anomaly_night_min": -1.8269, "anomaly_night_max": 3.3448, "anomaly_night_count": 4635, "anomaly_night_extreme_pct": 0.0002, "diurnal_range_mean": 0.0208, "diurnal_range_std": 1.7045, "ndvi_mean": 0.0155, "green_fraction": 0.0006, "albedo_mean": 0.3882, "building_density_mean": 0.3858, "building_height_mean": 2.8739, "road_density_mean": 0.0575, "sand_fraction_mean": 0.1918, "water_fraction_mean": 0.0, "dist_to_coast_mean": 11535.1741 }, "geometry": { "type": "Polygon", "coordinates": [ [ [ 55.370842134209298, 25.184922230760002, 0.0 ], [ 55.371070181538499, 25.184497891844195, 0.0 ], [ 55.370256263899201, 25.183116927157997, 0.0 ], [ 55.365857413708198, 25.168015344432693, 0.0 ], [ 55.361334347812303, 25.168837750997298, 0.0 ], [ 55.345929433511301, 25.169255117886692, 0.0 ], [ 55.346466820854801, 25.185431928218399, 0.0 ], [ 55.364145841364099, 25.185862611048297, 0.0 ], [ 55.367816462959198, 25.185518765533292, 0.0 ], [ 55.370842134209298, 25.184922230760002, 0.0 ] ] ] } },
{ "type": "Feature", "properties": { "id": "kml_224", "description": "<center><table><tr><th colspan='2' align='center'><em>Attributes</em></th></tr><tr bgcolor=\"#E3E3F3\">\n<th>OBJECTID</th>\n<td>224</td>\n</tr><tr bgcolor=\"\">\n<th>CNAME_E</th>\n<td>WARSAN FOURTH</td>\n</tr><tr bgcolor=\"#E3E3F3\">\n<th>CNAME_A</th>\n<td>ورسان الرابعة</td>\n</tr><tr bgcolor=\"\">\n<th>LABEL_E</th>\n<td>WARSAN FOURTH</td>\n</tr><tr bgcolor=\"#E3E3F3\">\n<th>LABEL_A</th>\n<td>ورسان الرابعة</td>\n</tr><tr bgcolor=\"\">\n<th>C_PREFIX_E</th>\n<td>Community:</td>\n</tr><tr bgcolor=\"#E3E3F3\">\n<th>C_PREFIX_A</th>\n<td>:???????</td>\n</tr><tr bgcolor=\"\">\n<th>COMMUNITY_E</th>\n<td>WARSAN FOURTH - 624</td>\n</tr><tr bgcolor=\"#E3E3F3\">\n<th>COMMUNITY_A</th>\n<td>ورسان الرابعة - 624</td>\n</tr><tr bgcolor=\"\">\n<th>DGIS_ID</th>\n<td>0000232</td>\n</tr><tr bgcolor=\"#E3E3F3\">\n<th>COMM_NUM</th>\n<td>624</td>\n</tr><tr bgcolor=\"\">\n<th>NDGIS_ID</th>\n<td>232</td>\n</tr></table></center>", "COMM_NUM": 624, "CNAME_E": "WARSAN FOURTH", "population": 20882.0, "area_km2": 7.8971939642479994, "pop_density": 2644.230355, "anomaly_morning_mean": 8.2107, "anomaly_morning_median": 8.7419, "anomaly_morning_std": 1.2081, "anomaly_morning_min": 2.7575, "anomaly_morning_max": 9.8939, "anomaly_morning_count": 8768, "anomaly_morning_extreme_pct": 0.638, "anomaly_afternoon_mean": 2.6491, "anomaly_afternoon_median": 2.9614, "anomaly_afternoon_std": 1.4384, "anomaly_afternoon_min": -4.7881, "anomaly_afternoon_max": 4.9045, "anomaly_afternoon_count": 8768, "anomaly_afternoon_extreme_pct": 0.8148, "anomaly_night_mean": -0.5049, "anomaly_night_median": -1.0136, "anomaly_night_std": 1.3112, "anomaly_night_min": -2.4907, "anomaly_night_max": 4.1402, "anomaly_night_count": 8768, "anomaly_night_extreme_pct": 0.0086, "diurnal_range_mean": 3.154, "diurnal_range_std": 2.4981, "ndvi_mean": 0.0456, "green_fraction": 0.0046, "albedo_mean": 0.4215, "building_density_mean": 0.0403, "building_height_mean": 0.3662, "road_density_mean": 0.0859, "sand_fraction_mean": 0.8534, "water_fraction_mean": 0.0, "dist_to_coast_mean": 17680.3686 }, "geometry": { "type": "Polygon", "coordinates": [ [ [ 55.399978818919401, 25.140302731065397, 0.0 ], [ 55.384997237302201, 25.145626330508101, 0.0 ], [ 55.391108711518598, 25.160515004394302, 0.0 ], [ 55.397405128985206, 25.156657763787504, 0.0 ], [ 55.4088779754995, 25.152012330005402, 0.0 ], [ 55.414431098733004, 25.150465726871101, 0.0 ], [ 55.4168503012393, 25.149308889231499, 0.0 ], [ 55.418297588669397, 25.148260900183107, 0.0 ], [ 55.419367996851499, 25.147240198151298, 0.0 ], [ 55.426829696780601, 25.138903480216001, 0.0 ], [ 55.4082291092503, 25.125232559428497, 0.0 ], [ 55.404243947555102, 25.129494150995402, 0.0 ], [ 55.401907945080801, 25.131145714684902, 0.0 ], [ 55.395751609251199, 25.133319008384998, 0.0 ], [ 55.394795018959201, 25.133996145327899, 0.0 ], [ 55.395928283744198, 25.1343893927179, 0.0 ], [ 55.396658955192201, 25.136426582631302, 0.0 ], [ 55.398902694465903, 25.139360989537998, 0.0 ], [ 55.399978818919401, 25.140302731065397, 0.0 ] ] ] } }
]
}
