txn_type,txn_date,txn_time,start_location,end_location,line_name,start_zone,end_zone
Check out,31/10/2025,5:04:53,Emirates Metro Station,Emirates Metro Station,Red Metro Line,Zone 5,Zone 5
Check out,31/10/2025,5:10:43,Emirates Metro Station,Emirates Metro Station,Red Metro Line,Zone 5,Zone 5
Check out,31/10/2025,5:10:54,Emirates Metro Station,Emirates Metro Station,Red Metro Line,Zone 5,Zone 5
Check out,31/10/2025,5:10:58,Emirates Metro Station,Emirates Metro Station,Red Metro Line,Zone 5,Zone 5
Check out,31/10/2025,5:11:02,Emirates Metro Station,Emirates Metro Station,Red Metro Line,Zone 5,Zone 5
Check out,31/10/2025,5:11:11,Emirates Metro Station,Emirates Metro Station,Red Metro Line,Zone 5,Zone 5
Check out,31/10/2025,5:11:17,Emirates Metro Station,Emirates Metro Station,Red Metro Line,Zone 5,Zone 5
Check out,31/10/2025,5:12:11,Emirates Metro Station,Emirates Metro Station,Red Metro Line,Zone 5,Zone 5
Check out,31/10/2025,5:23:24,Emirates Metro Station,Emirates Metro Station,Red Metro Line,Zone 5,Zone 5
Check out,31/10/2025,5:25:00,Emirates Metro Station,Emirates Metro Station,Red Metro Line,Zone 5,Zone 5
Check out,31/10/2025,5:25:13,Emirates Metro Station,Emirates Metro Station,Red Metro Line,Zone 5,Zone 5
Check out,31/10/2025,5:25:20,Emirates Metro Station,Emirates Metro Station,Red Metro Line,Zone 5,Zone 5
Check out,31/10/2025,5:25:28,Emirates Metro Station,Emirates Metro Station,Red Metro Line,Zone 5,Zone 5
Check out,31/10/2025,5:25:34,Emirates Metro Station,Emirates Metro Station,Red Metro Line,Zone 5,Zone 5
Check out,31/10/2025,5:25:35,Emirates Metro Station,Emirates Metro Station,Red Metro Line,Zone 5,Zone 5
Check out,31/10/2025,5:25:39,Emirates Metro Station,Emirates Metro Station,Red Metro Line,Zone 5,Zone 5
Check out,31/10/2025,5:25:45,Emirates Metro Station,Emirates Metro Station,Red Metro Line,Zone 5,Zone 5
Check out,31/10/2025,5:26:04,Emirates Metro Station,Emirates Metro Station,Red Metro Line,Zone 5,Zone 5
Check out,31/10/2025,5:26:53,Emirates Metro Station,Emirates Metro Station,Red Metro Line,Zone 5,Zone 5
Check out,31/10/2025,5:30:56,Emirates Metro Station,Emirates Metro Station,Red Metro Line,Zone 5,Zone 5
Check out,31/10/2025,5:31:17,Emirates Metro Station,Emirates Metro Station,Red Metro Line,Zone 5,Zone 5
Check out,31/10/2025,5:40:23,Emirates Metro Station,Emirates Metro Station,Red Metro Line,Zone 5,Zone 5
Check out,31/10/2025,5:40:24,Emirates Metro Station,Emirates Metro Station,Red Metro Line,Zone 5,Zone 5
Check out,31/10/2025,5:40:34,Emirates Metro Station,Emirates Metro Station,Red Metro Line,Zone 5,Zone 5
Check out,31/10/2025,5:40:42,Emirates Metro Station,Emirates Metro Station,Red Metro Line,Zone 5,Zone 5
Check out,31/10/2025,5:40:44,Emirates Metro Station,Emirates Metro Station,Red Metro Line,Zone 5,Zone 5
Check out,31/10/2025,5:40:45,Emirates Metro Station,Emirates Metro Station,Red Metro Line,Zone 5,Zone 5
Check out,31/10/2025,5:40:49,Emirates Metro Station,Emirates Metro Station,Red Metro Line,Zone 5,Zone 5
Check out,31/10/2025,5:40:50,Emirates Metro Station,Emirates Metro Station,Red Metro Line,Zone 5,Zone 5
Check out,31/10/2025,5:40:51,Emirates Metro Station,Emirates Metro Station,Red Metro Line,Zone 5,Zone 5
Check out,31/10/2025,5:40:56,Emirates Metro Station,Emirates Metro Station,Red Metro Line,Zone 5,Zone 5
Check out,31/10/2025,5:41:02,Emirates Metro Station,Emirates Metro Station,Red Metro Line,Zone 5,Zone 5
Check out,31/10/2025,5:41:03,Emirates Metro Station,Emirates Metro Station,Red Metro Line,Zone 5,Zone 5
Check out,31/10/2025,5:41:04,Emirates Metro Station,Emirates Metro Station,Red Metro Line,Zone 5,Zone 5
Check out,31/10/2025,5:41:05,Emirates Metro Station,Emirates Metro Station,Red Metro Line,Zone 5,Zone 5
Check out,31/10/2025,5:41:06,Emirates Metro Station,Emirates Metro Station,Red Metro Line,Zone 5,Zone 5
Check out,31/10/2025,5:41:07,Emirates Metro Station,Emirates Metro Station,Red Metro Line,Zone 5,Zone 5
Check out,31/10/2025,5:41:08,Emirates Metro Station,Emirates Metro Station,Red Metro Line,Zone 5,Zone 5
Check out,31/10/2025,5:41:10,Emirates Metro Station,Emirates Metro Station,Red Metro Line,Zone 5,Zone 5
Check out,31/10/2025,5:41:12,Emirates Metro Station,Emirates Metro Station,Red Metro Line,Zone 5,Zone 5
Check out,31/10/2025,5:41:13,Emirates Metro Station,Emirates Metro Station,Red Metro Line,Zone 5,Zone 5
Check out,31/10/2025,5:41:21,Emirates Metro Station,Emirates Metro Station,Red Metro Line,Zone 5,Zone 5
Check out,31/10/2025,5:41:22,Emirates Metro Station,Emirates Metro Station,Red Metro Line,Zone 5,Zone 5
Check out,31/10/2025,5:42:58,Emirates Metro Station,Emirates Metro Station,Red Metro Line,Zone 5,Zone 5
Check out,31/10/2025,5:43:13,Emirates Metro Station,Emirates Metro Station,Red Metro Line,Zone 5,Zone 5
Check out,31/10/2025,5:43:15,Emirates Metro Station,Emirates Metro Station,Red Metro Line,Zone 5,Zone 5
Check out,31/10/2025,5:43:30,Emirates Metro Station,Emirates Metro Station,Red Metro Line,Zone 5,Zone 5
Check out,31/10/2025,5:43:44,Emirates Metro Station,Emirates Metro Station,Red Metro Line,Zone 5,Zone 5
Check out,31/10/2025,5:43:46,Emirates Metro Station,Emirates Metro Station,Red Metro Line,Zone 5,Zone 5
Check out,31/10/2025,5:45:28,Emirates Metro Station,Emirates Metro Station,Red Metro Line,Zone 5,Zone 5
Check out,31/10/2025,5:47:08,Emirates Metro Station,Emirates Metro Station,Red Metro Line,Zone 5,Zone 5
Check out,31/10/2025,5:51:05,Emirates Metro Station,Emirates Metro Station,Red Metro Line,Zone 5,Zone 5
Check out,31/10/2025,5:51:09,Emirates Metro Station,Emirates Metro Station,Red Metro Line,Zone 5,Zone 5
Check out,31/10/2025,5:51:14,Emirates Metro Station,Emirates Metro Station,Red Metro Line,Zone 5,Zone 5
Check out,31/10/2025,5:54:55,Emirates Metro Station,Emirates Metro Station,Red Metro Line,Zone 5,Zone 5
Check out,31/10/2025,5:54:57,Emirates Metro Station,Emirates Metro Station,Red Metro Line,Zone 5,Zone 5
Check out,31/10/2025,5:54:59,Emirates Metro Station,Emirates Metro Station,Red Metro Line,Zone 5,Zone 5
Check out,31/10/2025,5:55:00,Emirates Metro Station,Emirates Metro Station,Red Metro Line,Zone 5,Zone 5
Check out,31/10/2025,5:55:01,Emirates Metro Station,Emirates Metro Station,Red Metro Line,Zone 5,Zone 5
Check out,31/10/2025,5:55:05,Emirates Metro Station,Emirates Metro Station,Red Metro Line,Zone 5,Zone 5
Check out,31/10/2025,5:55:10,Emirates Metro Station,Emirates Metro Station,Red Metro Line,Zone 5,Zone 5
Check out,31/10/2025,5:55:12,Emirates Metro Station,Emirates Metro Station,Red Metro Line,Zone 5,Zone 5
Check out,31/10/2025,5:55:17,Emirates Metro Station,Emirates Metro Station,Red Metro Line,Zone 5,Zone 5
Check out,31/10/2025,5:55:20,Emirates Metro Station,Emirates Metro Station,Red Metro Line,Zone 5,Zone 5
Check out,31/10/2025,5:55:21,Emirates Metro Station,Emirates Metro Station,Red Metro Line,Zone 5,Zone 5
Check out,31/10/2025,5:55:22,Emirates Metro Station,Emirates Metro Station,Red Metro Line,Zone 5,Zone 5
Check out,31/10/2025,5:55:23,Emirates Metro Station,Emirates Metro Station,Red Metro Line,Zone 5,Zone 5
Check out,31/10/2025,5:55:24,Emirates Metro Station,Emirates Metro Station,Red Metro Line,Zone 5,Zone 5
Check out,31/10/2025,5:55:27,Emirates Metro Station,Emirates Metro Station,Red Metro Line,Zone 5,Zone 5
Check out,31/10/2025,5:55:31,Emirates Metro Station,Emirates Metro Station,Red Metro Line,Zone 5,Zone 5
Check out,31/10/2025,5:55:34,Emirates Metro Station,Emirates Metro Station,Red Metro Line,Zone 5,Zone 5
Check out,31/10/2025,5:55:35,Emirates Metro Station,Emirates Metro Station,Red Metro Line,Zone 5,Zone 5
Check out,31/10/2025,5:55:36,Emirates Metro Station,Emirates Metro Station,Red Metro Line,Zone 5,Zone 5
Check out,31/10/2025,5:55:43,Emirates Metro Station,Emirates Metro Station,Red Metro Line,Zone 5,Zone 5
Check out,31/10/2025,5:56:20,Emirates Metro Station,Emirates Metro Station,Red Metro Line,Zone 5,Zone 5
Check out,31/10/2025,5:59:29,Emirates Metro Station,Emirates Metro Station,Red Metro Line,Zone 5,Zone 5
Check out,31/10/2025,6:03:14,Emirates Metro Station,Emirates Metro Station,Red Metro Line,Zone 5,Zone 5
Check out,31/10/2025,6:03:19,Emirates Metro Station,Emirates Metro Station,Red Metro Line,Zone 5,Zone 5
Check out,31/10/2025,6:03:20,Emirates Metro Station,Emirates Metro Station,Red Metro Line,Zone 5,Zone 5
Check out,31/10/2025,6:03:31,Emirates Metro Station,Emirates Metro Station,Red Metro Line,Zone 5,Zone 5
Check out,31/10/2025,6:04:41,Emirates Metro Station,Emirates Metro Station,Red Metro Line,Zone 5,Zone 5
Check out,31/10/2025,6:04:46,Emirates Metro Station,Emirates Metro Station,Red Metro Line,Zone 5,Zone 5
Check out,31/10/2025,6:04:50,Emirates Metro Station,Emirates Metro Station,Red Metro Line,Zone 5,Zone 5
Check out,31/10/2025,6:05:04,Emirates Metro Station,Emirates Metro Station,Red Metro Line,Zone 5,Zone 5
Check out,31/10/2025,6:05:24,Emirates Metro Station,Emirates Metro Station,Red Metro Line,Zone 5,Zone 5
Check out,31/10/2025,6:05:30,Emirates Metro Station,Emirates Metro Station,Red Metro Line,Zone 5,Zone 5
Check out,31/10/2025,6:05:31,Emirates Metro Station,Emirates Metro Station,Red Metro Line,Zone 5,Zone 5
Check out,31/10/2025,6:07:10,Emirates Metro Station,Emirates Metro Station,Red Metro Line,Zone 5,Zone 5
Check out,31/10/2025,6:07:29,Emirates Metro Station,Emirates Metro Station,Red Metro Line,Zone 5,Zone 5
Check out,31/10/2025,6:11:26,Emirates Metro Station,Emirates Metro Station,Red Metro Line,Zone 5,Zone 5
Check out,31/10/2025,6:12:18,Emirates Metro Station,Emirates Metro Station,Red Metro Line,Zone 5,Zone 5
Check out,31/10/2025,6:12:22,Emirates Metro Station,Emirates Metro Station,Red Metro Line,Zone 5,Zone 5
Check out,31/10/2025,6:12:25,Emirates Metro Station,Emirates Metro Station,Red Metro Line,Zone 5,Zone 5
Check out,31/10/2025,6:12:36,Emirates Metro Station,Emirates Metro Station,Red Metro Line,Zone 5,Zone 5
Check out,31/10/2025,6:12:51,Emirates Metro Station,Emirates Metro Station,Red Metro Line,Zone 5,Zone 5
Check out,31/10/2025,6:13:03,Emirates Metro Station,Emirates Metro Station,Red Metro Line,Zone 5,Zone 5
Check out,31/10/2025,6:13:04,Emirates Metro Station,Emirates Metro Station,Red Metro Line,Zone 5,Zone 5
Check out,31/10/2025,6:15:04,Emirates Metro Station,Emirates Metro Station,Red Metro Line,Zone 5,Zone 5
Check out,31/10/2025,6:15:05,Emirates Metro Station,Emirates Metro Station,Red Metro Line,Zone 5,Zone 5
Check out,31/10/2025,6:15:09,Emirates Metro Station,Emirates Metro Station,Red Metro Line,Zone 5,Zone 5
Check out,31/10/2025,6:15:21,Emirates Metro Station,Emirates Metro Station,Red Metro Line,Zone 5,Zone 5
Check out,31/10/2025,6:15:59,Emirates Metro Station,Emirates Metro Station,Red Metro Line,Zone 5,Zone 5
Check out,31/10/2025,6:16:06,Emirates Metro Station,Emirates Metro Station,Red Metro Line,Zone 5,Zone 5
Check out,31/10/2025,6:16:11,Emirates Metro Station,Emirates Metro Station,Red Metro Line,Zone 5,Zone 5
Check out,31/10/2025,6:16:14,Emirates Metro Station,Emirates Metro Station,Red Metro Line,Zone 5,Zone 5
Check out,31/10/2025,6:16:31,Emirates Metro Station,Emirates Metro Station,Red Metro Line,Zone 5,Zone 5
Check out,31/10/2025,6:16:32,Emirates Metro Station,Emirates Metro Station,Red Metro Line,Zone 5,Zone 5
Check out,31/10/2025,6:16:35,Emirates Metro Station,Emirates Metro Station,Red Metro Line,Zone 5,Zone 5
Check out,31/10/2025,6:17:26,Emirates Metro Station,Emirates Metro Station,Red Metro Line,Zone 5,Zone 5
Check out,31/10/2025,6:19:18,Emirates Metro Station,Emirates Metro Station,Red Metro Line,Zone 5,Zone 5
Check out,31/10/2025,6:19:29,Emirates Metro Station,Emirates Metro Station,Red Metro Line,Zone 5,Zone 5
Check out,31/10/2025,6:19:45,Emirates Metro Station,Emirates Metro Station,Red Metro Line,Zone 5,Zone 5
Check out,31/10/2025,6:20:09,Emirates Metro Station,Emirates Metro Station,Red Metro Line,Zone 5,Zone 5
Check out,31/10/2025,6:20:12,Emirates Metro Station,Emirates Metro Station,Red Metro Line,Zone 5,Zone 5
Check out,31/10/2025,6:20:23,Emirates Metro Station,Emirates Metro Station,Red Metro Line,Zone 5,Zone 5
Check out,31/10/2025,6:20:39,Emirates Metro Station,Emirates Metro Station,Red Metro Line,Zone 5,Zone 5
Check out,31/10/2025,6:20:41,Emirates Metro Station,Emirates Metro Station,Red Metro Line,Zone 5,Zone 5
Check out,31/10/2025,6:20:42,Emirates Metro Station,Emirates Metro Station,Red Metro Line,Zone 5,Zone 5
Check out,31/10/2025,6:20:43,Emirates Metro Station,Emirates Metro Station,Red Metro Line,Zone 5,Zone 5
Check out,31/10/2025,6:20:51,Emirates Metro Station,Emirates Metro Station,Red Metro Line,Zone 5,Zone 5
Check out,31/10/2025,6:23:06,Emirates Metro Station,Emirates Metro Station,Red Metro Line,Zone 5,Zone 5
Check out,31/10/2025,6:23:09,Emirates Metro Station,Emirates Metro Station,Red Metro Line,Zone 5,Zone 5
Check out,31/10/2025,6:23:11,Emirates Metro Station,Emirates Metro Station,Red Metro Line,Zone 5,Zone 5
Check out,31/10/2025,6:23:13,Emirates Metro Station,Emirates Metro Station,Red Metro Line,Zone 5,Zone 5
Check out,31/10/2025,6:23:16,Emirates Metro Station,Emirates Metro Station,Red Metro Line,Zone 5,Zone 5
Check out,31/10/2025,6:23:17,Emirates Metro Station,Emirates Metro Station,Red Metro Line,Zone 5,Zone 5
Check out,31/10/2025,6:23:27,Emirates Metro Station,Emirates Metro Station,Red Metro Line,Zone 5,Zone 5
Check out,31/10/2025,6:23:34,Emirates Metro Station,Emirates Metro Station,Red Metro Line,Zone 5,Zone 5
Check out,31/10/2025,6:24:01,Emirates Metro Station,Emirates Metro Station,Red Metro Line,Zone 5,Zone 5
Check out,31/10/2025,6:24:10,Emirates Metro Station,Emirates Metro Station,Red Metro Line,Zone 5,Zone 5
Check out,31/10/2025,6:24:11,Emirates Metro Station,Emirates Metro Station,Red Metro Line,Zone 5,Zone 5
Check out,31/10/2025,6:24:14,Emirates Metro Station,Emirates Metro Station,Red Metro Line,Zone 5,Zone 5
Check out,31/10/2025,6:24:15,Emirates Metro Station,Emirates Metro Station,Red Metro Line,Zone 5,Zone 5
Check out,31/10/2025,6:24:20,Emirates Metro Station,Emirates Metro Station,Red Metro Line,Zone 5,Zone 5
Check out,31/10/2025,6:24:21,Emirates Metro Station,Emirates Metro Station,Red Metro Line,Zone 5,Zone 5
Check out,31/10/2025,6:24:38,Emirates Metro Station,Emirates Metro Station,Red Metro Line,Zone 5,Zone 5
Check out,31/10/2025,6:25:38,Emirates Metro Station,Emirates Metro Station,Red Metro Line,Zone 5,Zone 5
Check out,31/10/2025,6:27:04,Emirates Metro Station,Emirates Metro Station,Red Metro Line,Zone 5,Zone 5
Check out,31/10/2025,6:27:13,Emirates Metro Station,Emirates Metro Station,Red Metro Line,Zone 5,Zone 5
Check out,31/10/2025,6:27:14,Emirates Metro Station,Emirates Metro Station,Red Metro Line,Zone 5,Zone 5
Check out,31/10/2025,6:27:18,Emirates Metro Station,Emirates Metro Station,Red Metro Line,Zone 5,Zone 5
Check out,31/10/2025,6:27:21,Emirates Metro Station,Emirates Metro Station,Red Metro Line,Zone 5,Zone 5
Check out,31/10/2025,6:27:53,Emirates Metro Station,Emirates Metro Station,Red Metro Line,Zone 5,Zone 5
Check out,31/10/2025,6:28:10,Emirates Metro Station,Emirates Metro Station,Red Metro Line,Zone 5,Zone 5
Check out,31/10/2025,6:28:16,Emirates Metro Station,Emirates Metro Station,Red Metro Line,Zone 5,Zone 5
Check out,31/10/2025,6:28:19,Emirates Metro Station,Emirates Metro Station,Red Metro Line,Zone 5,Zone 5
Check out,31/10/2025,6:28:24,Emirates Metro Station,Emirates Metro Station,Red Metro Line,Zone 5,Zone 5
Check out,31/10/2025,6:28:27,Emirates Metro Station,Emirates Metro Station,Red Metro Line,Zone 5,Zone 5
Check out,31/10/2025,6:28:33,Emirates Metro Station,Emirates Metro Station,Red Metro Line,Zone 5,Zone 5
Check out,31/10/2025,6:28:36,Emirates Metro Station,Emirates Metro Station,Red Metro Line,Zone 5,Zone 5
Check out,31/10/2025,6:28:38,Emirates Metro Station,Emirates Metro Station,Red Metro Line,Zone 5,Zone 5
Check out,31/10/2025,6:31:04,Emirates Metro Station,Emirates Metro Station,Red Metro Line,Zone 5,Zone 5
Check out,31/10/2025,6:31:15,Emirates Metro Station,Emirates Metro Station,Red Metro Line,Zone 5,Zone 5
Check out,31/10/2025,6:31:22,Emirates Metro Station,Emirates Metro Station,Red Metro Line,Zone 5,Zone 5
Check out,31/10/2025,6:31:51,Emirates Metro Station,Emirates Metro Station,Red Metro Line,Zone 5,Zone 5
Check out,31/10/2025,6:31:58,Emirates Metro Station,Emirates Metro Station,Red Metro Line,Zone 5,Zone 5
Check out,31/10/2025,6:31:59,Emirates Metro Station,Emirates Metro Station,Red Metro Line,Zone 5,Zone 5
Check out,31/10/2025,6:32:08,Emirates Metro Station,Emirates Metro Station,Red Metro Line,Zone 5,Zone 5
Check out,31/10/2025,6:32:22,Emirates Metro Station,Emirates Metro Station,Red Metro Line,Zone 5,Zone 5
Check out,31/10/2025,6:32:25,Emirates Metro Station,Emirates Metro Station,Red Metro Line,Zone 5,Zone 5
Check out,31/10/2025,6:32:26,Emirates Metro Station,Emirates Metro Station,Red Metro Line,Zone 5,Zone 5
Check out,31/10/2025,6:32:27,Emirates Metro Station,Emirates Metro Station,Red Metro Line,Zone 5,Zone 5
Check out,31/10/2025,6:35:22,Emirates Metro Station,Emirates Metro Station,Red Metro Line,Zone 5,Zone 5
Check out,31/10/2025,6:36:02,Emirates Metro Station,Emirates Metro Station,Red Metro Line,Zone 5,Zone 5
Check out,31/10/2025,6:36:15,Emirates Metro Station,Emirates Metro Station,Red Metro Line,Zone 5,Zone 5
Check out,31/10/2025,6:36:17,Emirates Metro Station,Emirates Metro Station,Red Metro Line,Zone 5,Zone 5
Check out,31/10/2025,6:36:21,Emirates Metro Station,Emirates Metro Station,Red Metro Line,Zone 5,Zone 5
Check out,31/10/2025,6:36:22,Emirates Metro Station,Emirates Metro Station,Red Metro Line,Zone 5,Zone 5
Check out,31/10/2025,6:36:26,Emirates Metro Station,Emirates Metro Station,Red Metro Line,Zone 5,Zone 5
Check out,31/10/2025,6:36:27,Emirates Metro Station,Emirates Metro Station,Red Metro Line,Zone 5,Zone 5
Check out,31/10/2025,6:37:14,Emirates Metro Station,Emirates Metro Station,Red Metro Line,Zone 5,Zone 5
Check out,31/10/2025,6:37:26,Emirates Metro Station,Emirates Metro Station,Red Metro Line,Zone 5,Zone 5
Check out,31/10/2025,6:39:08,Emirates Metro Station,Emirates Metro Station,Red Metro Line,Zone 5,Zone 5
Check out,31/10/2025,6:39:11,Emirates Metro Station,Emirates Metro Station,Red Metro Line,Zone 5,Zone 5
Check out,31/10/2025,6:39:35,Emirates Metro Station,Emirates Metro Station,Red Metro Line,Zone 5,Zone 5
Check out,31/10/2025,6:39:55,Emirates Metro Station,Emirates Metro Station,Red Metro Line,Zone 5,Zone 5
Check out,31/10/2025,6:39:57,Emirates Metro Station,Emirates Metro Station,Red Metro Line,Zone 5,Zone 5
Check out,31/10/2025,6:39:58,Emirates Metro Station,Emirates Metro Station,Red Metro Line,Zone 5,Zone 5
Check out,31/10/2025,6:39:59,Emirates Metro Station,Emirates Metro Station,Red Metro Line,Zone 5,Zone 5
Check out,31/10/2025,6:40:05,Emirates Metro Station,Emirates Metro Station,Red Metro Line,Zone 5,Zone 5
Check out,31/10/2025,6:40:09,Emirates Metro Station,Emirates Metro Station,Red Metro Line,Zone 5,Zone 5
Check out,31/10/2025,6:40:12,Emirates Metro Station,Emirates Metro Station,Red Metro Line,Zone 5,Zone 5
Check out,31/10/2025,6:40:16,Emirates Metro Station,Emirates Metro Station,Red Metro Line,Zone 5,Zone 5
Check out,31/10/2025,6:40:22,Emirates Metro Station,Emirates Metro Station,Red Metro Line,Zone 5,Zone 5
Check out,31/10/2025,6:40:23,Emirates Metro Station,Emirates Metro Station,Red Metro Line,Zone 5,Zone 5
Check out,31/10/2025,6:40:25,Emirates Metro Station,Emirates Metro Station,Red Metro Line,Zone 5,Zone 5
Check out,31/10/2025,6:40:27,Emirates Metro Station,Emirates Metro Station,Red Metro Line,Zone 5,Zone 5
Check out,31/10/2025,6:40:29,Emirates Metro Station,Emirates Metro Station,Red Metro Line,Zone 5,Zone 5
Check out,31/10/2025,6:40:30,Emirates Metro Station,Emirates Metro Station,Red Metro Line,Zone 5,Zone 5
Check out,31/10/2025,6:40:32,Emirates Metro Station,Emirates Metro Station,Red Metro Line,Zone 5,Zone 5
Check out,31/10/2025,6:40:33,Emirates Metro Station,Emirates Metro Station,Red Metro Line,Zone 5,Zone 5
Check out,31/10/2025,6:41:26,Emirates Metro Station,Emirates Metro Station,Red Metro Line,Zone 5,Zone 5
Check out,31/10/2025,6:43:09,Emirates Metro Station,Emirates Metro Station,Red Metro Line,Zone 5,Zone 5
Check out,31/10/2025,6:43:15,Emirates Metro Station,Emirates Metro Station,Red Metro Line,Zone 5,Zone 5
Check out,31/10/2025,6:43:28,Emirates Metro Station,Emirates Metro Station,Red Metro Line,Zone 5,Zone 5
Check out,31/10/2025,6:43:30,Emirates Metro Station,Emirates Metro Station,Red Metro Line,Zone 5,Zone 5
Check out,31/10/2025,6:43:34,Emirates Metro Station,Emirates Metro Station,Red Metro Line,Zone 5,Zone 5
Check out,31/10/2025,6:43:48,Emirates Metro Station,Emirates Metro Station,Red Metro Line,Zone 5,Zone 5
Check out,31/10/2025,6:44:01,Emirates Metro Station,Emirates Metro Station,Red Metro Line,Zone 5,Zone 5
Check out,31/10/2025,6:44:03,Emirates Metro Station,Emirates Metro Station,Red Metro Line,Zone 5,Zone 5
Check out,31/10/2025,6:44:05,Emirates Metro Station,Emirates Metro Station,Red Metro Line,Zone 5,Zone 5
Check out,31/10/2025,6:44:13,Emirates Metro Station,Emirates Metro Station,Red Metro Line,Zone 5,Zone 5
Check out,31/10/2025,6:44:16,Emirates Metro Station,Emirates Metro Station,Red Metro Line,Zone 5,Zone 5
Check out,31/10/2025,6:44:24,Emirates Metro Station,Emirates Metro Station,Red Metro Line,Zone 5,Zone 5
Check out,31/10/2025,6:44:28,Emirates Metro Station,Emirates Metro Station,Red Metro Line,Zone 5,Zone 5
Check out,31/10/2025,6:44:31,Emirates Metro Station,Emirates Metro Station,Red Metro Line,Zone 5,Zone 5
Check out,31/10/2025,6:44:32,Emirates Metro Station,Emirates Metro Station,Red Metro Line,Zone 5,Zone 5
Check out,31/10/2025,6:45:28,Emirates Metro Station,Emirates Metro Station,Red Metro Line,Zone 5,Zone 5
Check out,31/10/2025,6:47:05,Emirates Metro Station,Emirates Metro Station,Red Metro Line,Zone 5,Zone 5
Check out,31/10/2025,6:47:16,Emirates Metro Station,Emirates Metro Station,Red Metro Line,Zone 5,Zone 5
Check out,31/10/2025,6:47:21,Emirates Metro Station,Emirates Metro Station,Red Metro Line,Zone 5,Zone 5
Check out,31/10/2025,6:47:27,Emirates Metro Station,Emirates Metro Station,Red Metro Line,Zone 5,Zone 5
Check out,31/10/2025,6:47:29,Emirates Metro Station,Emirates Metro Station,Red Metro Line,Zone 5,Zone 5
Check out,31/10/2025,6:47:41,Emirates Metro Station,Emirates Metro Station,Red Metro Line,Zone 5,Zone 5
Check out,31/10/2025,6:48:02,Emirates Metro Station,Emirates Metro Station,Red Metro Line,Zone 5,Zone 5
Check out,31/10/2025,6:48:06,Emirates Metro Station,Emirates Metro Station,Red Metro Line,Zone 5,Zone 5
Check out,31/10/2025,6:48:12,Emirates Metro Station,Emirates Metro Station,Red Metro Line,Zone 5,Zone 5
Check out,31/10/2025,6:48:15,Emirates Metro Station,Emirates Metro Station,Red Metro Line,Zone 5,Zone 5
Check out,31/10/2025,6:48:16,Emirates Metro Station,Emirates Metro Station,Red Metro Line,Zone 5,Zone 5
Check out,31/10/2025,6:48:20,Emirates Metro Station,Emirates Metro Station,Red Metro Line,Zone 5,Zone 5
Check out,31/10/2025,6:48:21,Emirates Metro Station,Emirates Metro Station,Red Metro Line,Zone 5,Zone 5
Check out,31/10/2025,6:48:23,Emirates Metro Station,Emirates Metro Station,Red Metro Line,Zone 5,Zone 5
Check out,31/10/2025,6:48:25,Emirates Metro Station,Emirates Metro Station,Red Metro Line,Zone 5,Zone 5
Check out,31/10/2025,6:48:26,Emirates Metro Station,Emirates Metro Station,Red Metro Line,Zone 5,Zone 5
Check out,31/10/2025,6:48:28,Emirates Metro Station,Emirates Metro Station,Red Metro Line,Zone 5,Zone 5
Check out,31/10/2025,6:48:29,Emirates Metro Station,Emirates Metro Station,Red Metro Line,Zone 5,Zone 5
Check out,31/10/2025,6:48:30,Emirates Metro Station,Emirates Metro Station,Red Metro Line,Zone 5,Zone 5
Check out,31/10/2025,6:48:34,Emirates Metro Station,Emirates Metro Station,Red Metro Line,Zone 5,Zone 5
Check out,31/10/2025,6:48:35,Emirates Metro Station,Emirates Metro Station,Red Metro Line,Zone 5,Zone 5
Check out,31/10/2025,6:48:39,Emirates Metro Station,Emirates Metro Station,Red Metro Line,Zone 5,Zone 5
Check out,31/10/2025,6:48:41,Emirates Metro Station,Emirates Metro Station,Red Metro Line,Zone 5,Zone 5
Check out,31/10/2025,6:48:44,Emirates Metro Station,Emirates Metro Station,Red Metro Line,Zone 5,Zone 5
Check out,31/10/2025,6:48:48,Emirates Metro Station,Emirates Metro Station,Red Metro Line,Zone 5,Zone 5
Check out,31/10/2025,6:49:51,Emirates Metro Station,Emirates Metro Station,Red Metro Line,Zone 5,Zone 5
Check out,31/10/2025,6:50:30,Emirates Metro Station,Emirates Metro Station,Red Metro Line,Zone 5,Zone 5
Check out,31/10/2025,6:51:11,Emirates Metro Station,Emirates Metro Station,Red Metro Line,Zone 5,Zone 5
Check out,31/10/2025,6:51:15,Emirates Metro Station,Emirates Metro Station,Red Metro Line,Zone 5,Zone 5
Check out,31/10/2025,6:51:18,Emirates Metro Station,Emirates Metro Station,Red Metro Line,Zone 5,Zone 5
Check out,31/10/2025,6:51:22,Emirates Metro Station,Emirates Metro Station,Red Metro Line,Zone 5,Zone 5
Check out,31/10/2025,6:51:24,Emirates Metro Station,Emirates Metro Station,Red Metro Line,Zone 5,Zone 5
Check out,31/10/2025,6:51:28,Emirates Metro Station,Emirates Metro Station,Red Metro Line,Zone 5,Zone 5
Check out,31/10/2025,6:51:36,Emirates Metro Station,Emirates Metro Station,Red Metro Line,Zone 5,Zone 5
Check out,31/10/2025,6:51:48,Emirates Metro Station,Emirates Metro Station,Red Metro Line,Zone 5,Zone 5
Check out,31/10/2025,6:51:56,Emirates Metro Station,Emirates Metro Station,Red Metro Line,Zone 5,Zone 5
Check out,31/10/2025,6:51:58,Emirates Metro Station,Emirates Metro Station,Red Metro Line,Zone 5,Zone 5
Check out,31/10/2025,6:52:00,Emirates Metro Station,Emirates Metro Station,Red Metro Line,Zone 5,Zone 5
Check out,31/10/2025,6:52:04,Emirates Metro Station,Emirates Metro Station,Red Metro Line,Zone 5,Zone 5
Check out,31/10/2025,6:52:08,Emirates Metro Station,Emirates Metro Station,Red Metro Line,Zone 5,Zone 5
Check out,31/10/2025,6:52:11,Emirates Metro Station,Emirates Metro Station,Red Metro Line,Zone 5,Zone 5
Check out,31/10/2025,6:52:14,Emirates Metro Station,Emirates Metro Station,Red Metro Line,Zone 5,Zone 5
Check out,31/10/2025,6:52:18,Emirates Metro Station,Emirates Metro Station,Red Metro Line,Zone 5,Zone 5
Check out,31/10/2025,6:52:22,Emirates Metro Station,Emirates Metro Station,Red Metro Line,Zone 5,Zone 5
Check out,31/10/2025,6:52:23,Emirates Metro Station,Emirates Metro Station,Red Metro Line,Zone 5,Zone 5
Check out,31/10/2025,6:52:24,Emirates Metro Station,Emirates Metro Station,Red Metro Line,Zone 5,Zone 5
Check out,31/10/2025,6:52:25,Emirates Metro Station,Emirates Metro Station,Red Metro Line,Zone 5,Zone 5
Check out,31/10/2025,6:52:26,Emirates Metro Station,Emirates Metro Station,Red Metro Line,Zone 5,Zone 5
Check out,31/10/2025,6:52:30,Emirates Metro Station,Emirates Metro Station,Red Metro Line,Zone 5,Zone 5
Check out,31/10/2025,6:52:32,Emirates Metro Station,Emirates Metro Station,Red Metro Line,Zone 5,Zone 5
Check out,31/10/2025,6:52:33,Emirates Metro Station,Emirates Metro Station,Red Metro Line,Zone 5,Zone 5
Check out,31/10/2025,6:52:34,Emirates Metro Station,Emirates Metro Station,Red Metro Line,Zone 5,Zone 5
Check out,31/10/2025,6:52:35,Emirates Metro Station,Emirates Metro Station,Red Metro Line,Zone 5,Zone 5
Check out,31/10/2025,6:52:39,Emirates Metro Station,Emirates Metro Station,Red Metro Line,Zone 5,Zone 5
Check out,31/10/2025,6:52:42,Emirates Metro Station,Emirates Metro Station,Red Metro Line,Zone 5,Zone 5
Check out,31/10/2025,6:52:47,Emirates Metro Station,Emirates Metro Station,Red Metro Line,Zone 5,Zone 5
Check out,31/10/2025,6:52:50,Emirates Metro Station,Emirates Metro Station,Red Metro Line,Zone 5,Zone 5
Check out,31/10/2025,6:52:56,Emirates Metro Station,Emirates Metro Station,Red Metro Line,Zone 5,Zone 5
Check out,31/10/2025,6:54:58,Emirates Metro Station,Emirates Metro Station,Red Metro Line,Zone 5,Zone 5
Check out,31/10/2025,6:55:07,Emirates Metro Station,Emirates Metro Station,Red Metro Line,Zone 5,Zone 5
Check out,31/10/2025,6:55:17,Emirates Metro Station,Emirates Metro Station,Red Metro Line,Zone 5,Zone 5
Check out,31/10/2025,6:55:18,Emirates Metro Station,Emirates Metro Station,Red Metro Line,Zone 5,Zone 5
Check out,31/10/2025,6:55:37,Emirates Metro Station,Emirates Metro Station,Red Metro Line,Zone 5,Zone 5
Check out,31/10/2025,6:55:45,Emirates Metro Station,Emirates Metro Station,Red Metro Line,Zone 5,Zone 5
Check out,31/10/2025,6:55:46,Emirates Metro Station,Emirates Metro Station,Red Metro Line,Zone 5,Zone 5
Check out,31/10/2025,6:56:29,Emirates Metro Station,Emirates Metro Station,Red Metro Line,Zone 5,Zone 5
Check out,31/10/2025,6:56:32,Emirates Metro Station,Emirates Metro Station,Red Metro Line,Zone 5,Zone 5
Check out,31/10/2025,6:56:39,Emirates Metro Station,Emirates Metro Station,Red Metro Line,Zone 5,Zone 5
Check out,31/10/2025,6:56:45,Emirates Metro Station,Emirates Metro Station,Red Metro Line,Zone 5,Zone 5
Check out,31/10/2025,6:56:46,Emirates Metro Station,Emirates Metro Station,Red Metro Line,Zone 5,Zone 5
Check out,31/10/2025,6:56:49,Emirates Metro Station,Emirates Metro Station,Red Metro Line,Zone 5,Zone 5
Check out,31/10/2025,6:56:59,Emirates Metro Station,Emirates Metro Station,Red Metro Line,Zone 5,Zone 5
Check out,31/10/2025,6:57:04,Emirates Metro Station,Emirates Metro Station,Red Metro Line,Zone 5,Zone 5
Check out,31/10/2025,6:57:10,Emirates Metro Station,Emirates Metro Station,Red Metro Line,Zone 5,Zone 5
Check out,31/10/2025,6:57:11,Emirates Metro Station,Emirates Metro Station,Red Metro Line,Zone 5,Zone 5
Check out,31/10/2025,6:57:12,Emirates Metro Station,Emirates Metro Station,Red Metro Line,Zone 5,Zone 5
Check out,31/10/2025,6:57:15,Emirates Metro Station,Emirates Metro Station,Red Metro Line,Zone 5,Zone 5
Check out,31/10/2025,6:59:07,Emirates Metro Station,Emirates Metro Station,Red Metro Line,Zone 5,Zone 5
Check out,31/10/2025,6:59:21,Emirates Metro Station,Emirates Metro Station,Red Metro Line,Zone 5,Zone 5
Check out,31/10/2025,6:59:26,Emirates Metro Station,Emirates Metro Station,Red Metro Line,Zone 5,Zone 5
Check out,31/10/2025,6:59:29,Emirates Metro Station,Emirates Metro Station,Red Metro Line,Zone 5,Zone 5
Check out,31/10/2025,6:59:33,Emirates Metro Station,Emirates Metro Station,Red Metro Line,Zone 5,Zone 5
Check out,31/10/2025,6:59:40,Emirates Metro Station,Emirates Metro Station,Red Metro Line,Zone 5,Zone 5
Check out,31/10/2025,6:59:52,Emirates Metro Station,Emirates Metro Station,Red Metro Line,Zone 5,Zone 5
Check out,31/10/2025,6:59:57,Emirates Metro Station,Emirates Metro Station,Red Metro Line,Zone 5,Zone 5
Check out,31/10/2025,6:59:58,Emirates Metro Station,Emirates Metro Station,Red Metro Line,Zone 5,Zone 5
Check out,31/10/2025,7:00:02,Emirates Metro Station,Emirates Metro Station,Red Metro Line,Zone 5,Zone 5
Check out,31/10/2025,7:00:03,Emirates Metro Station,Emirates Metro Station,Red Metro Line,Zone 5,Zone 5
Check out,31/10/2025,7:00:04,Emirates Metro Station,Emirates Metro Station,Red Metro Line,Zone 5,Zone 5
Check out,31/10/2025,7:00:09,Emirates Metro Station,Emirates Metro Station,Red Metro Line,Zone 5,Zone 5
Check out,31/10/2025,7:00:13,Emirates Metro Station,Emirates Metro Station,Red Metro Line,Zone 5,Zone 5
Check out,31/10/2025,7:00:15,Emirates Metro Station,Emirates Metro Station,Red Metro Line,Zone 5,Zone 5
Check out,31/10/2025,7:00:19,Emirates Metro Station,Emirates Metro Station,Red Metro Line,Zone 5,Zone 5
Check out,31/10/2025,7:00:24,Emirates Metro Station,Emirates Metro Station,Red Metro Line,Zone 5,Zone 5
Check out,31/10/2025,7:00:26,Emirates Metro Station,Emirates Metro Station,Red Metro Line,Zone 5,Zone 5
Check out,31/10/2025,7:00:32,Emirates Metro Station,Emirates Metro Station,Red Metro Line,Zone 5,Zone 5
Check out,31/10/2025,7:00:38,Emirates Metro Station,Emirates Metro Station,Red Metro Line,Zone 5,Zone 5
Check out,31/10/2025,7:00:41,Emirates Metro Station,Emirates Metro Station,Red Metro Line,Zone 5,Zone 5
Check out,31/10/2025,7:00:43,Emirates Metro Station,Emirates Metro Station,Red Metro Line,Zone 5,Zone 5
Check out,31/10/2025,7:00:44,Emirates Metro Station,Emirates Metro Station,Red Metro Line,Zone 5,Zone 5
Check out,31/10/2025,7:00:53,Emirates Metro Station,Emirates Metro Station,Red Metro Line,Zone 5,Zone 5
Check out,31/10/2025,7:00:58,Emirates Metro Station,Emirates Metro Station,Red Metro Line,Zone 5,Zone 5
Check out,31/10/2025,7:01:00,Emirates Metro Station,Emirates Metro Station,Red Metro Line,Zone 5,Zone 5
Check out,31/10/2025,7:03:18,Emirates Metro Station,Emirates Metro Station,Red Metro Line,Zone 5,Zone 5
Check out,31/10/2025,7:03:27,Emirates Metro Station,Emirates Metro Station,Red Metro Line,Zone 5,Zone 5
Check out,31/10/2025,7:03:51,Emirates Metro Station,Emirates Metro Station,Red Metro Line,Zone 5,Zone 5
Check out,31/10/2025,7:03:52,Emirates Metro Station,Emirates Metro Station,Red Metro Line,Zone 5,Zone 5
Check out,31/10/2025,7:03:55,Emirates Metro Station,Emirates Metro Station,Red Metro Line,Zone 5,Zone 5
Check out,31/10/2025,7:04:05,Emirates Metro Station,Emirates Metro Station,Red Metro Line,Zone 5,Zone 5
Check out,31/10/2025,7:04:07,Emirates Metro Station,Emirates Metro Station,Red Metro Line,Zone 5,Zone 5
Check out,31/10/2025,7:04:21,Emirates Metro Station,Emirates Metro Station,Red Metro Line,Zone 5,Zone 5
Check out,31/10/2025,7:04:22,Emirates Metro Station,Emirates Metro Station,Red Metro Line,Zone 5,Zone 5
Check out,31/10/2025,7:04:24,Emirates Metro Station,Emirates Metro Station,Red Metro Line,Zone 5,Zone 5
Check out,31/10/2025,7:04:29,Emirates Metro Station,Emirates Metro Station,Red Metro Line,Zone 5,Zone 5
Check out,31/10/2025,7:04:30,Emirates Metro Station,Emirates Metro Station,Red Metro Line,Zone 5,Zone 5
Check out,31/10/2025,7:04:34,Emirates Metro Station,Emirates Metro Station,Red Metro Line,Zone 5,Zone 5
Check out,31/10/2025,7:04:37,Emirates Metro Station,Emirates Metro Station,Red Metro Line,Zone 5,Zone 5
Check out,31/10/2025,7:04:40,Emirates Metro Station,Emirates Metro Station,Red Metro Line,Zone 5,Zone 5
Check out,31/10/2025,7:04:41,Emirates Metro Station,Emirates Metro Station,Red Metro Line,Zone 5,Zone 5
Check out,31/10/2025,7:04:42,Emirates Metro Station,Emirates Metro Station,Red Metro Line,Zone 5,Zone 5
Check out,31/10/2025,7:04:54,Emirates Metro Station,Emirates Metro Station,Red Metro Line,Zone 5,Zone 5
Check out,31/10/2025,7:05:18,Emirates Metro Station,Emirates Metro Station,Red Metro Line,Zone 5,Zone 5
Check out,31/10/2025,7:07:20,Emirates Metro Station,Emirates Metro Station,Red Metro Line,Zone 5,Zone 5
Check out,31/10/2025,7:07:35,Emirates Metro Station,Emirates Metro Station,Red Metro Line,Zone 5,Zone 5
Check out,31/10/2025,7:07:38,Emirates Metro Station,Emirates Metro Station,Red Metro Line,Zone 5,Zone 5
Check out,31/10/2025,7:07:40,Emirates Metro Station,Emirates Metro Station,Red Metro Line,Zone 5,Zone 5
Check out,31/10/2025,7:07:50,Emirates Metro Station,Emirates Metro Station,Red Metro Line,Zone 5,Zone 5
Check out,31/10/2025,7:07:57,Emirates Metro Station,Emirates Metro Station,Red Metro Line,Zone 5,Zone 5
Check out,31/10/2025,7:08:01,Emirates Metro Station,Emirates Metro Station,Red Metro Line,Zone 5,Zone 5
Check out,31/10/2025,7:08:06,Emirates Metro Station,Emirates Metro Station,Red Metro Line,Zone 5,Zone 5
Check out,31/10/2025,7:08:07,Emirates Metro Station,Emirates Metro Station,Red Metro Line,Zone 5,Zone 5
Check out,31/10/2025,7:08:08,Emirates Metro Station,Emirates Metro Station,Red Metro Line,Zone 5,Zone 5
Check out,31/10/2025,7:08:09,Emirates Metro Station,Emirates Metro Station,Red Metro Line,Zone 5,Zone 5
Check out,31/10/2025,7:08:10,Emirates Metro Station,Emirates Metro Station,Red Metro Line,Zone 5,Zone 5
Check out,31/10/2025,7:08:14,Emirates Metro Station,Emirates Metro Station,Red Metro Line,Zone 5,Zone 5
Check out,31/10/2025,7:08:17,Emirates Metro Station,Emirates Metro Station,Red Metro Line,Zone 5,Zone 5
Check out,31/10/2025,7:08:20,Emirates Metro Station,Emirates Metro Station,Red Metro Line,Zone 5,Zone 5
Check out,31/10/2025,7:08:25,Emirates Metro Station,Emirates Metro Station,Red Metro Line,Zone 5,Zone 5
Check out,31/10/2025,7:08:30,Emirates Metro Station,Emirates Metro Station,Red Metro Line,Zone 5,Zone 5
Check out,31/10/2025,7:08:34,Emirates Metro Station,Emirates Metro Station,Red Metro Line,Zone 5,Zone 5
Check out,31/10/2025,7:08:37,Emirates Metro Station,Emirates Metro Station,Red Metro Line,Zone 5,Zone 5
Check out,31/10/2025,7:08:39,Emirates Metro Station,Emirates Metro Station,Red Metro Line,Zone 5,Zone 5
Check out,31/10/2025,7:08:48,Emirates Metro Station,Emirates Metro Station,Red Metro Line,Zone 5,Zone 5
Check out,31/10/2025,7:08:58,Emirates Metro Station,Emirates Metro Station,Red Metro Line,Zone 5,Zone 5
Check out,31/10/2025,7:10:58,Emirates Metro Station,Emirates Metro Station,Red Metro Line,Zone 5,Zone 5
Check out,31/10/2025,7:11:15,Emirates Metro Station,Emirates Metro Station,Red Metro Line,Zone 5,Zone 5
Check out,31/10/2025,7:11:17,Emirates Metro Station,Emirates Metro Station,Red Metro Line,Zone 5,Zone 5
Check out,31/10/2025,7:11:25,Emirates Metro Station,Emirates Metro Station,Red Metro Line,Zone 5,Zone 5
Check out,31/10/2025,7:11:27,Emirates Metro Station,Emirates Metro Station,Red Metro Line,Zone 5,Zone 5
Check out,31/10/2025,7:11:40,Emirates Metro Station,Emirates Metro Station,Red Metro Line,Zone 5,Zone 5
Check out,31/10/2025,7:11:55,Emirates Metro Station,Emirates Metro Station,Red Metro Line,Zone 5,Zone 5
Check out,31/10/2025,7:12:35,Emirates Metro Station,Emirates Metro Station,Red Metro Line,Zone 5,Zone 5
Check out,31/10/2025,7:12:45,Emirates Metro Station,Emirates Metro Station,Red Metro Line,Zone 5,Zone 5
Check out,31/10/2025,7:12:50,Emirates Metro Station,Emirates Metro Station,Red Metro Line,Zone 5,Zone 5
Check out,31/10/2025,7:12:51,Emirates Metro Station,Emirates Metro Station,Red Metro Line,Zone 5,Zone 5
Check out,31/10/2025,7:12:53,Emirates Metro Station,Emirates Metro Station,Red Metro Line,Zone 5,Zone 5
Check out,31/10/2025,7:12:54,Emirates Metro Station,Emirates Metro Station,Red Metro Line,Zone 5,Zone 5
Check out,31/10/2025,7:12:56,Emirates Metro Station,Emirates Metro Station,Red Metro Line,Zone 5,Zone 5
Check out,31/10/2025,7:13:01,Emirates Metro Station,Emirates Metro Station,Red Metro Line,Zone 5,Zone 5
Check out,31/10/2025,7:13:03,Emirates Metro Station,Emirates Metro Station,Red Metro Line,Zone 5,Zone 5
Check out,31/10/2025,7:13:08,Emirates Metro Station,Emirates Metro Station,Red Metro Line,Zone 5,Zone 5
Check out,31/10/2025,7:13:09,Emirates Metro Station,Emirates Metro Station,Red Metro Line,Zone 5,Zone 5
Check out,31/10/2025,7:13:17,Emirates Metro Station,Emirates Metro Station,Red Metro Line,Zone 5,Zone 5
Check out,31/10/2025,7:13:18,Emirates Metro Station,Emirates Metro Station,Red Metro Line,Zone 5,Zone 5
Check out,31/10/2025,7:13:20,Emirates Metro Station,Emirates Metro Station,Red Metro Line,Zone 5,Zone 5
Check out,31/10/2025,7:13:22,Emirates Metro Station,Emirates Metro Station,Red Metro Line,Zone 5,Zone 5
Check out,31/10/2025,7:13:23,Emirates Metro Station,Emirates Metro Station,Red Metro Line,Zone 5,Zone 5
Check out,31/10/2025,7:13:30,Emirates Metro Station,Emirates Metro Station,Red Metro Line,Zone 5,Zone 5
Check out,31/10/2025,7:13:32,Emirates Metro Station,Emirates Metro Station,Red Metro Line,Zone 5,Zone 5
Check out,31/10/2025,7:13:38,Emirates Metro Station,Emirates Metro Station,Red Metro Line,Zone 5,Zone 5
Check out,31/10/2025,7:13:42,Emirates Metro Station,Emirates Metro Station,Red Metro Line,Zone 5,Zone 5
Check out,31/10/2025,7:13:43,Emirates Metro Station,Emirates Metro Station,Red Metro Line,Zone 5,Zone 5
Check out,31/10/2025,7:13:49,Emirates Metro Station,Emirates Metro Station,Red Metro Line,Zone 5,Zone 5
Check out,31/10/2025,7:14:57,Emirates Metro Station,Emirates Metro Station,Red Metro Line,Zone 5,Zone 5
Check out,31/10/2025,7:15:08,Emirates Metro Station,Emirates Metro Station,Red Metro Line,Zone 5,Zone 5
Check out,31/10/2025,7:15:11,Emirates Metro Station,Emirates Metro Station,Red Metro Line,Zone 5,Zone 5
Check out,31/10/2025,7:15:25,Emirates Metro Station,Emirates Metro Station,Red Metro Line,Zone 5,Zone 5
Check out,31/10/2025,7:15:29,Emirates Metro Station,Emirates Metro Station,Red Metro Line,Zone 5,Zone 5
Check out,31/10/2025,7:15:56,Emirates Metro Station,Emirates Metro Station,Red Metro Line,Zone 5,Zone 5
Check out,31/10/2025,7:15:57,Emirates Metro Station,Emirates Metro Station,Red Metro Line,Zone 5,Zone 5
Check out,31/10/2025,7:15:58,Emirates Metro Station,Emirates Metro Station,Red Metro Line,Zone 5,Zone 5
Check out,31/10/2025,7:16:04,Emirates Metro Station,Emirates Metro Station,Red Metro Line,Zone 5,Zone 5
Check out,31/10/2025,7:16:05,Emirates Metro Station,Emirates Metro Station,Red Metro Line,Zone 5,Zone 5
Check out,31/10/2025,7:16:07,Emirates Metro Station,Emirates Metro Station,Red Metro Line,Zone 5,Zone 5
Check out,31/10/2025,7:16:10,Emirates Metro Station,Emirates Metro Station,Red Metro Line,Zone 5,Zone 5
Check out,31/10/2025,7:16:12,Emirates Metro Station,Emirates Metro Station,Red Metro Line,Zone 5,Zone 5
Check out,31/10/2025,7:16:15,Emirates Metro Station,Emirates Metro Station,Red Metro Line,Zone 5,Zone 5
Check out,31/10/2025,7:16:22,Emirates Metro Station,Emirates Metro Station,Red Metro Line,Zone 5,Zone 5
Check out,31/10/2025,7:16:23,Emirates Metro Station,Emirates Metro Station,Red Metro Line,Zone 5,Zone 5
Check out,31/10/2025,7:16:24,Emirates Metro Station,Emirates Metro Station,Red Metro Line,Zone 5,Zone 5
Check out,31/10/2025,7:16:28,Emirates Metro Station,Emirates Metro Station,Red Metro Line,Zone 5,Zone 5
Check out,31/10/2025,7:16:29,Emirates Metro Station,Emirates Metro Station,Red Metro Line,Zone 5,Zone 5
Check out,31/10/2025,7:16:31,Emirates Metro Station,Emirates Metro Station,Red Metro Line,Zone 5,Zone 5
Check out,31/10/2025,7:16:32,Emirates Metro Station,Emirates Metro Station,Red Metro Line,Zone 5,Zone 5
Check out,31/10/2025,7:16:36,Emirates Metro Station,Emirates Metro Station,Red Metro Line,Zone 5,Zone 5
Check out,31/10/2025,7:16:40,Emirates Metro Station,Emirates Metro Station,Red Metro Line,Zone 5,Zone 5
Check out,31/10/2025,7:16:43,Emirates Metro Station,Emirates Metro Station,Red Metro Line,Zone 5,Zone 5
Check out,31/10/2025,7:16:48,Emirates Metro Station,Emirates Metro Station,Red Metro Line,Zone 5,Zone 5
Check out,31/10/2025,7:16:50,Emirates Metro Station,Emirates Metro Station,Red Metro Line,Zone 5,Zone 5
Check out,31/10/2025,7:16:51,Emirates Metro Station,Emirates Metro Station,Red Metro Line,Zone 5,Zone 5
Check out,31/10/2025,7:17:05,Emirates Metro Station,Emirates Metro Station,Red Metro Line,Zone 5,Zone 5
Check out,31/10/2025,7:19:02,Emirates Metro Station,Emirates Metro Station,Red Metro Line,Zone 5,Zone 5
Check out,31/10/2025,7:19:07,Emirates Metro Station,Emirates Metro Station,Red Metro Line,Zone 5,Zone 5
Check out,31/10/2025,7:19:09,Emirates Metro Station,Emirates Metro Station,Red Metro Line,Zone 5,Zone 5
Check out,31/10/2025,7:19:22,Emirates Metro Station,Emirates Metro Station,Red Metro Line,Zone 5,Zone 5
Check out,31/10/2025,7:19:26,Emirates Metro Station,Emirates Metro Station,Red Metro Line,Zone 5,Zone 5
Check out,31/10/2025,7:19:49,Emirates Metro Station,Emirates Metro Station,Red Metro Line,Zone 5,Zone 5
Check out,31/10/2025,7:19:54,Emirates Metro Station,Emirates Metro Station,Red Metro Line,Zone 5,Zone 5
Check out,31/10/2025,7:19:58,Emirates Metro Station,Emirates Metro Station,Red Metro Line,Zone 5,Zone 5
Check out,31/10/2025,7:20:02,Emirates Metro Station,Emirates Metro Station,Red Metro Line,Zone 5,Zone 5
Check out,31/10/2025,7:20:03,Emirates Metro Station,Emirates Metro Station,Red Metro Line,Zone 5,Zone 5
Check out,31/10/2025,7:20:04,Emirates Metro Station,Emirates Metro Station,Red Metro Line,Zone 5,Zone 5
Check out,31/10/2025,7:20:09,Emirates Metro Station,Emirates Metro Station,Red Metro Line,Zone 5,Zone 5
Check out,31/10/2025,7:20:11,Emirates Metro Station,Emirates Metro Station,Red Metro Line,Zone 5,Zone 5
Check out,31/10/2025,7:20:13,Emirates Metro Station,Emirates Metro Station,Red Metro Line,Zone 5,Zone 5
Check out,31/10/2025,7:20:18,Emirates Metro Station,Emirates Metro Station,Red Metro Line,Zone 5,Zone 5
Check out,31/10/2025,7:20:26,Emirates Metro Station,Emirates Metro Station,Red Metro Line,Zone 5,Zone 5
Check out,31/10/2025,7:20:29,Emirates Metro Station,Emirates Metro Station,Red Metro Line,Zone 5,Zone 5
Check out,31/10/2025,7:20:32,Emirates Metro Station,Emirates Metro Station,Red Metro Line,Zone 5,Zone 5
Check out,31/10/2025,7:20:38,Emirates Metro Station,Emirates Metro Station,Red Metro Line,Zone 5,Zone 5
Check out,31/10/2025,7:20:40,Emirates Metro Station,Emirates Metro Station,Red Metro Line,Zone 5,Zone 5
Check out,31/10/2025,7:20:43,Emirates Metro Station,Emirates Metro Station,Red Metro Line,Zone 5,Zone 5
Check out,31/10/2025,7:20:44,Emirates Metro Station,Emirates Metro Station,Red Metro Line,Zone 5,Zone 5
Check out,31/10/2025,7:20:46,Emirates Metro Station,Emirates Metro Station,Red Metro Line,Zone 5,Zone 5
Check out,31/10/2025,7:20:47,Emirates Metro Station,Emirates Metro Station,Red Metro Line,Zone 5,Zone 5
Check out,31/10/2025,7:20:51,Emirates Metro Station,Emirates Metro Station,Red Metro Line,Zone 5,Zone 5
Check out,31/10/2025,7:20:53,Emirates Metro Station,Emirates Metro Station,Red Metro Line,Zone 5,Zone 5
Check out,31/10/2025,7:23:07,Emirates Metro Station,Emirates Metro Station,Red Metro Line,Zone 5,Zone 5
Check out,31/10/2025,7:23:14,Emirates Metro Station,Emirates Metro Station,Red Metro Line,Zone 5,Zone 5
Check out,31/10/2025,7:23:16,Emirates Metro Station,Emirates Metro Station,Red Metro Line,Zone 5,Zone 5
Check out,31/10/2025,7:23:38,Emirates Metro Station,Emirates Metro Station,Red Metro Line,Zone 5,Zone 5
Check out,31/10/2025,7:23:41,Emirates Metro Station,Emirates Metro Station,Red Metro Line,Zone 5,Zone 5
Check out,31/10/2025,7:23:53,Emirates Metro Station,Emirates Metro Station,Red Metro Line,Zone 5,Zone 5
Check out,31/10/2025,7:23:59,Emirates Metro Station,Emirates Metro Station,Red Metro Line,Zone 5,Zone 5
Check out,31/10/2025,7:24:02,Emirates Metro Station,Emirates Metro Station,Red Metro Line,Zone 5,Zone 5
Check out,31/10/2025,7:24:04,Emirates Metro Station,Emirates Metro Station,Red Metro Line,Zone 5,Zone 5
Check out,31/10/2025,7:24:07,Emirates Metro Station,Emirates Metro Station,Red Metro Line,Zone 5,Zone 5
Check out,31/10/2025,7:24:08,Emirates Metro Station,Emirates Metro Station,Red Metro Line,Zone 5,Zone 5
Check out,31/10/2025,7:24:12,Emirates Metro Station,Emirates Metro Station,Red Metro Line,Zone 5,Zone 5
Check out,31/10/2025,7:24:18,Emirates Metro Station,Emirates Metro Station,Red Metro Line,Zone 5,Zone 5
Check out,31/10/2025,7:24:20,Emirates Metro Station,Emirates Metro Station,Red Metro Line,Zone 5,Zone 5
Check out,31/10/2025,7:24:22,Emirates Metro Station,Emirates Metro Station,Red Metro Line,Zone 5,Zone 5
Check out,31/10/2025,7:24:25,Emirates Metro Station,Emirates Metro Station,Red Metro Line,Zone 5,Zone 5
Check out,31/10/2025,7:24:28,Emirates Metro Station,Emirates Metro Station,Red Metro Line,Zone 5,Zone 5
Check out,31/10/2025,7:24:31,Emirates Metro Station,Emirates Metro Station,Red Metro Line,Zone 5,Zone 5
Check out,31/10/2025,7:24:42,Emirates Metro Station,Emirates Metro Station,Red Metro Line,Zone 5,Zone 5
Check out,31/10/2025,7:24:43,Emirates Metro Station,Emirates Metro Station,Red Metro Line,Zone 5,Zone 5
Check out,31/10/2025,7:24:46,Emirates Metro Station,Emirates Metro Station,Red Metro Line,Zone 5,Zone 5
Check out,31/10/2025,7:24:52,Emirates Metro Station,Emirates Metro Station,Red Metro Line,Zone 5,Zone 5
Check out,31/10/2025,7:24:57,Emirates Metro Station,Emirates Metro Station,Red Metro Line,Zone 5,Zone 5
Check out,31/10/2025,7:27:03,Emirates Metro Station,Emirates Metro Station,Red Metro Line,Zone 5,Zone 5
Check out,31/10/2025,7:27:05,Emirates Metro Station,Emirates Metro Station,Red Metro Line,Zone 5,Zone 5
Check out,31/10/2025,7:27:06,Emirates Metro Station,Emirates Metro Station,Red Metro Line,Zone 5,Zone 5
Check out,31/10/2025,7:27:07,Emirates Metro Station,Emirates Metro Station,Red Metro Line,Zone 5,Zone 5
Check out,31/10/2025,7:27:10,Emirates Metro Station,Emirates Metro Station,Red Metro Line,Zone 5,Zone 5
Check out,31/10/2025,7:27:15,Emirates Metro Station,Emirates Metro Station,Red Metro Line,Zone 5,Zone 5
Check out,31/10/2025,7:27:16,Emirates Metro Station,Emirates Metro Station,Red Metro Line,Zone 5,Zone 5
Check out,31/10/2025,7:27:19,Emirates Metro Station,Emirates Metro Station,Red Metro Line,Zone 5,Zone 5
Check out,31/10/2025,7:27:23,Emirates Metro Station,Emirates Metro Station,Red Metro Line,Zone 5,Zone 5
Check out,31/10/2025,7:27:26,Emirates Metro Station,Emirates Metro Station,Red Metro Line,Zone 5,Zone 5
Check out,31/10/2025,7:27:28,Emirates Metro Station,Emirates Metro Station,Red Metro Line,Zone 5,Zone 5
Check out,31/10/2025,7:27:30,Emirates Metro Station,Emirates Metro Station,Red Metro Line,Zone 5,Zone 5
Check out,31/10/2025,7:27:51,Emirates Metro Station,Emirates Metro Station,Red Metro Line,Zone 5,Zone 5
Check out,31/10/2025,7:27:55,Emirates Metro Station,Emirates Metro Station,Red Metro Line,Zone 5,Zone 5
Check out,31/10/2025,7:27:58,Emirates Metro Station,Emirates Metro Station,Red Metro Line,Zone 5,Zone 5
Check out,31/10/2025,7:28:01,Emirates Metro Station,Emirates Metro Station,Red Metro Line,Zone 5,Zone 5
Check out,31/10/2025,7:28:06,Emirates Metro Station,Emirates Metro Station,Red Metro Line,Zone 5,Zone 5
Check out,31/10/2025,7:28:08,Emirates Metro Station,Emirates Metro Station,Red Metro Line,Zone 5,Zone 5
Check out,31/10/2025,7:28:12,Emirates Metro Station,Emirates Metro Station,Red Metro Line,Zone 5,Zone 5
Check out,31/10/2025,7:28:15,Emirates Metro Station,Emirates Metro Station,Red Metro Line,Zone 5,Zone 5
Check out,31/10/2025,7:28:19,Emirates Metro Station,Emirates Metro Station,Red Metro Line,Zone 5,Zone 5
Check out,31/10/2025,7:28:20,Emirates Metro Station,Emirates Metro Station,Red Metro Line,Zone 5,Zone 5
Check out,31/10/2025,7:28:22,Emirates Metro Station,Emirates Metro Station,Red Metro Line,Zone 5,Zone 5
Check out,31/10/2025,7:28:25,Emirates Metro Station,Emirates Metro Station,Red Metro Line,Zone 5,Zone 5
Check out,31/10/2025,7:28:29,Emirates Metro Station,Emirates Metro Station,Red Metro Line,Zone 5,Zone 5
Check out,31/10/2025,7:28:30,Emirates Metro Station,Emirates Metro Station,Red Metro Line,Zone 5,Zone 5
Check out,31/10/2025,7:28:33,Emirates Metro Station,Emirates Metro Station,Red Metro Line,Zone 5,Zone 5
Check out,31/10/2025,7:28:35,Emirates Metro Station,Emirates Metro Station,Red Metro Line,Zone 5,Zone 5
Check out,31/10/2025,7:28:42,Emirates Metro Station,Emirates Metro Station,Red Metro Line,Zone 5,Zone 5
Check out,31/10/2025,7:29:47,Emirates Metro Station,Emirates Metro Station,Red Metro Line,Zone 5,Zone 5
Check out,31/10/2025,7:30:53,Emirates Metro Station,Emirates Metro Station,Red Metro Line,Zone 5,Zone 5
Check out,31/10/2025,7:31:06,Emirates Metro Station,Emirates Metro Station,Red Metro Line,Zone 5,Zone 5
Check out,31/10/2025,7:31:12,Emirates Metro Station,Emirates Metro Station,Red Metro Line,Zone 5,Zone 5
Check out,31/10/2025,7:31:17,Emirates Metro Station,Emirates Metro Station,Red Metro Line,Zone 5,Zone 5
Check out,31/10/2025,7:31:22,Emirates Metro Station,Emirates Metro Station,Red Metro Line,Zone 5,Zone 5
Check out,31/10/2025,7:31:24,Emirates Metro Station,Emirates Metro Station,Red Metro Line,Zone 5,Zone 5
Check out,31/10/2025,7:31:31,Emirates Metro Station,Emirates Metro Station,Red Metro Line,Zone 5,Zone 5
Check out,31/10/2025,7:32:00,Emirates Metro Station,Emirates Metro Station,Red Metro Line,Zone 5,Zone 5
Check out,31/10/2025,7:32:01,Emirates Metro Station,Emirates Metro Station,Red Metro Line,Zone 5,Zone 5
Check out,31/10/2025,7:32:05,Emirates Metro Station,Emirates Metro Station,Red Metro Line,Zone 5,Zone 5
Check out,31/10/2025,7:32:09,Emirates Metro Station,Emirates Metro Station,Red Metro Line,Zone 5,Zone 5
Check out,31/10/2025,7:32:10,Emirates Metro Station,Emirates Metro Station,Red Metro Line,Zone 5,Zone 5
Check out,31/10/2025,7:32:14,Emirates Metro Station,Emirates Metro Station,Red Metro Line,Zone 5,Zone 5
Check out,31/10/2025,7:32:16,Emirates Metro Station,Emirates Metro Station,Red Metro Line,Zone 5,Zone 5
Check out,31/10/2025,7:32:21,Emirates Metro Station,Emirates Metro Station,Red Metro Line,Zone 5,Zone 5
Check out,31/10/2025,7:32:24,Emirates Metro Station,Emirates Metro Station,Red Metro Line,Zone 5,Zone 5
Check out,31/10/2025,7:32:29,Emirates Metro Station,Emirates Metro Station,Red Metro Line,Zone 5,Zone 5
Check out,31/10/2025,7:32:30,Emirates Metro Station,Emirates Metro Station,Red Metro Line,Zone 5,Zone 5
Check out,31/10/2025,7:32:31,Emirates Metro Station,Emirates Metro Station,Red Metro Line,Zone 5,Zone 5
Check out,31/10/2025,7:32:34,Emirates Metro Station,Emirates Metro Station,Red Metro Line,Zone 5,Zone 5
Check out,31/10/2025,7:32:35,Emirates Metro Station,Emirates Metro Station,Red Metro Line,Zone 5,Zone 5
Check out,31/10/2025,7:32:37,Emirates Metro Station,Emirates Metro Station,Red Metro Line,Zone 5,Zone 5
Check out,31/10/2025,7:32:38,Emirates Metro Station,Emirates Metro Station,Red Metro Line,Zone 5,Zone 5
Check out,31/10/2025,7:32:44,Emirates Metro Station,Emirates Metro Station,Red Metro Line,Zone 5,Zone 5
Check out,31/10/2025,7:32:49,Emirates Metro Station,Emirates Metro Station,Red Metro Line,Zone 5,Zone 5
Check out,31/10/2025,7:32:53,Emirates Metro Station,Emirates Metro Station,Red Metro Line,Zone 5,Zone 5
Check out,31/10/2025,7:33:50,Emirates Metro Station,Emirates Metro Station,Red Metro Line,Zone 5,Zone 5
Check out,31/10/2025,7:35:09,Emirates Metro Station,Emirates Metro Station,Red Metro Line,Zone 5,Zone 5
Check out,31/10/2025,7:35:16,Emirates Metro Station,Emirates Metro Station,Red Metro Line,Zone 5,Zone 5
Check out,31/10/2025,7:35:20,Emirates Metro Station,Emirates Metro Station,Red Metro Line,Zone 5,Zone 5
Check out,31/10/2025,7:35:22,Emirates Metro Station,Emirates Metro Station,Red Metro Line,Zone 5,Zone 5
Check out,31/10/2025,7:35:30,Emirates Metro Station,Emirates Metro Station,Red Metro Line,Zone 5,Zone 5
Check out,31/10/2025,7:35:31,Emirates Metro Station,Emirates Metro Station,Red Metro Line,Zone 5,Zone 5
Check out,31/10/2025,7:35:59,Emirates Metro Station,Emirates Metro Station,Red Metro Line,Zone 5,Zone 5
Check out,31/10/2025,7:36:02,Emirates Metro Station,Emirates Metro Station,Red Metro Line,Zone 5,Zone 5
Check out,31/10/2025,7:36:06,Emirates Metro Station,Emirates Metro Station,Red Metro Line,Zone 5,Zone 5
Check out,31/10/2025,7:36:09,Emirates Metro Station,Emirates Metro Station,Red Metro Line,Zone 5,Zone 5
Check out,31/10/2025,7:36:19,Emirates Metro Station,Emirates Metro Station,Red Metro Line,Zone 5,Zone 5
Check out,31/10/2025,7:36:20,Emirates Metro Station,Emirates Metro Station,Red Metro Line,Zone 5,Zone 5
Check out,31/10/2025,7:36:21,Emirates Metro Station,Emirates Metro Station,Red Metro Line,Zone 5,Zone 5
Check out,31/10/2025,7:36:22,Emirates Metro Station,Emirates Metro Station,Red Metro Line,Zone 5,Zone 5
Check out,31/10/2025,7:36:23,Emirates Metro Station,Emirates Metro Station,Red Metro Line,Zone 5,Zone 5
Check out,31/10/2025,7:36:25,Emirates Metro Station,Emirates Metro Station,Red Metro Line,Zone 5,Zone 5
Check out,31/10/2025,7:36:28,Emirates Metro Station,Emirates Metro Station,Red Metro Line,Zone 5,Zone 5
Check out,31/10/2025,7:36:30,Emirates Metro Station,Emirates Metro Station,Red Metro Line,Zone 5,Zone 5
Check out,31/10/2025,7:36:32,Emirates Metro Station,Emirates Metro Station,Red Metro Line,Zone 5,Zone 5
Check out,31/10/2025,7:36:33,Emirates Metro Station,Emirates Metro Station,Red Metro Line,Zone 5,Zone 5
Check out,31/10/2025,7:36:35,Emirates Metro Station,Emirates Metro Station,Red Metro Line,Zone 5,Zone 5
Check out,31/10/2025,7:36:45,Emirates Metro Station,Emirates Metro Station,Red Metro Line,Zone 5,Zone 5
Check out,31/10/2025,7:36:50,Emirates Metro Station,Emirates Metro Station,Red Metro Line,Zone 5,Zone 5
Check out,31/10/2025,7:36:53,Emirates Metro Station,Emirates Metro Station,Red Metro Line,Zone 5,Zone 5
Check out,31/10/2025,7:36:59,Emirates Metro Station,Emirates Metro Station,Red Metro Line,Zone 5,Zone 5
Check out,31/10/2025,7:39:04,Emirates Metro Station,Emirates Metro Station,Red Metro Line,Zone 5,Zone 5
Check out,31/10/2025,7:39:10,Emirates Metro Station,Emirates Metro Station,Red Metro Line,Zone 5,Zone 5
Check out,31/10/2025,7:39:12,Emirates Metro Station,Emirates Metro Station,Red Metro Line,Zone 5,Zone 5
Check out,31/10/2025,7:39:20,Emirates Metro Station,Emirates Metro Station,Red Metro Line,Zone 5,Zone 5
Check out,31/10/2025,7:39:26,Emirates Metro Station,Emirates Metro Station,Red Metro Line,Zone 5,Zone 5
Check out,31/10/2025,7:39:28,Emirates Metro Station,Emirates Metro Station,Red Metro Line,Zone 5,Zone 5
Check out,31/10/2025,7:39:29,Emirates Metro Station,Emirates Metro Station,Red Metro Line,Zone 5,Zone 5
Check out,31/10/2025,7:39:30,Emirates Metro Station,Emirates Metro Station,Red Metro Line,Zone 5,Zone 5
Check out,31/10/2025,7:39:31,Emirates Metro Station,Emirates Metro Station,Red Metro Line,Zone 5,Zone 5
Check out,31/10/2025,7:39:34,Emirates Metro Station,Emirates Metro Station,Red Metro Line,Zone 5,Zone 5
Check out,31/10/2025,7:39:35,Emirates Metro Station,Emirates Metro Station,Red Metro Line,Zone 5,Zone 5
Check out,31/10/2025,7:39:38,Emirates Metro Station,Emirates Metro Station,Red Metro Line,Zone 5,Zone 5
Check out,31/10/2025,7:39:39,Emirates Metro Station,Emirates Metro Station,Red Metro Line,Zone 5,Zone 5
Check out,31/10/2025,7:39:52,Emirates Metro Station,Emirates Metro Station,Red Metro Line,Zone 5,Zone 5
Check out,31/10/2025,7:39:53,Emirates Metro Station,Emirates Metro Station,Red Metro Line,Zone 5,Zone 5
Check out,31/10/2025,7:40:01,Emirates Metro Station,Emirates Metro Station,Red Metro Line,Zone 5,Zone 5
Check out,31/10/2025,7:40:02,Emirates Metro Station,Emirates Metro Station,Red Metro Line,Zone 5,Zone 5
Check out,31/10/2025,7:40:04,Emirates Metro Station,Emirates Metro Station,Red Metro Line,Zone 5,Zone 5
Check out,31/10/2025,7:40:07,Emirates Metro Station,Emirates Metro Station,Red Metro Line,Zone 5,Zone 5
Check out,31/10/2025,7:40:08,Emirates Metro Station,Emirates Metro Station,Red Metro Line,Zone 5,Zone 5
Check out,31/10/2025,7:40:09,Emirates Metro Station,Emirates Metro Station,Red Metro Line,Zone 5,Zone 5
Check out,31/10/2025,7:40:12,Emirates Metro Station,Emirates Metro Station,Red Metro Line,Zone 5,Zone 5
Check out,31/10/2025,7:40:13,Emirates Metro Station,Emirates Metro Station,Red Metro Line,Zone 5,Zone 5
Check out,31/10/2025,7:40:17,Emirates Metro Station,Emirates Metro Station,Red Metro Line,Zone 5,Zone 5
Check out,31/10/2025,7:40:20,Emirates Metro Station,Emirates Metro Station,Red Metro Line,Zone 5,Zone 5
Check out,31/10/2025,7:40:23,Emirates Metro Station,Emirates Metro Station,Red Metro Line,Zone 5,Zone 5
Check out,31/10/2025,7:40:24,Emirates Metro Station,Emirates Metro Station,Red Metro Line,Zone 5,Zone 5
Check out,31/10/2025,7:40:29,Emirates Metro Station,Emirates Metro Station,Red Metro Line,Zone 5,Zone 5
Check out,31/10/2025,7:40:34,Emirates Metro Station,Emirates Metro Station,Red Metro Line,Zone 5,Zone 5
Check out,31/10/2025,7:40:41,Emirates Metro Station,Emirates Metro Station,Red Metro Line,Zone 5,Zone 5
Check out,31/10/2025,7:40:46,Emirates Metro Station,Emirates Metro Station,Red Metro Line,Zone 5,Zone 5
Check out,31/10/2025,7:40:47,Emirates Metro Station,Emirates Metro Station,Red Metro Line,Zone 5,Zone 5
Check out,31/10/2025,7:40:49,Emirates Metro Station,Emirates Metro Station,Red Metro Line,Zone 5,Zone 5
Check out,31/10/2025,7:40:51,Emirates Metro Station,Emirates Metro Station,Red Metro Line,Zone 5,Zone 5
Check out,31/10/2025,7:41:00,Emirates Metro Station,Emirates Metro Station,Red Metro Line,Zone 5,Zone 5
Check out,31/10/2025,7:41:09,Emirates Metro Station,Emirates Metro Station,Red Metro Line,Zone 5,Zone 5
Check out,31/10/2025,7:41:13,Emirates Metro Station,Emirates Metro Station,Red Metro Line,Zone 5,Zone 5
Check out,31/10/2025,7:42:35,Emirates Metro Station,Emirates Metro Station,Red Metro Line,Zone 5,Zone 5
Check out,31/10/2025,7:43:11,Emirates Metro Station,Emirates Metro Station,Red Metro Line,Zone 5,Zone 5
Check out,31/10/2025,7:43:39,Emirates Metro Station,Emirates Metro Station,Red Metro Line,Zone 5,Zone 5
Check out,31/10/2025,7:44:02,Emirates Metro Station,Emirates Metro Station,Red Metro Line,Zone 5,Zone 5
Check out,31/10/2025,7:44:03,Emirates Metro Station,Emirates Metro Station,Red Metro Line,Zone 5,Zone 5
Check out,31/10/2025,7:44:07,Emirates Metro Station,Emirates Metro Station,Red Metro Line,Zone 5,Zone 5
Check out,31/10/2025,7:44:10,Emirates Metro Station,Emirates Metro Station,Red Metro Line,Zone 5,Zone 5
Check out,31/10/2025,7:44:12,Emirates Metro Station,Emirates Metro Station,Red Metro Line,Zone 5,Zone 5
Check out,31/10/2025,7:44:19,Emirates Metro Station,Emirates Metro Station,Red Metro Line,Zone 5,Zone 5
Check out,31/10/2025,7:44:23,Emirates Metro Station,Emirates Metro Station,Red Metro Line,Zone 5,Zone 5
Check out,31/10/2025,7:44:29,Emirates Metro Station,Emirates Metro Station,Red Metro Line,Zone 5,Zone 5
Check out,31/10/2025,7:44:33,Emirates Metro Station,Emirates Metro Station,Red Metro Line,Zone 5,Zone 5
Check out,31/10/2025,7:44:34,Emirates Metro Station,Emirates Metro Station,Red Metro Line,Zone 5,Zone 5
Check out,31/10/2025,7:44:35,Emirates Metro Station,Emirates Metro Station,Red Metro Line,Zone 5,Zone 5
Check out,31/10/2025,7:44:36,Emirates Metro Station,Emirates Metro Station,Red Metro Line,Zone 5,Zone 5
Check out,31/10/2025,7:44:38,Emirates Metro Station,Emirates Metro Station,Red Metro Line,Zone 5,Zone 5
Check out,31/10/2025,7:44:40,Emirates Metro Station,Emirates Metro Station,Red Metro Line,Zone 5,Zone 5
Check out,31/10/2025,7:44:45,Emirates Metro Station,Emirates Metro Station,Red Metro Line,Zone 5,Zone 5
Check out,31/10/2025,7:44:47,Emirates Metro Station,Emirates Metro Station,Red Metro Line,Zone 5,Zone 5
Check out,31/10/2025,7:44:50,Emirates Metro Station,Emirates Metro Station,Red Metro Line,Zone 5,Zone 5
Check out,31/10/2025,7:44:54,Emirates Metro Station,Emirates Metro Station,Red Metro Line,Zone 5,Zone 5
Check out,31/10/2025,7:44:55,Emirates Metro Station,Emirates Metro Station,Red Metro Line,Zone 5,Zone 5
Check out,31/10/2025,7:44:59,Emirates Metro Station,Emirates Metro Station,Red Metro Line,Zone 5,Zone 5
Check out,31/10/2025,7:45:00,Emirates Metro Station,Emirates Metro Station,Red Metro Line,Zone 5,Zone 5
Check out,31/10/2025,7:45:03,Emirates Metro Station,Emirates Metro Station,Red Metro Line,Zone 5,Zone 5
Check out,31/10/2025,7:45:06,Emirates Metro Station,Emirates Metro Station,Red Metro Line,Zone 5,Zone 5
Check out,31/10/2025,7:45:11,Emirates Metro Station,Emirates Metro Station,Red Metro Line,Zone 5,Zone 5
Check out,31/10/2025,7:45:29,Emirates Metro Station,Emirates Metro Station,Red Metro Line,Zone 5,Zone 5
Check out,31/10/2025,7:46:59,Emirates Metro Station,Emirates Metro Station,Red Metro Line,Zone 5,Zone 5
Check out,31/10/2025,7:47:29,Emirates Metro Station,Emirates Metro Station,Red Metro Line,Zone 5,Zone 5
Check out,31/10/2025,7:47:36,Emirates Metro Station,Emirates Metro Station,Red Metro Line,Zone 5,Zone 5
Check out,31/10/2025,7:47:39,Emirates Metro Station,Emirates Metro Station,Red Metro Line,Zone 5,Zone 5
Check out,31/10/2025,7:47:40,Emirates Metro Station,Emirates Metro Station,Red Metro Line,Zone 5,Zone 5
Check out,31/10/2025,7:48:06,Emirates Metro Station,Emirates Metro Station,Red Metro Line,Zone 5,Zone 5
Check out,31/10/2025,7:48:09,Emirates Metro Station,Emirates Metro Station,Red Metro Line,Zone 5,Zone 5
Check out,31/10/2025,7:48:10,Emirates Metro Station,Emirates Metro Station,Red Metro Line,Zone 5,Zone 5
Check out,31/10/2025,7:48:11,Emirates Metro Station,Emirates Metro Station,Red Metro Line,Zone 5,Zone 5
Check out,31/10/2025,7:48:12,Emirates Metro Station,Emirates Metro Station,Red Metro Line,Zone 5,Zone 5
Check out,31/10/2025,7:48:13,Emirates Metro Station,Emirates Metro Station,Red Metro Line,Zone 5,Zone 5
Check out,31/10/2025,7:48:19,Emirates Metro Station,Emirates Metro Station,Red Metro Line,Zone 5,Zone 5
Check out,31/10/2025,7:48:21,Emirates Metro Station,Emirates Metro Station,Red Metro Line,Zone 5,Zone 5
Check out,31/10/2025,7:48:23,Emirates Metro Station,Emirates Metro Station,Red Metro Line,Zone 5,Zone 5
Check out,31/10/2025,7:48:24,Emirates Metro Station,Emirates Metro Station,Red Metro Line,Zone 5,Zone 5
Check out,31/10/2025,7:48:32,Emirates Metro Station,Emirates Metro Station,Red Metro Line,Zone 5,Zone 5
Check out,31/10/2025,7:48:33,Emirates Metro Station,Emirates Metro Station,Red Metro Line,Zone 5,Zone 5
Check out,31/10/2025,7:48:36,Emirates Metro Station,Emirates Metro Station,Red Metro Line,Zone 5,Zone 5
Check out,31/10/2025,7:48:38,Emirates Metro Station,Emirates Metro Station,Red Metro Line,Zone 5,Zone 5
Check out,31/10/2025,7:48:46,Emirates Metro Station,Emirates Metro Station,Red Metro Line,Zone 5,Zone 5
Check out,31/10/2025,7:48:50,Emirates Metro Station,Emirates Metro Station,Red Metro Line,Zone 5,Zone 5
Check out,31/10/2025,7:48:57,Emirates Metro Station,Emirates Metro Station,Red Metro Line,Zone 5,Zone 5
Check out,31/10/2025,7:49:08,Emirates Metro Station,Emirates Metro Station,Red Metro Line,Zone 5,Zone 5
Check out,31/10/2025,7:49:17,Emirates Metro Station,Emirates Metro Station,Red Metro Line,Zone 5,Zone 5
Check out,31/10/2025,7:49:22,Emirates Metro Station,Emirates Metro Station,Red Metro Line,Zone 5,Zone 5
Check out,31/10/2025,7:49:49,Emirates Metro Station,Emirates Metro Station,Red Metro Line,Zone 5,Zone 5
Check out,31/10/2025,7:51:04,Emirates Metro Station,Emirates Metro Station,Red Metro Line,Zone 5,Zone 5
Check out,31/10/2025,7:51:13,Emirates Metro Station,Emirates Metro Station,Red Metro Line,Zone 5,Zone 5
Check out,31/10/2025,7:51:16,Emirates Metro Station,Emirates Metro Station,Red Metro Line,Zone 5,Zone 5
Check out,31/10/2025,7:51:18,Emirates Metro Station,Emirates Metro Station,Red Metro Line,Zone 5,Zone 5
Check out,31/10/2025,7:51:21,Emirates Metro Station,Emirates Metro Station,Red Metro Line,Zone 5,Zone 5
Check out,31/10/2025,7:51:23,Emirates Metro Station,Emirates Metro Station,Red Metro Line,Zone 5,Zone 5
Check out,31/10/2025,7:51:27,Emirates Metro Station,Emirates Metro Station,Red Metro Line,Zone 5,Zone 5
Check out,31/10/2025,7:51:29,Emirates Metro Station,Emirates Metro Station,Red Metro Line,Zone 5,Zone 5
Check out,31/10/2025,7:51:32,Emirates Metro Station,Emirates Metro Station,Red Metro Line,Zone 5,Zone 5
Check out,31/10/2025,7:51:34,Emirates Metro Station,Emirates Metro Station,Red Metro Line,Zone 5,Zone 5
Check out,31/10/2025,7:51:40,Emirates Metro Station,Emirates Metro Station,Red Metro Line,Zone 5,Zone 5
Check out,31/10/2025,7:51:49,Emirates Metro Station,Emirates Metro Station,Red Metro Line,Zone 5,Zone 5
Check out,31/10/2025,7:51:57,Emirates Metro Station,Emirates Metro Station,Red Metro Line,Zone 5,Zone 5
Check out,31/10/2025,7:52:01,Emirates Metro Station,Emirates Metro Station,Red Metro Line,Zone 5,Zone 5
Check out,31/10/2025,7:52:05,Emirates Metro Station,Emirates Metro Station,Red Metro Line,Zone 5,Zone 5
Check out,31/10/2025,7:52:06,Emirates Metro Station,Emirates Metro Station,Red Metro Line,Zone 5,Zone 5
Check out,31/10/2025,7:52:11,Emirates Metro Station,Emirates Metro Station,Red Metro Line,Zone 5,Zone 5
Check out,31/10/2025,7:52:19,Emirates Metro Station,Emirates Metro Station,Red Metro Line,Zone 5,Zone 5
Check out,31/10/2025,7:52:24,Emirates Metro Station,Emirates Metro Station,Red Metro Line,Zone 5,Zone 5
Check out,31/10/2025,7:52:26,Emirates Metro Station,Emirates Metro Station,Red Metro Line,Zone 5,Zone 5
Check out,31/10/2025,7:52:28,Emirates Metro Station,Emirates Metro Station,Red Metro Line,Zone 5,Zone 5
Check out,31/10/2025,7:52:29,Emirates Metro Station,Emirates Metro Station,Red Metro Line,Zone 5,Zone 5
Check out,31/10/2025,7:52:31,Emirates Metro Station,Emirates Metro Station,Red Metro Line,Zone 5,Zone 5
Check out,31/10/2025,7:52:32,Emirates Metro Station,Emirates Metro Station,Red Metro Line,Zone 5,Zone 5
Check out,31/10/2025,7:52:34,Emirates Metro Station,Emirates Metro Station,Red Metro Line,Zone 5,Zone 5
Check out,31/10/2025,7:52:37,Emirates Metro Station,Emirates Metro Station,Red Metro Line,Zone 5,Zone 5
Check out,31/10/2025,7:52:38,Emirates Metro Station,Emirates Metro Station,Red Metro Line,Zone 5,Zone 5
Check out,31/10/2025,7:52:41,Emirates Metro Station,Emirates Metro Station,Red Metro Line,Zone 5,Zone 5
Check out,31/10/2025,7:52:42,Emirates Metro Station,Emirates Metro Station,Red Metro Line,Zone 5,Zone 5
Check out,31/10/2025,7:52:43,Emirates Metro Station,Emirates Metro Station,Red Metro Line,Zone 5,Zone 5
Check out,31/10/2025,7:52:46,Emirates Metro Station,Emirates Metro Station,Red Metro Line,Zone 5,Zone 5
Check out,31/10/2025,7:52:47,Emirates Metro Station,Emirates Metro Station,Red Metro Line,Zone 5,Zone 5
Check out,31/10/2025,7:52:54,Emirates Metro Station,Emirates Metro Station,Red Metro Line,Zone 5,Zone 5
Check out,31/10/2025,7:52:57,Emirates Metro Station,Emirates Metro Station,Red Metro Line,Zone 5,Zone 5
Check out,31/10/2025,7:53:00,Emirates Metro Station,Emirates Metro Station,Red Metro Line,Zone 5,Zone 5
Check out,31/10/2025,7:53:01,Emirates Metro Station,Emirates Metro Station,Red Metro Line,Zone 5,Zone 5
Check out,31/10/2025,7:53:02,Emirates Metro Station,Emirates Metro Station,Red Metro Line,Zone 5,Zone 5
Check out,31/10/2025,7:54:10,Emirates Metro Station,Emirates Metro Station,Red Metro Line,Zone 5,Zone 5
Check out,31/10/2025,7:54:40,Emirates Metro Station,Emirates Metro Station,Red Metro Line,Zone 5,Zone 5
Check out,31/10/2025,7:55:14,Emirates Metro Station,Emirates Metro Station,Red Metro Line,Zone 5,Zone 5
Check out,31/10/2025,7:55:16,Emirates Metro Station,Emirates Metro Station,Red Metro Line,Zone 5,Zone 5
Check out,31/10/2025,7:55:17,Emirates Metro Station,Emirates Metro Station,Red Metro Line,Zone 5,Zone 5
Check out,31/10/2025,7:55:55,Emirates Metro Station,Emirates Metro Station,Red Metro Line,Zone 5,Zone 5
Check out,31/10/2025,7:55:57,Emirates Metro Station,Emirates Metro Station,Red Metro Line,Zone 5,Zone 5
Check out,31/10/2025,7:56:06,Emirates Metro Station,Emirates Metro Station,Red Metro Line,Zone 5,Zone 5
Check out,31/10/2025,7:56:08,Emirates Metro Station,Emirates Metro Station,Red Metro Line,Zone 5,Zone 5
Check out,31/10/2025,7:56:09,Emirates Metro Station,Emirates Metro Station,Red Metro Line,Zone 5,Zone 5
Check out,31/10/2025,7:56:10,Emirates Metro Station,Emirates Metro Station,Red Metro Line,Zone 5,Zone 5
Check out,31/10/2025,7:56:19,Emirates Metro Station,Emirates Metro Station,Red Metro Line,Zone 5,Zone 5
Check out,31/10/2025,7:56:27,Emirates Metro Station,Emirates Metro Station,Red Metro Line,Zone 5,Zone 5
Check out,31/10/2025,7:56:30,Emirates Metro Station,Emirates Metro Station,Red Metro Line,Zone 5,Zone 5
Check out,31/10/2025,7:56:33,Emirates Metro Station,Emirates Metro Station,Red Metro Line,Zone 5,Zone 5
Check out,31/10/2025,7:56:38,Emirates Metro Station,Emirates Metro Station,Red Metro Line,Zone 5,Zone 5
Check out,31/10/2025,7:56:39,Emirates Metro Station,Emirates Metro Station,Red Metro Line,Zone 5,Zone 5
Check out,31/10/2025,7:56:40,Emirates Metro Station,Emirates Metro Station,Red Metro Line,Zone 5,Zone 5
Check out,31/10/2025,7:56:42,Emirates Metro Station,Emirates Metro Station,Red Metro Line,Zone 5,Zone 5
Check out,31/10/2025,7:56:43,Emirates Metro Station,Emirates Metro Station,Red Metro Line,Zone 5,Zone 5
Check out,31/10/2025,7:56:44,Emirates Metro Station,Emirates Metro Station,Red Metro Line,Zone 5,Zone 5
Check out,31/10/2025,7:56:49,Emirates Metro Station,Emirates Metro Station,Red Metro Line,Zone 5,Zone 5
Check out,31/10/2025,7:56:52,Emirates Metro Station,Emirates Metro Station,Red Metro Line,Zone 5,Zone 5
Check out,31/10/2025,7:57:09,Emirates Metro Station,Emirates Metro Station,Red Metro Line,Zone 5,Zone 5
Check out,31/10/2025,7:57:16,Emirates Metro Station,Emirates Metro Station,Red Metro Line,Zone 5,Zone 5
Check out,31/10/2025,7:57:26,Emirates Metro Station,Emirates Metro Station,Red Metro Line,Zone 5,Zone 5
Check out,31/10/2025,7:57:28,Emirates Metro Station,Emirates Metro Station,Red Metro Line,Zone 5,Zone 5
Check out,31/10/2025,7:59:09,Emirates Metro Station,Emirates Metro Station,Red Metro Line,Zone 5,Zone 5
Check out,31/10/2025,7:59:10,Emirates Metro Station,Emirates Metro Station,Red Metro Line,Zone 5,Zone 5
Check out,31/10/2025,7:59:23,Emirates Metro Station,Emirates Metro Station,Red Metro Line,Zone 5,Zone 5
Check out,31/10/2025,7:59:30,Emirates Metro Station,Emirates Metro Station,Red Metro Line,Zone 5,Zone 5
Check out,31/10/2025,7:59:31,Emirates Metro Station,Emirates Metro Station,Red Metro Line,Zone 5,Zone 5
Check out,31/10/2025,7:59:33,Emirates Metro Station,Emirates Metro Station,Red Metro Line,Zone 5,Zone 5
Check out,31/10/2025,7:59:50,Emirates Metro Station,Emirates Metro Station,Red Metro Line,Zone 5,Zone 5
Check out,31/10/2025,7:59:58,Emirates Metro Station,Emirates Metro Station,Red Metro Line,Zone 5,Zone 5
Check out,31/10/2025,8:00:09,Emirates Metro Station,Emirates Metro Station,Red Metro Line,Zone 5,Zone 5
Check out,31/10/2025,8:00:11,Emirates Metro Station,Emirates Metro Station,Red Metro Line,Zone 5,Zone 5
Check out,31/10/2025,8:00:12,Emirates Metro Station,Emirates Metro Station,Red Metro Line,Zone 5,Zone 5
Check out,31/10/2025,8:00:14,Emirates Metro Station,Emirates Metro Station,Red Metro Line,Zone 5,Zone 5
Check out,31/10/2025,8:00:17,Emirates Metro Station,Emirates Metro Station,Red Metro Line,Zone 5,Zone 5
Check out,31/10/2025,8:00:19,Emirates Metro Station,Emirates Metro Station,Red Metro Line,Zone 5,Zone 5
Check out,31/10/2025,8:00:22,Emirates Metro Station,Emirates Metro Station,Red Metro Line,Zone 5,Zone 5
Check out,31/10/2025,8:00:25,Emirates Metro Station,Emirates Metro Station,Red Metro Line,Zone 5,Zone 5
Check out,31/10/2025,8:00:29,Emirates Metro Station,Emirates Metro Station,Red Metro Line,Zone 5,Zone 5
Check out,31/10/2025,8:00:49,Emirates Metro Station,Emirates Metro Station,Red Metro Line,Zone 5,Zone 5
Check out,31/10/2025,8:00:51,Emirates Metro Station,Emirates Metro Station,Red Metro Line,Zone 5,Zone 5
Check out,31/10/2025,8:03:19,Emirates Metro Station,Emirates Metro Station,Red Metro Line,Zone 5,Zone 5
Check out,31/10/2025,8:03:22,Emirates Metro Station,Emirates Metro Station,Red Metro Line,Zone 5,Zone 5
Check out,31/10/2025,8:03:37,Emirates Metro Station,Emirates Metro Station,Red Metro Line,Zone 5,Zone 5
Check out,31/10/2025,8:03:50,Emirates Metro Station,Emirates Metro Station,Red Metro Line,Zone 5,Zone 5
Check out,31/10/2025,8:03:56,Emirates Metro Station,Emirates Metro Station,Red Metro Line,Zone 5,Zone 5
Check out,31/10/2025,8:04:00,Emirates Metro Station,Emirates Metro Station,Red Metro Line,Zone 5,Zone 5
Check out,31/10/2025,8:04:01,Emirates Metro Station,Emirates Metro Station,Red Metro Line,Zone 5,Zone 5
Check out,31/10/2025,8:04:02,Emirates Metro Station,Emirates Metro Station,Red Metro Line,Zone 5,Zone 5
Check out,31/10/2025,8:04:07,Emirates Metro Station,Emirates Metro Station,Red Metro Line,Zone 5,Zone 5
Check out,31/10/2025,8:04:08,Emirates Metro Station,Emirates Metro Station,Red Metro Line,Zone 5,Zone 5
Check out,31/10/2025,8:04:10,Emirates Metro Station,Emirates Metro Station,Red Metro Line,Zone 5,Zone 5
Check out,31/10/2025,8:04:15,Emirates Metro Station,Emirates Metro Station,Red Metro Line,Zone 5,Zone 5
Check out,31/10/2025,8:04:17,Emirates Metro Station,Emirates Metro Station,Red Metro Line,Zone 5,Zone 5
Check out,31/10/2025,8:04:19,Emirates Metro Station,Emirates Metro Station,Red Metro Line,Zone 5,Zone 5
Check out,31/10/2025,8:04:20,Emirates Metro Station,Emirates Metro Station,Red Metro Line,Zone 5,Zone 5
Check out,31/10/2025,8:04:26,Emirates Metro Station,Emirates Metro Station,Red Metro Line,Zone 5,Zone 5
Check out,31/10/2025,8:04:30,Emirates Metro Station,Emirates Metro Station,Red Metro Line,Zone 5,Zone 5
Check out,31/10/2025,8:04:31,Emirates Metro Station,Emirates Metro Station,Red Metro Line,Zone 5,Zone 5
Check out,31/10/2025,8:04:34,Emirates Metro Station,Emirates Metro Station,Red Metro Line,Zone 5,Zone 5
Check out,31/10/2025,8:04:36,Emirates Metro Station,Emirates Metro Station,Red Metro Line,Zone 5,Zone 5
Check out,31/10/2025,8:04:39,Emirates Metro Station,Emirates Metro Station,Red Metro Line,Zone 5,Zone 5
Check out,31/10/2025,8:04:41,Emirates Metro Station,Emirates Metro Station,Red Metro Line,Zone 5,Zone 5
Check out,31/10/2025,8:04:42,Emirates Metro Station,Emirates Metro Station,Red Metro Line,Zone 5,Zone 5
Check out,31/10/2025,8:04:43,Emirates Metro Station,Emirates Metro Station,Red Metro Line,Zone 5,Zone 5
Check out,31/10/2025,8:04:45,Emirates Metro Station,Emirates Metro Station,Red Metro Line,Zone 5,Zone 5
Check out,31/10/2025,8:04:47,Emirates Metro Station,Emirates Metro Station,Red Metro Line,Zone 5,Zone 5
Check out,31/10/2025,8:04:49,Emirates Metro Station,Emirates Metro Station,Red Metro Line,Zone 5,Zone 5
Check out,31/10/2025,8:04:50,Emirates Metro Station,Emirates Metro Station,Red Metro Line,Zone 5,Zone 5
Check out,31/10/2025,8:06:56,Emirates Metro Station,Emirates Metro Station,Red Metro Line,Zone 5,Zone 5
Check out,31/10/2025,8:07:25,Emirates Metro Station,Emirates Metro Station,Red Metro Line,Zone 5,Zone 5
Check out,31/10/2025,8:07:51,Emirates Metro Station,Emirates Metro Station,Red Metro Line,Zone 5,Zone 5
Check out,31/10/2025,8:07:59,Emirates Metro Station,Emirates Metro Station,Red Metro Line,Zone 5,Zone 5
Check out,31/10/2025,8:08:01,Emirates Metro Station,Emirates Metro Station,Red Metro Line,Zone 5,Zone 5
Check out,31/10/2025,8:08:02,Emirates Metro Station,Emirates Metro Station,Red Metro Line,Zone 5,Zone 5
Check out,31/10/2025,8:08:04,Emirates Metro Station,Emirates Metro Station,Red Metro Line,Zone 5,Zone 5
Check out,31/10/2025,8:08:10,Emirates Metro Station,Emirates Metro Station,Red Metro Line,Zone 5,Zone 5
Check out,31/10/2025,8:08:11,Emirates Metro Station,Emirates Metro Station,Red Metro Line,Zone 5,Zone 5
Check out,31/10/2025,8:08:16,Emirates Metro Station,Emirates Metro Station,Red Metro Line,Zone 5,Zone 5
Check out,31/10/2025,8:08:17,Emirates Metro Station,Emirates Metro Station,Red Metro Line,Zone 5,Zone 5
Check out,31/10/2025,8:08:18,Emirates Metro Station,Emirates Metro Station,Red Metro Line,Zone 5,Zone 5
Check out,31/10/2025,8:08:22,Emirates Metro Station,Emirates Metro Station,Red Metro Line,Zone 5,Zone 5
Check out,31/10/2025,8:08:23,Emirates Metro Station,Emirates Metro Station,Red Metro Line,Zone 5,Zone 5
Check out,31/10/2025,8:08:24,Emirates Metro Station,Emirates Metro Station,Red Metro Line,Zone 5,Zone 5
Check out,31/10/2025,8:08:27,Emirates Metro Station,Emirates Metro Station,Red Metro Line,Zone 5,Zone 5
Check out,31/10/2025,8:08:28,Emirates Metro Station,Emirates Metro Station,Red Metro Line,Zone 5,Zone 5
Check out,31/10/2025,8:08:31,Emirates Metro Station,Emirates Metro Station,Red Metro Line,Zone 5,Zone 5
Check out,31/10/2025,8:08:34,Emirates Metro Station,Emirates Metro Station,Red Metro Line,Zone 5,Zone 5
Check out,31/10/2025,8:08:37,Emirates Metro Station,Emirates Metro Station,Red Metro Line,Zone 5,Zone 5
Check out,31/10/2025,8:08:49,Emirates Metro Station,Emirates Metro Station,Red Metro Line,Zone 5,Zone 5
Check out,31/10/2025,8:08:52,Emirates Metro Station,Emirates Metro Station,Red Metro Line,Zone 5,Zone 5
Check out,31/10/2025,8:09:15,Emirates Metro Station,Emirates Metro Station,Red Metro Line,Zone 5,Zone 5
Check out,31/10/2025,8:09:21,Emirates Metro Station,Emirates Metro Station,Red Metro Line,Zone 5,Zone 5
Check out,31/10/2025,8:10:07,Emirates Metro Station,Emirates Metro Station,Red Metro Line,Zone 5,Zone 5
Check out,31/10/2025,8:10:59,Emirates Metro Station,Emirates Metro Station,Red Metro Line,Zone 5,Zone 5
Check out,31/10/2025,8:11:04,Emirates Metro Station,Emirates Metro Station,Red Metro Line,Zone 5,Zone 5
Check out,31/10/2025,8:11:15,Emirates Metro Station,Emirates Metro Station,Red Metro Line,Zone 5,Zone 5
Check out,31/10/2025,8:11:17,Emirates Metro Station,Emirates Metro Station,Red Metro Line,Zone 5,Zone 5
Check out,31/10/2025,8:11:22,Emirates Metro Station,Emirates Metro Station,Red Metro Line,Zone 5,Zone 5
Check out,31/10/2025,8:11:36,Emirates Metro Station,Emirates Metro Station,Red Metro Line,Zone 5,Zone 5
Check out,31/10/2025,8:11:39,Emirates Metro Station,Emirates Metro Station,Red Metro Line,Zone 5,Zone 5
Check out,31/10/2025,8:11:41,Emirates Metro Station,Emirates Metro Station,Red Metro Line,Zone 5,Zone 5
Check out,31/10/2025,8:11:54,Emirates Metro Station,Emirates Metro Station,Red Metro Line,Zone 5,Zone 5
Check out,31/10/2025,8:11:56,Emirates Metro Station,Emirates Metro Station,Red Metro Line,Zone 5,Zone 5
Check out,31/10/2025,8:12:09,Emirates Metro Station,Emirates Metro Station,Red Metro Line,Zone 5,Zone 5
Check out,31/10/2025,8:12:18,Emirates Metro Station,Emirates Metro Station,Red Metro Line,Zone 5,Zone 5
Check out,31/10/2025,8:12:20,Emirates Metro Station,Emirates Metro Station,Red Metro Line,Zone 5,Zone 5
Check out,31/10/2025,8:12:23,Emirates Metro Station,Emirates Metro Station,Red Metro Line,Zone 5,Zone 5
Check out,31/10/2025,8:12:26,Emirates Metro Station,Emirates Metro Station,Red Metro Line,Zone 5,Zone 5
Check out,31/10/2025,8:12:27,Emirates Metro Station,Emirates Metro Station,Red Metro Line,Zone 5,Zone 5
Check out,31/10/2025,8:12:29,Emirates Metro Station,Emirates Metro Station,Red Metro Line,Zone 5,Zone 5
Check out,31/10/2025,8:12:30,Emirates Metro Station,Emirates Metro Station,Red Metro Line,Zone 5,Zone 5
Check out,31/10/2025,8:12:31,Emirates Metro Station,Emirates Metro Station,Red Metro Line,Zone 5,Zone 5
Check out,31/10/2025,8:12:35,Emirates Metro Station,Emirates Metro Station,Red Metro Line,Zone 5,Zone 5
Check out,31/10/2025,8:12:36,Emirates Metro Station,Emirates Metro Station,Red Metro Line,Zone 5,Zone 5
Check out,31/10/2025,8:12:38,Emirates Metro Station,Emirates Metro Station,Red Metro Line,Zone 5,Zone 5
Check out,31/10/2025,8:12:39,Emirates Metro Station,Emirates Metro Station,Red Metro Line,Zone 5,Zone 5
Check out,31/10/2025,8:12:41,Emirates Metro Station,Emirates Metro Station,Red Metro Line,Zone 5,Zone 5
Check out,31/10/2025,8:12:44,Emirates Metro Station,Emirates Metro Station,Red Metro Line,Zone 5,Zone 5
Check out,31/10/2025,8:12:46,Emirates Metro Station,Emirates Metro Station,Red Metro Line,Zone 5,Zone 5
Check out,31/10/2025,8:12:56,Emirates Metro Station,Emirates Metro Station,Red Metro Line,Zone 5,Zone 5
Check out,31/10/2025,8:15:16,Emirates Metro Station,Emirates Metro Station,Red Metro Line,Zone 5,Zone 5
Check out,31/10/2025,8:15:19,Emirates Metro Station,Emirates Metro Station,Red Metro Line,Zone 5,Zone 5
Check out,31/10/2025,8:15:23,Emirates Metro Station,Emirates Metro Station,Red Metro Line,Zone 5,Zone 5
Check out,31/10/2025,8:15:43,Emirates Metro Station,Emirates Metro Station,Red Metro Line,Zone 5,Zone 5
Check out,31/10/2025,8:15:56,Emirates Metro Station,Emirates Metro Station,Red Metro Line,Zone 5,Zone 5
Check out,31/10/2025,8:15:57,Emirates Metro Station,Emirates Metro Station,Red Metro Line,Zone 5,Zone 5
Check out,31/10/2025,8:16:00,Emirates Metro Station,Emirates Metro Station,Red Metro Line,Zone 5,Zone 5
Check out,31/10/2025,8:16:01,Emirates Metro Station,Emirates Metro Station,Red Metro Line,Zone 5,Zone 5
Check out,31/10/2025,8:16:04,Emirates Metro Station,Emirates Metro Station,Red Metro Line,Zone 5,Zone 5
Check out,31/10/2025,8:16:07,Emirates Metro Station,Emirates Metro Station,Red Metro Line,Zone 5,Zone 5
Check out,31/10/2025,8:16:14,Emirates Metro Station,Emirates Metro Station,Red Metro Line,Zone 5,Zone 5
Check out,31/10/2025,8:16:15,Emirates Metro Station,Emirates Metro Station,Red Metro Line,Zone 5,Zone 5
Check out,31/10/2025,8:16:19,Emirates Metro Station,Emirates Metro Station,Red Metro Line,Zone 5,Zone 5
Check out,31/10/2025,8:16:26,Emirates Metro Station,Emirates Metro Station,Red Metro Line,Zone 5,Zone 5
Check out,31/10/2025,8:16:28,Emirates Metro Station,Emirates Metro Station,Red Metro Line,Zone 5,Zone 5
Check out,31/10/2025,8:16:29,Emirates Metro Station,Emirates Metro Station,Red Metro Line,Zone 5,Zone 5
Check out,31/10/2025,8:16:33,Emirates Metro Station,Emirates Metro Station,Red Metro Line,Zone 5,Zone 5
Check out,31/10/2025,8:16:41,Emirates Metro Station,Emirates Metro Station,Red Metro Line,Zone 5,Zone 5
Check out,31/10/2025,8:16:46,Emirates Metro Station,Emirates Metro Station,Red Metro Line,Zone 5,Zone 5
Check out,31/10/2025,8:16:48,Emirates Metro Station,Emirates Metro Station,Red Metro Line,Zone 5,Zone 5
Check out,31/10/2025,8:16:50,Emirates Metro Station,Emirates Metro Station,Red Metro Line,Zone 5,Zone 5
Check out,31/10/2025,8:17:07,Emirates Metro Station,Emirates Metro Station,Red Metro Line,Zone 5,Zone 5
Check out,31/10/2025,8:17:47,Emirates Metro Station,Emirates Metro Station,Red Metro Line,Zone 5,Zone 5
Check out,31/10/2025,8:19:06,Emirates Metro Station,Emirates Metro Station,Red Metro Line,Zone 5,Zone 5
Check out,31/10/2025,8:19:11,Emirates Metro Station,Emirates Metro Station,Red Metro Line,Zone 5,Zone 5
Check out,31/10/2025,8:19:13,Emirates Metro Station,Emirates Metro Station,Red Metro Line,Zone 5,Zone 5
Check out,31/10/2025,8:19:14,Emirates Metro Station,Emirates Metro Station,Red Metro Line,Zone 5,Zone 5
Check out,31/10/2025,8:19:21,Emirates Metro Station,Emirates Metro Station,Red Metro Line,Zone 5,Zone 5
Check out,31/10/2025,8:20:01,Emirates Metro Station,Emirates Metro Station,Red Metro Line,Zone 5,Zone 5
Check out,31/10/2025,8:20:06,Emirates Metro Station,Emirates Metro Station,Red Metro Line,Zone 5,Zone 5
Check out,31/10/2025,8:20:09,Emirates Metro Station,Emirates Metro Station,Red Metro Line,Zone 5,Zone 5
Check out,31/10/2025,8:20:14,Emirates Metro Station,Emirates Metro Station,Red Metro Line,Zone 5,Zone 5
Check out,31/10/2025,8:20:15,Emirates Metro Station,Emirates Metro Station,Red Metro Line,Zone 5,Zone 5
Check out,31/10/2025,8:20:27,Emirates Metro Station,Emirates Metro Station,Red Metro Line,Zone 5,Zone 5
Check out,31/10/2025,8:20:29,Emirates Metro Station,Emirates Metro Station,Red Metro Line,Zone 5,Zone 5
Check out,31/10/2025,8:20:30,Emirates Metro Station,Emirates Metro Station,Red Metro Line,Zone 5,Zone 5
Check out,31/10/2025,8:20:33,Emirates Metro Station,Emirates Metro Station,Red Metro Line,Zone 5,Zone 5
Check out,31/10/2025,8:20:42,Emirates Metro Station,Emirates Metro Station,Red Metro Line,Zone 5,Zone 5
Check out,31/10/2025,8:20:44,Emirates Metro Station,Emirates Metro Station,Red Metro Line,Zone 5,Zone 5
Check out,31/10/2025,8:20:47,Emirates Metro Station,Emirates Metro Station,Red Metro Line,Zone 5,Zone 5
Check out,31/10/2025,8:20:53,Emirates Metro Station,Emirates Metro Station,Red Metro Line,Zone 5,Zone 5
Check out,31/10/2025,8:20:55,Emirates Metro Station,Emirates Metro Station,Red Metro Line,Zone 5,Zone 5
Check out,31/10/2025,8:21:10,Emirates Metro Station,Emirates Metro Station,Red Metro Line,Zone 5,Zone 5
Check out,31/10/2025,8:21:11,Emirates Metro Station,Emirates Metro Station,Red Metro Line,Zone 5,Zone 5
Check out,31/10/2025,8:21:51,Emirates Metro Station,Emirates Metro Station,Red Metro Line,Zone 5,Zone 5
Check out,31/10/2025,8:23:12,Emirates Metro Station,Emirates Metro Station,Red Metro Line,Zone 5,Zone 5
Check out,31/10/2025,8:23:39,Emirates Metro Station,Emirates Metro Station,Red Metro Line,Zone 5,Zone 5
Check out,31/10/2025,8:23:43,Emirates Metro Station,Emirates Metro Station,Red Metro Line,Zone 5,Zone 5
Check out,31/10/2025,8:23:49,Emirates Metro Station,Emirates Metro Station,Red Metro Line,Zone 5,Zone 5
Check out,31/10/2025,8:23:51,Emirates Metro Station,Emirates Metro Station,Red Metro Line,Zone 5,Zone 5
Check out,31/10/2025,8:23:59,Emirates Metro Station,Emirates Metro Station,Red Metro Line,Zone 5,Zone 5
Check out,31/10/2025,8:24:02,Emirates Metro Station,Emirates Metro Station,Red Metro Line,Zone 5,Zone 5
Check out,31/10/2025,8:24:03,Emirates Metro Station,Emirates Metro Station,Red Metro Line,Zone 5,Zone 5
Check out,31/10/2025,8:24:07,Emirates Metro Station,Emirates Metro Station,Red Metro Line,Zone 5,Zone 5
Check out,31/10/2025,8:24:08,Emirates Metro Station,Emirates Metro Station,Red Metro Line,Zone 5,Zone 5
Check out,31/10/2025,8:24:09,Emirates Metro Station,Emirates Metro Station,Red Metro Line,Zone 5,Zone 5
Check out,31/10/2025,8:24:18,Emirates Metro Station,Emirates Metro Station,Red Metro Line,Zone 5,Zone 5
Check out,31/10/2025,8:24:22,Emirates Metro Station,Emirates Metro Station,Red Metro Line,Zone 5,Zone 5
Check out,31/10/2025,8:24:23,Emirates Metro Station,Emirates Metro Station,Red Metro Line,Zone 5,Zone 5
Check out,31/10/2025,8:24:24,Emirates Metro Station,Emirates Metro Station,Red Metro Line,Zone 5,Zone 5
Check out,31/10/2025,8:24:26,Emirates Metro Station,Emirates Metro Station,Red Metro Line,Zone 5,Zone 5
Check out,31/10/2025,8:24:28,Emirates Metro Station,Emirates Metro Station,Red Metro Line,Zone 5,Zone 5
Check out,31/10/2025,8:24:29,Emirates Metro Station,Emirates Metro Station,Red Metro Line,Zone 5,Zone 5
Check out,31/10/2025,8:24:30,Emirates Metro Station,Emirates Metro Station,Red Metro Line,Zone 5,Zone 5
Check out,31/10/2025,8:24:33,Emirates Metro Station,Emirates Metro Station,Red Metro Line,Zone 5,Zone 5
Check out,31/10/2025,8:24:35,Emirates Metro Station,Emirates Metro Station,Red Metro Line,Zone 5,Zone 5
Check out,31/10/2025,8:24:52,Emirates Metro Station,Emirates Metro Station,Red Metro Line,Zone 5,Zone 5
Check out,31/10/2025,8:24:53,Emirates Metro Station,Emirates Metro Station,Red Metro Line,Zone 5,Zone 5
Check out,31/10/2025,8:24:54,Emirates Metro Station,Emirates Metro Station,Red Metro Line,Zone 5,Zone 5
Check out,31/10/2025,8:24:56,Emirates Metro Station,Emirates Metro Station,Red Metro Line,Zone 5,Zone 5
Check out,31/10/2025,8:24:57,Emirates Metro Station,Emirates Metro Station,Red Metro Line,Zone 5,Zone 5
Check out,31/10/2025,8:24:59,Emirates Metro Station,Emirates Metro Station,Red Metro Line,Zone 5,Zone 5
Check out,31/10/2025,8:25:01,Emirates Metro Station,Emirates Metro Station,Red Metro Line,Zone 5,Zone 5
Check out,31/10/2025,8:25:14,Emirates Metro Station,Emirates Metro Station,Red Metro Line,Zone 5,Zone 5
Check out,31/10/2025,8:25:15,Emirates Metro Station,Emirates Metro Station,Red Metro Line,Zone 5,Zone 5
Check out,31/10/2025,8:25:17,Emirates Metro Station,Emirates Metro Station,Red Metro Line,Zone 5,Zone 5
Check out,31/10/2025,8:25:18,Emirates Metro Station,Emirates Metro Station,Red Metro Line,Zone 5,Zone 5
Check out,31/10/2025,8:27:04,Emirates Metro Station,Emirates Metro Station,Red Metro Line,Zone 5,Zone 5
Check out,31/10/2025,8:27:11,Emirates Metro Station,Emirates Metro Station,Red Metro Line,Zone 5,Zone 5
Check out,31/10/2025,8:27:14,Emirates Metro Station,Emirates Metro Station,Red Metro Line,Zone 5,Zone 5
Check out,31/10/2025,8:27:16,Emirates Metro Station,Emirates Metro Station,Red Metro Line,Zone 5,Zone 5
Check out,31/10/2025,8:27:27,Emirates Metro Station,Emirates Metro Station,Red Metro Line,Zone 5,Zone 5
Check out,31/10/2025,8:27:32,Emirates Metro Station,Emirates Metro Station,Red Metro Line,Zone 5,Zone 5
Check out,31/10/2025,8:27:38,Emirates Metro Station,Emirates Metro Station,Red Metro Line,Zone 5,Zone 5
Check out,31/10/2025,8:28:00,Emirates Metro Station,Emirates Metro Station,Red Metro Line,Zone 5,Zone 5
Check out,31/10/2025,8:28:01,Emirates Metro Station,Emirates Metro Station,Red Metro Line,Zone 5,Zone 5
Check out,31/10/2025,8:28:02,Emirates Metro Station,Emirates Metro Station,Red Metro Line,Zone 5,Zone 5
Check out,31/10/2025,8:28:03,Emirates Metro Station,Emirates Metro Station,Red Metro Line,Zone 5,Zone 5
Check out,31/10/2025,8:28:06,Emirates Metro Station,Emirates Metro Station,Red Metro Line,Zone 5,Zone 5
Check out,31/10/2025,8:28:08,Emirates Metro Station,Emirates Metro Station,Red Metro Line,Zone 5,Zone 5
Check out,31/10/2025,8:28:14,Emirates Metro Station,Emirates Metro Station,Red Metro Line,Zone 5,Zone 5
Check out,31/10/2025,8:28:18,Emirates Metro Station,Emirates Metro Station,Red Metro Line,Zone 5,Zone 5
Check out,31/10/2025,8:28:19,Emirates Metro Station,Emirates Metro Station,Red Metro Line,Zone 5,Zone 5
Check out,31/10/2025,8:28:20,Emirates Metro Station,Emirates Metro Station,Red Metro Line,Zone 5,Zone 5
Check out,31/10/2025,8:28:22,Emirates Metro Station,Emirates Metro Station,Red Metro Line,Zone 5,Zone 5
Check out,31/10/2025,8:28:23,Emirates Metro Station,Emirates Metro Station,Red Metro Line,Zone 5,Zone 5
Check out,31/10/2025,8:28:33,Emirates Metro Station,Emirates Metro Station,Red Metro Line,Zone 5,Zone 5
Check out,31/10/2025,8:28:38,Emirates Metro Station,Emirates Metro Station,Red Metro Line,Zone 5,Zone 5
Check out,31/10/2025,8:28:39,Emirates Metro Station,Emirates Metro Station,Red Metro Line,Zone 5,Zone 5
Check out,31/10/2025,8:30:34,Emirates Metro Station,Emirates Metro Station,Red Metro Line,Zone 5,Zone 5
Check out,31/10/2025,8:31:06,Emirates Metro Station,Emirates Metro Station,Red Metro Line,Zone 5,Zone 5
Check out,31/10/2025,8:31:10,Emirates Metro Station,Emirates Metro Station,Red Metro Line,Zone 5,Zone 5
Check out,31/10/2025,8:31:28,Emirates Metro Station,Emirates Metro Station,Red Metro Line,Zone 5,Zone 5
Check out,31/10/2025,8:31:29,Emirates Metro Station,Emirates Metro Station,Red Metro Line,Zone 5,Zone 5
Check out,31/10/2025,8:31:31,Emirates Metro Station,Emirates Metro Station,Red Metro Line,Zone 5,Zone 5
Check out,31/10/2025,8:31:33,Emirates Metro Station,Emirates Metro Station,Red Metro Line,Zone 5,Zone 5
Check out,31/10/2025,8:31:35,Emirates Metro Station,Emirates Metro Station,Red Metro Line,Zone 5,Zone 5
Check out,31/10/2025,8:31:41,Emirates Metro Station,Emirates Metro Station,Red Metro Line,Zone 5,Zone 5
Check out,31/10/2025,8:31:59,Emirates Metro Station,Emirates Metro Station,Red Metro Line,Zone 5,Zone 5
Check out,31/10/2025,8:32:01,Emirates Metro Station,Emirates Metro Station,Red Metro Line,Zone 5,Zone 5
Check out,31/10/2025,8:32:04,Emirates Metro Station,Emirates Metro Station,Red Metro Line,Zone 5,Zone 5
Check out,31/10/2025,8:32:06,Emirates Metro Station,Emirates Metro Station,Red Metro Line,Zone 5,Zone 5
Check out,31/10/2025,8:32:08,Emirates Metro Station,Emirates Metro Station,Red Metro Line,Zone 5,Zone 5
Check out,31/10/2025,8:32:09,Emirates Metro Station,Emirates Metro Station,Red Metro Line,Zone 5,Zone 5
Check out,31/10/2025,8:32:10,Emirates Metro Station,Emirates Metro Station,Red Metro Line,Zone 5,Zone 5
Check out,31/10/2025,8:32:21,Emirates Metro Station,Emirates Metro Station,Red Metro Line,Zone 5,Zone 5
Check out,31/10/2025,8:32:24,Emirates Metro Station,Emirates Metro Station,Red Metro Line,Zone 5,Zone 5
Check out,31/10/2025,8:32:25,Emirates Metro Station,Emirates Metro Station,Red Metro Line,Zone 5,Zone 5
Check out,31/10/2025,8:32:31,Emirates Metro Station,Emirates Metro Station,Red Metro Line,Zone 5,Zone 5
Check out,31/10/2025,8:32:32,Emirates Metro Station,Emirates Metro Station,Red Metro Line,Zone 5,Zone 5
Check out,31/10/2025,8:32:33,Emirates Metro Station,Emirates Metro Station,Red Metro Line,Zone 5,Zone 5
Check out,31/10/2025,8:32:34,Emirates Metro Station,Emirates Metro Station,Red Metro Line,Zone 5,Zone 5
Check out,31/10/2025,8:32:37,Emirates Metro Station,Emirates Metro Station,Red Metro Line,Zone 5,Zone 5
Check out,31/10/2025,8:32:41,Emirates Metro Station,Emirates Metro Station,Red Metro Line,Zone 5,Zone 5
Check out,31/10/2025,8:32:45,Emirates Metro Station,Emirates Metro Station,Red Metro Line,Zone 5,Zone 5
Check out,31/10/2025,8:32:48,Emirates Metro Station,Emirates Metro Station,Red Metro Line,Zone 5,Zone 5
Check out,31/10/2025,8:32:53,Emirates Metro Station,Emirates Metro Station,Red Metro Line,Zone 5,Zone 5
Check out,31/10/2025,8:32:55,Emirates Metro Station,Emirates Metro Station,Red Metro Line,Zone 5,Zone 5
Check out,31/10/2025,8:32:58,Emirates Metro Station,Emirates Metro Station,Red Metro Line,Zone 5,Zone 5
Check out,31/10/2025,8:33:04,Emirates Metro Station,Emirates Metro Station,Red Metro Line,Zone 5,Zone 5
Check out,31/10/2025,8:33:08,Emirates Metro Station,Emirates Metro Station,Red Metro Line,Zone 5,Zone 5
Check out,31/10/2025,8:35:19,Emirates Metro Station,Emirates Metro Station,Red Metro Line,Zone 5,Zone 5
Check out,31/10/2025,8:35:24,Emirates Metro Station,Emirates Metro Station,Red Metro Line,Zone 5,Zone 5
Check out,31/10/2025,8:35:26,Emirates Metro Station,Emirates Metro Station,Red Metro Line,Zone 5,Zone 5
Check out,31/10/2025,8:36:06,Emirates Metro Station,Emirates Metro Station,Red Metro Line,Zone 5,Zone 5
Check out,31/10/2025,8:36:07,Emirates Metro Station,Emirates Metro Station,Red Metro Line,Zone 5,Zone 5
Check out,31/10/2025,8:36:10,Emirates Metro Station,Emirates Metro Station,Red Metro Line,Zone 5,Zone 5
Check out,31/10/2025,8:36:12,Emirates Metro Station,Emirates Metro Station,Red Metro Line,Zone 5,Zone 5
Check out,31/10/2025,8:36:14,Emirates Metro Station,Emirates Metro Station,Red Metro Line,Zone 5,Zone 5
Check out,31/10/2025,8:36:15,Emirates Metro Station,Emirates Metro Station,Red Metro Line,Zone 5,Zone 5
Check out,31/10/2025,8:36:20,Emirates Metro Station,Emirates Metro Station,Red Metro Line,Zone 5,Zone 5
Check out,31/10/2025,8:36:21,Emirates Metro Station,Emirates Metro Station,Red Metro Line,Zone 5,Zone 5
Check out,31/10/2025,8:36:24,Emirates Metro Station,Emirates Metro Station,Red Metro Line,Zone 5,Zone 5
Check out,31/10/2025,8:36:25,Emirates Metro Station,Emirates Metro Station,Red Metro Line,Zone 5,Zone 5
Check out,31/10/2025,8:36:29,Emirates Metro Station,Emirates Metro Station,Red Metro Line,Zone 5,Zone 5
Check out,31/10/2025,8:36:30,Emirates Metro Station,Emirates Metro Station,Red Metro Line,Zone 5,Zone 5
Check out,31/10/2025,8:36:31,Emirates Metro Station,Emirates Metro Station,Red Metro Line,Zone 5,Zone 5
Check out,31/10/2025,8:36:35,Emirates Metro Station,Emirates Metro Station,Red Metro Line,Zone 5,Zone 5
Check out,31/10/2025,8:36:40,Emirates Metro Station,Emirates Metro Station,Red Metro Line,Zone 5,Zone 5
Check out,31/10/2025,8:36:42,Emirates Metro Station,Emirates Metro Station,Red Metro Line,Zone 5,Zone 5
Check out,31/10/2025,8:36:48,Emirates Metro Station,Emirates Metro Station,Red Metro Line,Zone 5,Zone 5
Check out,31/10/2025,8:36:52,Emirates Metro Station,Emirates Metro Station,Red Metro Line,Zone 5,Zone 5
Check out,31/10/2025,8:36:54,Emirates Metro Station,Emirates Metro Station,Red Metro Line,Zone 5,Zone 5
Check out,31/10/2025,8:36:56,Emirates Metro Station,Emirates Metro Station,Red Metro Line,Zone 5,Zone 5
Check out,31/10/2025,8:37:00,Emirates Metro Station,Emirates Metro Station,Red Metro Line,Zone 5,Zone 5
Check out,31/10/2025,8:37:03,Emirates Metro Station,Emirates Metro Station,Red Metro Line,Zone 5,Zone 5
Check out,31/10/2025,8:37:32,Emirates Metro Station,Emirates Metro Station,Red Metro Line,Zone 5,Zone 5
Check out,31/10/2025,8:37:44,Emirates Metro Station,Emirates Metro Station,Red Metro Line,Zone 5,Zone 5
Check out,31/10/2025,8:37:49,Emirates Metro Station,Emirates Metro Station,Red Metro Line,Zone 5,Zone 5
Check out,31/10/2025,8:38:09,Emirates Metro Station,Emirates Metro Station,Red Metro Line,Zone 5,Zone 5
Check out,31/10/2025,8:38:51,Emirates Metro Station,Emirates Metro Station,Red Metro Line,Zone 5,Zone 5
Check out,31/10/2025,8:39:08,Emirates Metro Station,Emirates Metro Station,Red Metro Line,Zone 5,Zone 5
Check out,31/10/2025,8:39:11,Emirates Metro Station,Emirates Metro Station,Red Metro Line,Zone 5,Zone 5
Check out,31/10/2025,8:39:22,Emirates Metro Station,Emirates Metro Station,Red Metro Line,Zone 5,Zone 5
Check out,31/10/2025,8:39:25,Emirates Metro Station,Emirates Metro Station,Red Metro Line,Zone 5,Zone 5
Check out,31/10/2025,8:39:51,Emirates Metro Station,Emirates Metro Station,Red Metro Line,Zone 5,Zone 5
Check out,31/10/2025,8:40:03,Emirates Metro Station,Emirates Metro Station,Red Metro Line,Zone 5,Zone 5
Check out,31/10/2025,8:40:04,Emirates Metro Station,Emirates Metro Station,Red Metro Line,Zone 5,Zone 5
Check out,31/10/2025,8:40:08,Emirates Metro Station,Emirates Metro Station,Red Metro Line,Zone 5,Zone 5
Check out,31/10/2025,8:40:10,Emirates Metro Station,Emirates Metro Station,Red Metro Line,Zone 5,Zone 5
Check out,31/10/2025,8:40:11,Emirates Metro Station,Emirates Metro Station,Red Metro Line,Zone 5,Zone 5
Check out,31/10/2025,8:40:15,Emirates Metro Station,Emirates Metro Station,Red Metro Line,Zone 5,Zone 5
Check out,31/10/2025,8:40:18,Emirates Metro Station,Emirates Metro Station,Red Metro Line,Zone 5,Zone 5
Check out,31/10/2025,8:40:19,Emirates Metro Station,Emirates Metro Station,Red Metro Line,Zone 5,Zone 5
Check out,31/10/2025,8:40:21,Emirates Metro Station,Emirates Metro Station,Red Metro Line,Zone 5,Zone 5
Check out,31/10/2025,8:40:22,Emirates Metro Station,Emirates Metro Station,Red Metro Line,Zone 5,Zone 5
Check out,31/10/2025,8:40:25,Emirates Metro Station,Emirates Metro Station,Red Metro Line,Zone 5,Zone 5
Check out,31/10/2025,8:40:33,Emirates Metro Station,Emirates Metro Station,Red Metro Line,Zone 5,Zone 5
Check out,31/10/2025,8:40:34,Emirates Metro Station,Emirates Metro Station,Red Metro Line,Zone 5,Zone 5
Check out,31/10/2025,8:40:35,Emirates Metro Station,Emirates Metro Station,Red Metro Line,Zone 5,Zone 5
Check out,31/10/2025,8:40:40,Emirates Metro Station,Emirates Metro Station,Red Metro Line,Zone 5,Zone 5
Check out,31/10/2025,8:40:41,Emirates Metro Station,Emirates Metro Station,Red Metro Line,Zone 5,Zone 5
Check out,31/10/2025,8:40:47,Emirates Metro Station,Emirates Metro Station,Red Metro Line,Zone 5,Zone 5
Check out,31/10/2025,8:40:53,Emirates Metro Station,Emirates Metro Station,Red Metro Line,Zone 5,Zone 5
Check out,31/10/2025,8:40:55,Emirates Metro Station,Emirates Metro Station,Red Metro Line,Zone 5,Zone 5
Check out,31/10/2025,8:41:05,Emirates Metro Station,Emirates Metro Station,Red Metro Line,Zone 5,Zone 5
Check out,31/10/2025,8:41:17,Emirates Metro Station,Emirates Metro Station,Red Metro Line,Zone 5,Zone 5
Check out,31/10/2025,8:43:08,Emirates Metro Station,Emirates Metro Station,Red Metro Line,Zone 5,Zone 5
Check out,31/10/2025,8:43:10,Emirates Metro Station,Emirates Metro Station,Red Metro Line,Zone 5,Zone 5
Check out,31/10/2025,8:43:11,Emirates Metro Station,Emirates Metro Station,Red Metro Line,Zone 5,Zone 5
Check out,31/10/2025,8:43:12,Emirates Metro Station,Emirates Metro Station,Red Metro Line,Zone 5,Zone 5
Check out,31/10/2025,8:43:14,Emirates Metro Station,Emirates Metro Station,Red Metro Line,Zone 5,Zone 5
Check out,31/10/2025,8:43:23,Emirates Metro Station,Emirates Metro Station,Red Metro Line,Zone 5,Zone 5
Check out,31/10/2025,8:43:31,Emirates Metro Station,Emirates Metro Station,Red Metro Line,Zone 5,Zone 5
Check out,31/10/2025,8:43:34,Emirates Metro Station,Emirates Metro Station,Red Metro Line,Zone 5,Zone 5
Check out,31/10/2025,8:43:56,Emirates Metro Station,Emirates Metro Station,Red Metro Line,Zone 5,Zone 5
Check out,31/10/2025,8:43:59,Emirates Metro Station,Emirates Metro Station,Red Metro Line,Zone 5,Zone 5
Check out,31/10/2025,8:44:04,Emirates Metro Station,Emirates Metro Station,Red Metro Line,Zone 5,Zone 5
Check out,31/10/2025,8:44:08,Emirates Metro Station,Emirates Metro Station,Red Metro Line,Zone 5,Zone 5
Check out,31/10/2025,8:44:10,Emirates Metro Station,Emirates Metro Station,Red Metro Line,Zone 5,Zone 5
Check out,31/10/2025,8:44:13,Emirates Metro Station,Emirates Metro Station,Red Metro Line,Zone 5,Zone 5
Check out,31/10/2025,8:44:17,Emirates Metro Station,Emirates Metro Station,Red Metro Line,Zone 5,Zone 5
Check out,31/10/2025,8:44:18,Emirates Metro Station,Emirates Metro Station,Red Metro Line,Zone 5,Zone 5
Check out,31/10/2025,8:44:23,Emirates Metro Station,Emirates Metro Station,Red Metro Line,Zone 5,Zone 5
Check out,31/10/2025,8:44:24,Emirates Metro Station,Emirates Metro Station,Red Metro Line,Zone 5,Zone 5
Check out,31/10/2025,8:44:26,Emirates Metro Station,Emirates Metro Station,Red Metro Line,Zone 5,Zone 5
Check out,31/10/2025,8:44:33,Emirates Metro Station,Emirates Metro Station,Red Metro Line,Zone 5,Zone 5
Check out,31/10/2025,8:44:37,Emirates Metro Station,Emirates Metro Station,Red Metro Line,Zone 5,Zone 5
Check out,31/10/2025,8:44:42,Emirates Metro Station,Emirates Metro Station,Red Metro Line,Zone 5,Zone 5
Check out,31/10/2025,8:44:46,Emirates Metro Station,Emirates Metro Station,Red Metro Line,Zone 5,Zone 5
Check out,31/10/2025,8:44:54,Emirates Metro Station,Emirates Metro Station,Red Metro Line,Zone 5,Zone 5
Check out,31/10/2025,8:44:59,Emirates Metro Station,Emirates Metro Station,Red Metro Line,Zone 5,Zone 5
Check out,31/10/2025,8:45:50,Emirates Metro Station,Emirates Metro Station,Red Metro Line,Zone 5,Zone 5
Check out,31/10/2025,8:45:59,Emirates Metro Station,Emirates Metro Station,Red Metro Line,Zone 5,Zone 5
Check out,31/10/2025,8:46:04,Emirates Metro Station,Emirates Metro Station,Red Metro Line,Zone 5,Zone 5
Check out,31/10/2025,8:46:08,Emirates Metro Station,Emirates Metro Station,Red Metro Line,Zone 5,Zone 5
Check out,31/10/2025,8:46:11,Emirates Metro Station,Emirates Metro Station,Red Metro Line,Zone 5,Zone 5
Check out,31/10/2025,8:46:17,Emirates Metro Station,Emirates Metro Station,Red Metro Line,Zone 5,Zone 5
Check out,31/10/2025,8:46:20,Emirates Metro Station,Emirates Metro Station,Red Metro Line,Zone 5,Zone 5
Check out,31/10/2025,8:46:24,Emirates Metro Station,Emirates Metro Station,Red Metro Line,Zone 5,Zone 5
Check out,31/10/2025,8:46:25,Emirates Metro Station,Emirates Metro Station,Red Metro Line,Zone 5,Zone 5
Check out,31/10/2025,8:46:31,Emirates Metro Station,Emirates Metro Station,Red Metro Line,Zone 5,Zone 5
Check out,31/10/2025,8:46:55,Emirates Metro Station,Emirates Metro Station,Red Metro Line,Zone 5,Zone 5
Check out,31/10/2025,8:47:05,Emirates Metro Station,Emirates Metro Station,Red Metro Line,Zone 5,Zone 5
Check out,31/10/2025,8:47:06,Emirates Metro Station,Emirates Metro Station,Red Metro Line,Zone 5,Zone 5
Check out,31/10/2025,8:47:07,Emirates Metro Station,Emirates Metro Station,Red Metro Line,Zone 5,Zone 5
Check out,31/10/2025,8:47:10,Emirates Metro Station,Emirates Metro Station,Red Metro Line,Zone 5,Zone 5
Check out,31/10/2025,8:47:16,Emirates Metro Station,Emirates Metro Station,Red Metro Line,Zone 5,Zone 5
Check out,31/10/2025,8:47:25,Emirates Metro Station,Emirates Metro Station,Red Metro Line,Zone 5,Zone 5
Check out,31/10/2025,8:47:29,Emirates Metro Station,Emirates Metro Station,Red Metro Line,Zone 5,Zone 5
Check out,31/10/2025,8:47:35,Emirates Metro Station,Emirates Metro Station,Red Metro Line,Zone 5,Zone 5
Check out,31/10/2025,8:47:50,Emirates Metro Station,Emirates Metro Station,Red Metro Line,Zone 5,Zone 5
Check out,31/10/2025,8:47:53,Emirates Metro Station,Emirates Metro Station,Red Metro Line,Zone 5,Zone 5
Check out,31/10/2025,8:48:01,Emirates Metro Station,Emirates Metro Station,Red Metro Line,Zone 5,Zone 5
Check out,31/10/2025,8:48:04,Emirates Metro Station,Emirates Metro Station,Red Metro Line,Zone 5,Zone 5
Check out,31/10/2025,8:48:09,Emirates Metro Station,Emirates Metro Station,Red Metro Line,Zone 5,Zone 5
Check out,31/10/2025,8:48:10,Emirates Metro Station,Emirates Metro Station,Red Metro Line,Zone 5,Zone 5
Check out,31/10/2025,8:48:11,Emirates Metro Station,Emirates Metro Station,Red Metro Line,Zone 5,Zone 5
Check out,31/10/2025,8:48:14,Emirates Metro Station,Emirates Metro Station,Red Metro Line,Zone 5,Zone 5
Check out,31/10/2025,8:48:15,Emirates Metro Station,Emirates Metro Station,Red Metro Line,Zone 5,Zone 5
Check out,31/10/2025,8:48:18,Emirates Metro Station,Emirates Metro Station,Red Metro Line,Zone 5,Zone 5
Check out,31/10/2025,8:48:19,Emirates Metro Station,Emirates Metro Station,Red Metro Line,Zone 5,Zone 5
Check out,31/10/2025,8:48:20,Emirates Metro Station,Emirates Metro Station,Red Metro Line,Zone 5,Zone 5
Check out,31/10/2025,8:48:21,Emirates Metro Station,Emirates Metro Station,Red Metro Line,Zone 5,Zone 5
Check out,31/10/2025,8:48:23,Emirates Metro Station,Emirates Metro Station,Red Metro Line,Zone 5,Zone 5
Check out,31/10/2025,8:48:24,Emirates Metro Station,Emirates Metro Station,Red Metro Line,Zone 5,Zone 5
Check out,31/10/2025,8:48:27,Emirates Metro Station,Emirates Metro Station,Red Metro Line,Zone 5,Zone 5
Check out,31/10/2025,8:48:28,Emirates Metro Station,Emirates Metro Station,Red Metro Line,Zone 5,Zone 5
Check out,31/10/2025,8:48:29,Emirates Metro Station,Emirates Metro Station,Red Metro Line,Zone 5,Zone 5
Check out,31/10/2025,8:48:30,Emirates Metro Station,Emirates Metro Station,Red Metro Line,Zone 5,Zone 5
Check out,31/10/2025,8:48:35,Emirates Metro Station,Emirates Metro Station,Red Metro Line,Zone 5,Zone 5
Check out,31/10/2025,8:48:54,Emirates Metro Station,Emirates Metro Station,Red Metro Line,Zone 5,Zone 5
Check out,31/10/2025,8:51:07,Emirates Metro Station,Emirates Metro Station,Red Metro Line,Zone 5,Zone 5
Check out,31/10/2025,8:51:53,Emirates Metro Station,Emirates Metro Station,Red Metro Line,Zone 5,Zone 5
Check out,31/10/2025,8:51:55,Emirates Metro Station,Emirates Metro Station,Red Metro Line,Zone 5,Zone 5
Check out,31/10/2025,8:51:59,Emirates Metro Station,Emirates Metro Station,Red Metro Line,Zone 5,Zone 5
Check out,31/10/2025,8:52:01,Emirates Metro Station,Emirates Metro Station,Red Metro Line,Zone 5,Zone 5
Check out,31/10/2025,8:52:02,Emirates Metro Station,Emirates Metro Station,Red Metro Line,Zone 5,Zone 5
Check out,31/10/2025,8:52:04,Emirates Metro Station,Emirates Metro Station,Red Metro Line,Zone 5,Zone 5
Check out,31/10/2025,8:52:05,Emirates Metro Station,Emirates Metro Station,Red Metro Line,Zone 5,Zone 5
Check out,31/10/2025,8:52:06,Emirates Metro Station,Emirates Metro Station,Red Metro Line,Zone 5,Zone 5
Check out,31/10/2025,8:52:08,Emirates Metro Station,Emirates Metro Station,Red Metro Line,Zone 5,Zone 5
Check out,31/10/2025,8:52:12,Emirates Metro Station,Emirates Metro Station,Red Metro Line,Zone 5,Zone 5
Check out,31/10/2025,8:52:18,Emirates Metro Station,Emirates Metro Station,Red Metro Line,Zone 5,Zone 5
Check out,31/10/2025,8:52:22,Emirates Metro Station,Emirates Metro Station,Red Metro Line,Zone 5,Zone 5
Check out,31/10/2025,8:52:29,Emirates Metro Station,Emirates Metro Station,Red Metro Line,Zone 5,Zone 5
Check out,31/10/2025,8:52:32,Emirates Metro Station,Emirates Metro Station,Red Metro Line,Zone 5,Zone 5
Check out,31/10/2025,8:52:35,Emirates Metro Station,Emirates Metro Station,Red Metro Line,Zone 5,Zone 5
Check out,31/10/2025,8:52:39,Emirates Metro Station,Emirates Metro Station,Red Metro Line,Zone 5,Zone 5
Check out,31/10/2025,8:52:40,Emirates Metro Station,Emirates Metro Station,Red Metro Line,Zone 5,Zone 5
Check out,31/10/2025,8:52:43,Emirates Metro Station,Emirates Metro Station,Red Metro Line,Zone 5,Zone 5
Check out,31/10/2025,8:52:45,Emirates Metro Station,Emirates Metro Station,Red Metro Line,Zone 5,Zone 5
Check out,31/10/2025,8:52:46,Emirates Metro Station,Emirates Metro Station,Red Metro Line,Zone 5,Zone 5
Check out,31/10/2025,8:52:48,Emirates Metro Station,Emirates Metro Station,Red Metro Line,Zone 5,Zone 5
Check out,31/10/2025,8:52:51,Emirates Metro Station,Emirates Metro Station,Red Metro Line,Zone 5,Zone 5
Check out,31/10/2025,8:52:55,Emirates Metro Station,Emirates Metro Station,Red Metro Line,Zone 5,Zone 5
Check out,31/10/2025,8:52:56,Emirates Metro Station,Emirates Metro Station,Red Metro Line,Zone 5,Zone 5
Check out,31/10/2025,8:52:57,Emirates Metro Station,Emirates Metro Station,Red Metro Line,Zone 5,Zone 5
Check out,31/10/2025,8:52:58,Emirates Metro Station,Emirates Metro Station,Red Metro Line,Zone 5,Zone 5
Check out,31/10/2025,8:53:00,Emirates Metro Station,Emirates Metro Station,Red Metro Line,Zone 5,Zone 5
Check out,31/10/2025,8:53:01,Emirates Metro Station,Emirates Metro Station,Red Metro Line,Zone 5,Zone 5
Check out,31/10/2025,8:53:26,Emirates Metro Station,Emirates Metro Station,Red Metro Line,Zone 5,Zone 5
Check out,31/10/2025,8:53:46,Emirates Metro Station,Emirates Metro Station,Red Metro Line,Zone 5,Zone 5
Check out,31/10/2025,8:53:53,Emirates Metro Station,Emirates Metro Station,Red Metro Line,Zone 5,Zone 5
Check out,31/10/2025,8:54:00,Emirates Metro Station,Emirates Metro Station,Red Metro Line,Zone 5,Zone 5
Check out,31/10/2025,8:54:02,Emirates Metro Station,Emirates Metro Station,Red Metro Line,Zone 5,Zone 5
Check out,31/10/2025,8:54:05,Emirates Metro Station,Emirates Metro Station,Red Metro Line,Zone 5,Zone 5
Check out,31/10/2025,8:54:13,Emirates Metro Station,Emirates Metro Station,Red Metro Line,Zone 5,Zone 5
Check out,31/10/2025,8:54:14,Emirates Metro Station,Emirates Metro Station,Red Metro Line,Zone 5,Zone 5
Check out,31/10/2025,8:54:18,Emirates Metro Station,Emirates Metro Station,Red Metro Line,Zone 5,Zone 5
Check out,31/10/2025,8:54:19,Emirates Metro Station,Emirates Metro Station,Red Metro Line,Zone 5,Zone 5
Check out,31/10/2025,8:54:20,Emirates Metro Station,Emirates Metro Station,Red Metro Line,Zone 5,Zone 5
Check out,31/10/2025,8:54:24,Emirates Metro Station,Emirates Metro Station,Red Metro Line,Zone 5,Zone 5
Check out,31/10/2025,8:54:25,Emirates Metro Station,Emirates Metro Station,Red Metro Line,Zone 5,Zone 5
Check out,31/10/2025,8:54:30,Emirates Metro Station,Emirates Metro Station,Red Metro Line,Zone 5,Zone 5
Check out,31/10/2025,8:54:42,Emirates Metro Station,Emirates Metro Station,Red Metro Line,Zone 5,Zone 5
Check out,31/10/2025,8:54:50,Emirates Metro Station,Emirates Metro Station,Red Metro Line,Zone 5,Zone 5
Check out,31/10/2025,8:55:01,Emirates Metro Station,Emirates Metro Station,Red Metro Line,Zone 5,Zone 5
Check out,31/10/2025,8:55:05,Emirates Metro Station,Emirates Metro Station,Red Metro Line,Zone 5,Zone 5
Check out,31/10/2025,8:55:12,Emirates Metro Station,Emirates Metro Station,Red Metro Line,Zone 5,Zone 5
Check out,31/10/2025,8:55:13,Emirates Metro Station,Emirates Metro Station,Red Metro Line,Zone 5,Zone 5
Check out,31/10/2025,8:55:29,Emirates Metro Station,Emirates Metro Station,Red Metro Line,Zone 5,Zone 5
Check out,31/10/2025,8:55:31,Emirates Metro Station,Emirates Metro Station,Red Metro Line,Zone 5,Zone 5
Check out,31/10/2025,8:55:33,Emirates Metro Station,Emirates Metro Station,Red Metro Line,Zone 5,Zone 5
Check out,31/10/2025,8:55:57,Emirates Metro Station,Emirates Metro Station,Red Metro Line,Zone 5,Zone 5
Check out,31/10/2025,8:56:02,Emirates Metro Station,Emirates Metro Station,Red Metro Line,Zone 5,Zone 5
Check out,31/10/2025,8:56:04,Emirates Metro Station,Emirates Metro Station,Red Metro Line,Zone 5,Zone 5
Check out,31/10/2025,8:56:10,Emirates Metro Station,Emirates Metro Station,Red Metro Line,Zone 5,Zone 5
Check out,31/10/2025,8:56:11,Emirates Metro Station,Emirates Metro Station,Red Metro Line,Zone 5,Zone 5
Check out,31/10/2025,8:56:13,Emirates Metro Station,Emirates Metro Station,Red Metro Line,Zone 5,Zone 5
Check out,31/10/2025,8:56:15,Emirates Metro Station,Emirates Metro Station,Red Metro Line,Zone 5,Zone 5
Check out,31/10/2025,8:56:22,Emirates Metro Station,Emirates Metro Station,Red Metro Line,Zone 5,Zone 5
Check out,31/10/2025,8:56:25,Emirates Metro Station,Emirates Metro Station,Red Metro Line,Zone 5,Zone 5
Check out,31/10/2025,8:56:35,Emirates Metro Station,Emirates Metro Station,Red Metro Line,Zone 5,Zone 5
Check out,31/10/2025,8:56:36,Emirates Metro Station,Emirates Metro Station,Red Metro Line,Zone 5,Zone 5
Check out,31/10/2025,8:57:27,Emirates Metro Station,Emirates Metro Station,Red Metro Line,Zone 5,Zone 5
Check out,31/10/2025,8:57:56,Emirates Metro Station,Emirates Metro Station,Red Metro Line,Zone 5,Zone 5
Check out,31/10/2025,8:57:59,Emirates Metro Station,Emirates Metro Station,Red Metro Line,Zone 5,Zone 5
Check out,31/10/2025,8:58:03,Emirates Metro Station,Emirates Metro Station,Red Metro Line,Zone 5,Zone 5
Check out,31/10/2025,8:58:11,Emirates Metro Station,Emirates Metro Station,Red Metro Line,Zone 5,Zone 5
Check out,31/10/2025,8:58:14,Emirates Metro Station,Emirates Metro Station,Red Metro Line,Zone 5,Zone 5
Check out,31/10/2025,8:58:16,Emirates Metro Station,Emirates Metro Station,Red Metro Line,Zone 5,Zone 5
Check out,31/10/2025,8:58:17,Emirates Metro Station,Emirates Metro Station,Red Metro Line,Zone 5,Zone 5
Check out,31/10/2025,8:58:20,Emirates Metro Station,Emirates Metro Station,Red Metro Line,Zone 5,Zone 5
Check out,31/10/2025,8:58:23,Emirates Metro Station,Emirates Metro Station,Red Metro Line,Zone 5,Zone 5
Check out,31/10/2025,8:58:28,Emirates Metro Station,Emirates Metro Station,Red Metro Line,Zone 5,Zone 5
Check out,31/10/2025,8:58:36,Emirates Metro Station,Emirates Metro Station,Red Metro Line,Zone 5,Zone 5
Check out,31/10/2025,8:59:07,Emirates Metro Station,Emirates Metro Station,Red Metro Line,Zone 5,Zone 5
Check out,31/10/2025,8:59:09,Emirates Metro Station,Emirates Metro Station,Red Metro Line,Zone 5,Zone 5
Check out,31/10/2025,8:59:43,Emirates Metro Station,Emirates Metro Station,Red Metro Line,Zone 5,Zone 5
Check out,31/10/2025,8:59:58,Emirates Metro Station,Emirates Metro Station,Red Metro Line,Zone 5,Zone 5
Check out,31/10/2025,8:59:59,Emirates Metro Station,Emirates Metro Station,Red Metro Line,Zone 5,Zone 5
Check out,31/10/2025,9:00:03,Emirates Metro Station,Emirates Metro Station,Red Metro Line,Zone 5,Zone 5
Check out,31/10/2025,9:00:04,Emirates Metro Station,Emirates Metro Station,Red Metro Line,Zone 5,Zone 5
Check out,31/10/2025,9:00:09,Emirates Metro Station,Emirates Metro Station,Red Metro Line,Zone 5,Zone 5
Check out,31/10/2025,9:00:10,Emirates Metro Station,Emirates Metro Station,Red Metro Line,Zone 5,Zone 5
Check out,31/10/2025,9:00:13,Emirates Metro Station,Emirates Metro Station,Red Metro Line,Zone 5,Zone 5
Check out,31/10/2025,9:00:18,Emirates Metro Station,Emirates Metro Station,Red Metro Line,Zone 5,Zone 5
Check out,31/10/2025,9:00:19,Emirates Metro Station,Emirates Metro Station,Red Metro Line,Zone 5,Zone 5
Check out,31/10/2025,9:00:23,Emirates Metro Station,Emirates Metro Station,Red Metro Line,Zone 5,Zone 5
Check out,31/10/2025,9:00:27,Emirates Metro Station,Emirates Metro Station,Red Metro Line,Zone 5,Zone 5
Check out,31/10/2025,9:00:29,Emirates Metro Station,Emirates Metro Station,Red Metro Line,Zone 5,Zone 5
Check out,31/10/2025,9:00:31,Emirates Metro Station,Emirates Metro Station,Red Metro Line,Zone 5,Zone 5
Check out,31/10/2025,9:00:33,Emirates Metro Station,Emirates Metro Station,Red Metro Line,Zone 5,Zone 5
Check out,31/10/2025,9:00:40,Emirates Metro Station,Emirates Metro Station,Red Metro Line,Zone 5,Zone 5
Check out,31/10/2025,9:00:42,Emirates Metro Station,Emirates Metro Station,Red Metro Line,Zone 5,Zone 5
Check out,31/10/2025,9:00:48,Emirates Metro Station,Emirates Metro Station,Red Metro Line,Zone 5,Zone 5
Check out,31/10/2025,9:00:49,Emirates Metro Station,Emirates Metro Station,Red Metro Line,Zone 5,Zone 5
Check out,31/10/2025,9:01:59,Emirates Metro Station,Emirates Metro Station,Red Metro Line,Zone 5,Zone 5
Check out,31/10/2025,9:02:06,Emirates Metro Station,Emirates Metro Station,Red Metro Line,Zone 5,Zone 5
Check out,31/10/2025,9:02:08,Emirates Metro Station,Emirates Metro Station,Red Metro Line,Zone 5,Zone 5
Check out,31/10/2025,9:02:15,Emirates Metro Station,Emirates Metro Station,Red Metro Line,Zone 5,Zone 5
Check out,31/10/2025,9:02:16,Emirates Metro Station,Emirates Metro Station,Red Metro Line,Zone 5,Zone 5
Check out,31/10/2025,9:02:17,Emirates Metro Station,Emirates Metro Station,Red Metro Line,Zone 5,Zone 5
Check out,31/10/2025,9:02:19,Emirates Metro Station,Emirates Metro Station,Red Metro Line,Zone 5,Zone 5
Check out,31/10/2025,9:02:21,Emirates Metro Station,Emirates Metro Station,Red Metro Line,Zone 5,Zone 5
Check out,31/10/2025,9:02:25,Emirates Metro Station,Emirates Metro Station,Red Metro Line,Zone 5,Zone 5
Check out,31/10/2025,9:02:26,Emirates Metro Station,Emirates Metro Station,Red Metro Line,Zone 5,Zone 5
Check out,31/10/2025,9:02:32,Emirates Metro Station,Emirates Metro Station,Red Metro Line,Zone 5,Zone 5
Check out,31/10/2025,9:02:54,Emirates Metro Station,Emirates Metro Station,Red Metro Line,Zone 5,Zone 5
Check out,31/10/2025,9:02:58,Emirates Metro Station,Emirates Metro Station,Red Metro Line,Zone 5,Zone 5
Check out,31/10/2025,9:03:09,Emirates Metro Station,Emirates Metro Station,Red Metro Line,Zone 5,Zone 5
Check out,31/10/2025,9:03:49,Emirates Metro Station,Emirates Metro Station,Red Metro Line,Zone 5,Zone 5
Check out,31/10/2025,9:04:31,Emirates Metro Station,Emirates Metro Station,Red Metro Line,Zone 5,Zone 5
Check out,31/10/2025,9:04:36,Emirates Metro Station,Emirates Metro Station,Red Metro Line,Zone 5,Zone 5
Check out,31/10/2025,9:04:38,Emirates Metro Station,Emirates Metro Station,Red Metro Line,Zone 5,Zone 5
Check out,31/10/2025,9:05:12,Emirates Metro Station,Emirates Metro Station,Red Metro Line,Zone 5,Zone 5
Check out,31/10/2025,9:05:23,Emirates Metro Station,Emirates Metro Station,Red Metro Line,Zone 5,Zone 5
Check out,31/10/2025,9:07:19,Emirates Metro Station,Emirates Metro Station,Red Metro Line,Zone 5,Zone 5
Check out,31/10/2025,9:08:00,Emirates Metro Station,Emirates Metro Station,Red Metro Line,Zone 5,Zone 5
Check out,31/10/2025,9:08:04,Emirates Metro Station,Emirates Metro Station,Red Metro Line,Zone 5,Zone 5
Check out,31/10/2025,9:08:07,Emirates Metro Station,Emirates Metro Station,Red Metro Line,Zone 5,Zone 5
Check out,31/10/2025,9:08:08,Emirates Metro Station,Emirates Metro Station,Red Metro Line,Zone 5,Zone 5
Check out,31/10/2025,9:08:15,Emirates Metro Station,Emirates Metro Station,Red Metro Line,Zone 5,Zone 5
Check out,31/10/2025,9:08:21,Emirates Metro Station,Emirates Metro Station,Red Metro Line,Zone 5,Zone 5
Check out,31/10/2025,9:08:23,Emirates Metro Station,Emirates Metro Station,Red Metro Line,Zone 5,Zone 5
Check out,31/10/2025,9:08:25,Emirates Metro Station,Emirates Metro Station,Red Metro Line,Zone 5,Zone 5
Check out,31/10/2025,9:08:26,Emirates Metro Station,Emirates Metro Station,Red Metro Line,Zone 5,Zone 5
Check out,31/10/2025,9:08:29,Emirates Metro Station,Emirates Metro Station,Red Metro Line,Zone 5,Zone 5
Check out,31/10/2025,9:08:30,Emirates Metro Station,Emirates Metro Station,Red Metro Line,Zone 5,Zone 5
Check out,31/10/2025,9:08:32,Emirates Metro Station,Emirates Metro Station,Red Metro Line,Zone 5,Zone 5
Check out,31/10/2025,9:08:38,Emirates Metro Station,Emirates Metro Station,Red Metro Line,Zone 5,Zone 5
Check out,31/10/2025,9:08:45,Emirates Metro Station,Emirates Metro Station,Red Metro Line,Zone 5,Zone 5
Check out,31/10/2025,9:08:48,Emirates Metro Station,Emirates Metro Station,Red Metro Line,Zone 5,Zone 5
Check out,31/10/2025,9:08:50,Emirates Metro Station,Emirates Metro Station,Red Metro Line,Zone 5,Zone 5
Check out,31/10/2025,9:10:13,Emirates Metro Station,Emirates Metro Station,Red Metro Line,Zone 5,Zone 5
Check out,31/10/2025,9:10:15,Emirates Metro Station,Emirates Metro Station,Red Metro Line,Zone 5,Zone 5
Check out,31/10/2025,9:10:18,Emirates Metro Station,Emirates Metro Station,Red Metro Line,Zone 5,Zone 5
Check out,31/10/2025,9:10:19,Emirates Metro Station,Emirates Metro Station,Red Metro Line,Zone 5,Zone 5
Check out,31/10/2025,9:10:21,Emirates Metro Station,Emirates Metro Station,Red Metro Line,Zone 5,Zone 5
Check out,31/10/2025,9:10:22,Emirates Metro Station,Emirates Metro Station,Red Metro Line,Zone 5,Zone 5
Check out,31/10/2025,9:10:34,Emirates Metro Station,Emirates Metro Station,Red Metro Line,Zone 5,Zone 5
Check out,31/10/2025,9:10:37,Emirates Metro Station,Emirates Metro Station,Red Metro Line,Zone 5,Zone 5
Check out,31/10/2025,9:10:38,Emirates Metro Station,Emirates Metro Station,Red Metro Line,Zone 5,Zone 5
Check out,31/10/2025,9:10:40,Emirates Metro Station,Emirates Metro Station,Red Metro Line,Zone 5,Zone 5
Check out,31/10/2025,9:12:09,Emirates Metro Station,Emirates Metro Station,Red Metro Line,Zone 5,Zone 5
Check out,31/10/2025,9:12:10,Emirates Metro Station,Emirates Metro Station,Red Metro Line,Zone 5,Zone 5
Check out,31/10/2025,9:12:18,Emirates Metro Station,Emirates Metro Station,Red Metro Line,Zone 5,Zone 5
Check out,31/10/2025,9:12:21,Emirates Metro Station,Emirates Metro Station,Red Metro Line,Zone 5,Zone 5
Check out,31/10/2025,9:12:22,Emirates Metro Station,Emirates Metro Station,Red Metro Line,Zone 5,Zone 5
Check out,31/10/2025,9:12:25,Emirates Metro Station,Emirates Metro Station,Red Metro Line,Zone 5,Zone 5
Check out,31/10/2025,9:12:29,Emirates Metro Station,Emirates Metro Station,Red Metro Line,Zone 5,Zone 5
Check out,31/10/2025,9:12:39,Emirates Metro Station,Emirates Metro Station,Red Metro Line,Zone 5,Zone 5
Check out,31/10/2025,9:12:40,Emirates Metro Station,Emirates Metro Station,Red Metro Line,Zone 5,Zone 5
Check out,31/10/2025,9:12:43,Emirates Metro Station,Emirates Metro Station,Red Metro Line,Zone 5,Zone 5
Check out,31/10/2025,9:12:53,Emirates Metro Station,Emirates Metro Station,Red Metro Line,Zone 5,Zone 5
Check out,31/10/2025,9:14:36,Emirates Metro Station,Emirates Metro Station,Red Metro Line,Zone 5,Zone 5
Check out,31/10/2025,9:14:48,Emirates Metro Station,Emirates Metro Station,Red Metro Line,Zone 5,Zone 5
Check out,31/10/2025,9:16:00,Emirates Metro Station,Emirates Metro Station,Red Metro Line,Zone 5,Zone 5
Check out,31/10/2025,9:16:13,Emirates Metro Station,Emirates Metro Station,Red Metro Line,Zone 5,Zone 5
Check out,31/10/2025,9:16:16,Emirates Metro Station,Emirates Metro Station,Red Metro Line,Zone 5,Zone 5
Check out,31/10/2025,9:16:27,Emirates Metro Station,Emirates Metro Station,Red Metro Line,Zone 5,Zone 5
Check out,31/10/2025,9:16:30,Emirates Metro Station,Emirates Metro Station,Red Metro Line,Zone 5,Zone 5
Check out,31/10/2025,9:16:36,Emirates Metro Station,Emirates Metro Station,Red Metro Line,Zone 5,Zone 5
Check out,31/10/2025,9:16:39,Emirates Metro Station,Emirates Metro Station,Red Metro Line,Zone 5,Zone 5
Check out,31/10/2025,9:16:43,Emirates Metro Station,Emirates Metro Station,Red Metro Line,Zone 5,Zone 5
Check out,31/10/2025,9:16:47,Emirates Metro Station,Emirates Metro Station,Red Metro Line,Zone 5,Zone 5
Check out,31/10/2025,9:16:49,Emirates Metro Station,Emirates Metro Station,Red Metro Line,Zone 5,Zone 5
Check out,31/10/2025,9:17:02,Emirates Metro Station,Emirates Metro Station,Red Metro Line,Zone 5,Zone 5
Check out,31/10/2025,9:17:07,Emirates Metro Station,Emirates Metro Station,Red Metro Line,Zone 5,Zone 5
Check out,31/10/2025,9:17:25,Emirates Metro Station,Emirates Metro Station,Red Metro Line,Zone 5,Zone 5
Check out,31/10/2025,9:19:01,Emirates Metro Station,Emirates Metro Station,Red Metro Line,Zone 5,Zone 5
Check out,31/10/2025,9:19:12,Emirates Metro Station,Emirates Metro Station,Red Metro Line,Zone 5,Zone 5
Check out,31/10/2025,9:19:25,Emirates Metro Station,Emirates Metro Station,Red Metro Line,Zone 5,Zone 5
Check out,31/10/2025,9:19:31,Emirates Metro Station,Emirates Metro Station,Red Metro Line,Zone 5,Zone 5
Check out,31/10/2025,9:19:33,Emirates Metro Station,Emirates Metro Station,Red Metro Line,Zone 5,Zone 5
Check out,31/10/2025,9:19:34,Emirates Metro Station,Emirates Metro Station,Red Metro Line,Zone 5,Zone 5
Check out,31/10/2025,9:19:36,Emirates Metro Station,Emirates Metro Station,Red Metro Line,Zone 5,Zone 5
Check out,31/10/2025,9:19:43,Emirates Metro Station,Emirates Metro Station,Red Metro Line,Zone 5,Zone 5
Check out,31/10/2025,9:19:48,Emirates Metro Station,Emirates Metro Station,Red Metro Line,Zone 5,Zone 5
Check out,31/10/2025,9:19:50,Emirates Metro Station,Emirates Metro Station,Red Metro Line,Zone 5,Zone 5
Check out,31/10/2025,9:19:51,Emirates Metro Station,Emirates Metro Station,Red Metro Line,Zone 5,Zone 5
Check out,31/10/2025,9:19:54,Emirates Metro Station,Emirates Metro Station,Red Metro Line,Zone 5,Zone 5
Check out,31/10/2025,9:19:55,Emirates Metro Station,Emirates Metro Station,Red Metro Line,Zone 5,Zone 5
Check out,31/10/2025,9:19:56,Emirates Metro Station,Emirates Metro Station,Red Metro Line,Zone 5,Zone 5
Check out,31/10/2025,9:19:57,Emirates Metro Station,Emirates Metro Station,Red Metro Line,Zone 5,Zone 5
Check out,31/10/2025,9:20:00,Emirates Metro Station,Emirates Metro Station,Red Metro Line,Zone 5,Zone 5
Check out,31/10/2025,9:20:01,Emirates Metro Station,Emirates Metro Station,Red Metro Line,Zone 5,Zone 5
Check out,31/10/2025,9:20:03,Emirates Metro Station,Emirates Metro Station,Red Metro Line,Zone 5,Zone 5
Check out,31/10/2025,9:20:06,Emirates Metro Station,Emirates Metro Station,Red Metro Line,Zone 5,Zone 5
Check out,31/10/2025,9:20:08,Emirates Metro Station,Emirates Metro Station,Red Metro Line,Zone 5,Zone 5
Check out,31/10/2025,9:20:12,Emirates Metro Station,Emirates Metro Station,Red Metro Line,Zone 5,Zone 5
Check out,31/10/2025,9:20:16,Emirates Metro Station,Emirates Metro Station,Red Metro Line,Zone 5,Zone 5
Check out,31/10/2025,9:20:17,Emirates Metro Station,Emirates Metro Station,Red Metro Line,Zone 5,Zone 5
Check out,31/10/2025,9:20:24,Emirates Metro Station,Emirates Metro Station,Red Metro Line,Zone 5,Zone 5
Check out,31/10/2025,9:20:57,Emirates Metro Station,Emirates Metro Station,Red Metro Line,Zone 5,Zone 5
Check out,31/10/2025,9:21:11,Emirates Metro Station,Emirates Metro Station,Red Metro Line,Zone 5,Zone 5
Check out,31/10/2025,9:21:15,Emirates Metro Station,Emirates Metro Station,Red Metro Line,Zone 5,Zone 5
Check out,31/10/2025,9:21:21,Emirates Metro Station,Emirates Metro Station,Red Metro Line,Zone 5,Zone 5
Check out,31/10/2025,9:21:42,Emirates Metro Station,Emirates Metro Station,Red Metro Line,Zone 5,Zone 5
Check out,31/10/2025,9:21:48,Emirates Metro Station,Emirates Metro Station,Red Metro Line,Zone 5,Zone 5
Check out,31/10/2025,9:22:06,Emirates Metro Station,Emirates Metro Station,Red Metro Line,Zone 5,Zone 5
Check out,31/10/2025,9:22:33,Emirates Metro Station,Emirates Metro Station,Red Metro Line,Zone 5,Zone 5
Check out,31/10/2025,9:22:42,Emirates Metro Station,Emirates Metro Station,Red Metro Line,Zone 5,Zone 5
Check out,31/10/2025,9:23:11,Emirates Metro Station,Emirates Metro Station,Red Metro Line,Zone 5,Zone 5
Check out,31/10/2025,9:23:13,Emirates Metro Station,Emirates Metro Station,Red Metro Line,Zone 5,Zone 5
Check out,31/10/2025,9:23:49,Emirates Metro Station,Emirates Metro Station,Red Metro Line,Zone 5,Zone 5
Check out,31/10/2025,9:23:54,Emirates Metro Station,Emirates Metro Station,Red Metro Line,Zone 5,Zone 5
Check out,31/10/2025,9:23:59,Emirates Metro Station,Emirates Metro Station,Red Metro Line,Zone 5,Zone 5
Check out,31/10/2025,9:24:00,Emirates Metro Station,Emirates Metro Station,Red Metro Line,Zone 5,Zone 5
Check out,31/10/2025,9:24:10,Emirates Metro Station,Emirates Metro Station,Red Metro Line,Zone 5,Zone 5
Check out,31/10/2025,9:24:16,Emirates Metro Station,Emirates Metro Station,Red Metro Line,Zone 5,Zone 5
Check out,31/10/2025,9:24:25,Emirates Metro Station,Emirates Metro Station,Red Metro Line,Zone 5,Zone 5
Check out,31/10/2025,9:24:30,Emirates Metro Station,Emirates Metro Station,Red Metro Line,Zone 5,Zone 5
Check out,31/10/2025,9:24:47,Emirates Metro Station,Emirates Metro Station,Red Metro Line,Zone 5,Zone 5
Check out,31/10/2025,9:25:19,Emirates Metro Station,Emirates Metro Station,Red Metro Line,Zone 5,Zone 5
Check out,31/10/2025,9:25:23,Emirates Metro Station,Emirates Metro Station,Red Metro Line,Zone 5,Zone 5
Check out,31/10/2025,9:25:41,Emirates Metro Station,Emirates Metro Station,Red Metro Line,Zone 5,Zone 5
Check out,31/10/2025,9:25:45,Emirates Metro Station,Emirates Metro Station,Red Metro Line,Zone 5,Zone 5
Check out,31/10/2025,9:25:51,Emirates Metro Station,Emirates Metro Station,Red Metro Line,Zone 5,Zone 5
Check out,31/10/2025,9:25:57,Emirates Metro Station,Emirates Metro Station,Red Metro Line,Zone 5,Zone 5
Check out,31/10/2025,9:26:34,Emirates Metro Station,Emirates Metro Station,Red Metro Line,Zone 5,Zone 5
Check out,31/10/2025,9:26:46,Emirates Metro Station,Emirates Metro Station,Red Metro Line,Zone 5,Zone 5
Check out,31/10/2025,9:26:47,Emirates Metro Station,Emirates Metro Station,Red Metro Line,Zone 5,Zone 5
Check out,31/10/2025,9:27:02,Emirates Metro Station,Emirates Metro Station,Red Metro Line,Zone 5,Zone 5
Check out,31/10/2025,9:27:20,Emirates Metro Station,Emirates Metro Station,Red Metro Line,Zone 5,Zone 5
Check out,31/10/2025,9:27:46,Emirates Metro Station,Emirates Metro Station,Red Metro Line,Zone 5,Zone 5
Check out,31/10/2025,9:28:33,Emirates Metro Station,Emirates Metro Station,Red Metro Line,Zone 5,Zone 5
Check out,31/10/2025,9:28:47,Emirates Metro Station,Emirates Metro Station,Red Metro Line,Zone 5,Zone 5
Check out,31/10/2025,9:28:49,Emirates Metro Station,Emirates Metro Station,Red Metro Line,Zone 5,Zone 5
Check out,31/10/2025,9:28:55,Emirates Metro Station,Emirates Metro Station,Red Metro Line,Zone 5,Zone 5
Check out,31/10/2025,9:29:01,Emirates Metro Station,Emirates Metro Station,Red Metro Line,Zone 5,Zone 5
Check out,31/10/2025,9:29:23,Emirates Metro Station,Emirates Metro Station,Red Metro Line,Zone 5,Zone 5
Check out,31/10/2025,9:29:36,Emirates Metro Station,Emirates Metro Station,Red Metro Line,Zone 5,Zone 5
Check out,31/10/2025,9:32:01,Emirates Metro Station,Emirates Metro Station,Red Metro Line,Zone 5,Zone 5
Check out,31/10/2025,9:32:15,Emirates Metro Station,Emirates Metro Station,Red Metro Line,Zone 5,Zone 5
Check out,31/10/2025,9:32:24,Emirates Metro Station,Emirates Metro Station,Red Metro Line,Zone 5,Zone 5
Check out,31/10/2025,9:32:28,Emirates Metro Station,Emirates Metro Station,Red Metro Line,Zone 5,Zone 5
Check out,31/10/2025,9:32:32,Emirates Metro Station,Emirates Metro Station,Red Metro Line,Zone 5,Zone 5
Check out,31/10/2025,9:32:39,Emirates Metro Station,Emirates Metro Station,Red Metro Line,Zone 5,Zone 5
Check out,31/10/2025,9:32:46,Emirates Metro Station,Emirates Metro Station,Red Metro Line,Zone 5,Zone 5
Check out,31/10/2025,9:33:54,Emirates Metro Station,Emirates Metro Station,Red Metro Line,Zone 5,Zone 5
Check out,31/10/2025,9:34:01,Emirates Metro Station,Emirates Metro Station,Red Metro Line,Zone 5,Zone 5
Check out,31/10/2025,9:34:14,Emirates Metro Station,Emirates Metro Station,Red Metro Line,Zone 5,Zone 5
Check out,31/10/2025,9:34:16,Emirates Metro Station,Emirates Metro Station,Red Metro Line,Zone 5,Zone 5
Check out,31/10/2025,9:34:21,Emirates Metro Station,Emirates Metro Station,Red Metro Line,Zone 5,Zone 5
Check out,31/10/2025,9:34:25,Emirates Metro Station,Emirates Metro Station,Red Metro Line,Zone 5,Zone 5
Check out,31/10/2025,9:34:38,Emirates Metro Station,Emirates Metro Station,Red Metro Line,Zone 5,Zone 5
Check out,31/10/2025,9:34:50,Emirates Metro Station,Emirates Metro Station,Red Metro Line,Zone 5,Zone 5
Check out,31/10/2025,9:35:59,Emirates Metro Station,Emirates Metro Station,Red Metro Line,Zone 5,Zone 5
Check out,31/10/2025,9:36:01,Emirates Metro Station,Emirates Metro Station,Red Metro Line,Zone 5,Zone 5
Check out,31/10/2025,9:36:04,Emirates Metro Station,Emirates Metro Station,Red Metro Line,Zone 5,Zone 5
Check out,31/10/2025,9:36:09,Emirates Metro Station,Emirates Metro Station,Red Metro Line,Zone 5,Zone 5
Check out,31/10/2025,9:36:13,Emirates Metro Station,Emirates Metro Station,Red Metro Line,Zone 5,Zone 5
Check out,31/10/2025,9:36:29,Emirates Metro Station,Emirates Metro Station,Red Metro Line,Zone 5,Zone 5
Check out,31/10/2025,9:36:31,Emirates Metro Station,Emirates Metro Station,Red Metro Line,Zone 5,Zone 5
Check out,31/10/2025,9:36:33,Emirates Metro Station,Emirates Metro Station,Red Metro Line,Zone 5,Zone 5
Check out,31/10/2025,9:37:57,Emirates Metro Station,Emirates Metro Station,Red Metro Line,Zone 5,Zone 5
Check out,31/10/2025,9:38:05,Emirates Metro Station,Emirates Metro Station,Red Metro Line,Zone 5,Zone 5
Check out,31/10/2025,9:38:06,Emirates Metro Station,Emirates Metro Station,Red Metro Line,Zone 5,Zone 5
Check out,31/10/2025,9:38:12,Emirates Metro Station,Emirates Metro Station,Red Metro Line,Zone 5,Zone 5
Check out,31/10/2025,9:38:23,Emirates Metro Station,Emirates Metro Station,Red Metro Line,Zone 5,Zone 5
Check out,31/10/2025,9:38:24,Emirates Metro Station,Emirates Metro Station,Red Metro Line,Zone 5,Zone 5
Check out,31/10/2025,9:38:36,Emirates Metro Station,Emirates Metro Station,Red Metro Line,Zone 5,Zone 5
Check out,31/10/2025,9:38:40,Emirates Metro Station,Emirates Metro Station,Red Metro Line,Zone 5,Zone 5
Check out,31/10/2025,9:39:09,Emirates Metro Station,Emirates Metro Station,Red Metro Line,Zone 5,Zone 5
Check out,31/10/2025,9:39:27,Emirates Metro Station,Emirates Metro Station,Red Metro Line,Zone 5,Zone 5
Check out,31/10/2025,9:39:58,Emirates Metro Station,Emirates Metro Station,Red Metro Line,Zone 5,Zone 5
Check out,31/10/2025,9:39:59,Emirates Metro Station,Emirates Metro Station,Red Metro Line,Zone 5,Zone 5
Check out,31/10/2025,9:40:07,Emirates Metro Station,Emirates Metro Station,Red Metro Line,Zone 5,Zone 5
Check out,31/10/2025,9:40:15,Emirates Metro Station,Emirates Metro Station,Red Metro Line,Zone 5,Zone 5
Check out,31/10/2025,9:40:24,Emirates Metro Station,Emirates Metro Station,Red Metro Line,Zone 5,Zone 5
Check out,31/10/2025,9:40:28,Emirates Metro Station,Emirates Metro Station,Red Metro Line,Zone 5,Zone 5
Check out,31/10/2025,9:40:31,Emirates Metro Station,Emirates Metro Station,Red Metro Line,Zone 5,Zone 5
Check out,31/10/2025,9:40:36,Emirates Metro Station,Emirates Metro Station,Red Metro Line,Zone 5,Zone 5
Check out,31/10/2025,9:41:05,Emirates Metro Station,Emirates Metro Station,Red Metro Line,Zone 5,Zone 5
Check out,31/10/2025,9:41:28,Emirates Metro Station,Emirates Metro Station,Red Metro Line,Zone 5,Zone 5
Check out,31/10/2025,9:41:49,Emirates Metro Station,Emirates Metro Station,Red Metro Line,Zone 5,Zone 5
Check out,31/10/2025,9:41:50,Emirates Metro Station,Emirates Metro Station,Red Metro Line,Zone 5,Zone 5
Check out,31/10/2025,9:41:53,Emirates Metro Station,Emirates Metro Station,Red Metro Line,Zone 5,Zone 5
Check out,31/10/2025,9:42:13,Emirates Metro Station,Emirates Metro Station,Red Metro Line,Zone 5,Zone 5
Check out,31/10/2025,9:42:20,Emirates Metro Station,Emirates Metro Station,Red Metro Line,Zone 5,Zone 5
Check out,31/10/2025,9:42:42,Emirates Metro Station,Emirates Metro Station,Red Metro Line,Zone 5,Zone 5
Check out,31/10/2025,9:42:59,Emirates Metro Station,Emirates Metro Station,Red Metro Line,Zone 5,Zone 5
Check out,31/10/2025,9:43:59,Emirates Metro Station,Emirates Metro Station,Red Metro Line,Zone 5,Zone 5
Check out,31/10/2025,9:44:00,Emirates Metro Station,Emirates Metro Station,Red Metro Line,Zone 5,Zone 5
Check out,31/10/2025,9:44:24,Emirates Metro Station,Emirates Metro Station,Red Metro Line,Zone 5,Zone 5
Check out,31/10/2025,9:48:00,Emirates Metro Station,Emirates Metro Station,Red Metro Line,Zone 5,Zone 5
Check out,31/10/2025,9:48:08,Emirates Metro Station,Emirates Metro Station,Red Metro Line,Zone 5,Zone 5
Check out,31/10/2025,9:48:09,Emirates Metro Station,Emirates Metro Station,Red Metro Line,Zone 5,Zone 5
Check out,31/10/2025,9:48:12,Emirates Metro Station,Emirates Metro Station,Red Metro Line,Zone 5,Zone 5
Check out,31/10/2025,9:48:17,Emirates Metro Station,Emirates Metro Station,Red Metro Line,Zone 5,Zone 5
Check out,31/10/2025,9:48:19,Emirates Metro Station,Emirates Metro Station,Red Metro Line,Zone 5,Zone 5
Check out,31/10/2025,9:48:20,Emirates Metro Station,Emirates Metro Station,Red Metro Line,Zone 5,Zone 5
Check out,31/10/2025,9:48:24,Emirates Metro Station,Emirates Metro Station,Red Metro Line,Zone 5,Zone 5
Check out,31/10/2025,9:48:26,Emirates Metro Station,Emirates Metro Station,Red Metro Line,Zone 5,Zone 5
Check out,31/10/2025,9:48:28,Emirates Metro Station,Emirates Metro Station,Red Metro Line,Zone 5,Zone 5
Check out,31/10/2025,9:48:34,Emirates Metro Station,Emirates Metro Station,Red Metro Line,Zone 5,Zone 5
Check out,31/10/2025,9:48:37,Emirates Metro Station,Emirates Metro Station,Red Metro Line,Zone 5,Zone 5
Check out,31/10/2025,9:48:40,Emirates Metro Station,Emirates Metro Station,Red Metro Line,Zone 5,Zone 5
Check out,31/10/2025,9:48:45,Emirates Metro Station,Emirates Metro Station,Red Metro Line,Zone 5,Zone 5
Check out,31/10/2025,9:48:49,Emirates Metro Station,Emirates Metro Station,Red Metro Line,Zone 5,Zone 5
Check out,31/10/2025,9:49:03,Emirates Metro Station,Emirates Metro Station,Red Metro Line,Zone 5,Zone 5
Check out,31/10/2025,9:49:12,Emirates Metro Station,Emirates Metro Station,Red Metro Line,Zone 5,Zone 5
Check out,31/10/2025,9:51:37,Emirates Metro Station,Emirates Metro Station,Red Metro Line,Zone 5,Zone 5
Check out,31/10/2025,9:51:54,Emirates Metro Station,Emirates Metro Station,Red Metro Line,Zone 5,Zone 5
Check out,31/10/2025,9:51:55,Emirates Metro Station,Emirates Metro Station,Red Metro Line,Zone 5,Zone 5
Check out,31/10/2025,9:51:56,Emirates Metro Station,Emirates Metro Station,Red Metro Line,Zone 5,Zone 5
Check out,31/10/2025,9:52:02,Emirates Metro Station,Emirates Metro Station,Red Metro Line,Zone 5,Zone 5
Check out,31/10/2025,9:52:12,Emirates Metro Station,Emirates Metro Station,Red Metro Line,Zone 5,Zone 5
Check out,31/10/2025,9:52:15,Emirates Metro Station,Emirates Metro Station,Red Metro Line,Zone 5,Zone 5
Check out,31/10/2025,9:52:17,Emirates Metro Station,Emirates Metro Station,Red Metro Line,Zone 5,Zone 5
Check out,31/10/2025,9:52:18,Emirates Metro Station,Emirates Metro Station,Red Metro Line,Zone 5,Zone 5
Check out,31/10/2025,9:52:23,Emirates Metro Station,Emirates Metro Station,Red Metro Line,Zone 5,Zone 5
Check out,31/10/2025,9:52:28,Emirates Metro Station,Emirates Metro Station,Red Metro Line,Zone 5,Zone 5
Check out,31/10/2025,9:52:34,Emirates Metro Station,Emirates Metro Station,Red Metro Line,Zone 5,Zone 5
Check out,31/10/2025,9:52:47,Emirates Metro Station,Emirates Metro Station,Red Metro Line,Zone 5,Zone 5
Check out,31/10/2025,9:53:16,Emirates Metro Station,Emirates Metro Station,Red Metro Line,Zone 5,Zone 5
Check out,31/10/2025,9:53:47,Emirates Metro Station,Emirates Metro Station,Red Metro Line,Zone 5,Zone 5
Check out,31/10/2025,9:53:48,Emirates Metro Station,Emirates Metro Station,Red Metro Line,Zone 5,Zone 5
Check out,31/10/2025,9:54:37,Emirates Metro Station,Emirates Metro Station,Red Metro Line,Zone 5,Zone 5
Check out,31/10/2025,9:55:53,Emirates Metro Station,Emirates Metro Station,Red Metro Line,Zone 5,Zone 5
Check out,31/10/2025,9:55:55,Emirates Metro Station,Emirates Metro Station,Red Metro Line,Zone 5,Zone 5
Check out,31/10/2025,9:56:00,Emirates Metro Station,Emirates Metro Station,Red Metro Line,Zone 5,Zone 5
Check out,31/10/2025,9:56:08,Emirates Metro Station,Emirates Metro Station,Red Metro Line,Zone 5,Zone 5
Check out,31/10/2025,9:56:16,Emirates Metro Station,Emirates Metro Station,Red Metro Line,Zone 5,Zone 5
Check out,31/10/2025,9:56:17,Emirates Metro Station,Emirates Metro Station,Red Metro Line,Zone 5,Zone 5
Check out,31/10/2025,9:56:42,Emirates Metro Station,Emirates Metro Station,Red Metro Line,Zone 5,Zone 5
Check out,31/10/2025,9:57:05,Emirates Metro Station,Emirates Metro Station,Red Metro Line,Zone 5,Zone 5
Check out,31/10/2025,9:57:46,Emirates Metro Station,Emirates Metro Station,Red Metro Line,Zone 5,Zone 5
Check out,31/10/2025,9:57:49,Emirates Metro Station,Emirates Metro Station,Red Metro Line,Zone 5,Zone 5
Check out,31/10/2025,9:58:08,Emirates Metro Station,Emirates Metro Station,Red Metro Line,Zone 5,Zone 5
Check out,31/10/2025,9:58:12,Emirates Metro Station,Emirates Metro Station,Red Metro Line,Zone 5,Zone 5
Check out,31/10/2025,9:58:13,Emirates Metro Station,Emirates Metro Station,Red Metro Line,Zone 5,Zone 5
Check out,31/10/2025,9:58:17,Emirates Metro Station,Emirates Metro Station,Red Metro Line,Zone 5,Zone 5
Check out,31/10/2025,9:58:20,Emirates Metro Station,Emirates Metro Station,Red Metro Line,Zone 5,Zone 5
Check out,31/10/2025,9:58:27,Emirates Metro Station,Emirates Metro Station,Red Metro Line,Zone 5,Zone 5
Check out,31/10/2025,9:58:41,Emirates Metro Station,Emirates Metro Station,Red Metro Line,Zone 5,Zone 5
Check out,31/10/2025,9:59:57,Emirates Metro Station,Emirates Metro Station,Red Metro Line,Zone 5,Zone 5
Check out,31/10/2025,10:00:03,Emirates Metro Station,Emirates Metro Station,Red Metro Line,Zone 5,Zone 5
Check out,31/10/2025,10:00:08,Emirates Metro Station,Emirates Metro Station,Red Metro Line,Zone 5,Zone 5
Check out,31/10/2025,10:00:13,Emirates Metro Station,Emirates Metro Station,Red Metro Line,Zone 5,Zone 5
Check out,31/10/2025,10:03:08,Emirates Metro Station,Emirates Metro Station,Red Metro Line,Zone 5,Zone 5
Check out,31/10/2025,10:03:10,Emirates Metro Station,Emirates Metro Station,Red Metro Line,Zone 5,Zone 5
Check out,31/10/2025,10:03:21,Emirates Metro Station,Emirates Metro Station,Red Metro Line,Zone 5,Zone 5
Check out,31/10/2025,10:03:22,Emirates Metro Station,Emirates Metro Station,Red Metro Line,Zone 5,Zone 5
Check out,31/10/2025,10:03:23,Emirates Metro Station,Emirates Metro Station,Red Metro Line,Zone 5,Zone 5
Check out,31/10/2025,10:03:27,Emirates Metro Station,Emirates Metro Station,Red Metro Line,Zone 5,Zone 5
Check out,31/10/2025,10:03:44,Emirates Metro Station,Emirates Metro Station,Red Metro Line,Zone 5,Zone 5
Check out,31/10/2025,10:03:47,Emirates Metro Station,Emirates Metro Station,Red Metro Line,Zone 5,Zone 5
Check out,31/10/2025,10:03:48,Emirates Metro Station,Emirates Metro Station,Red Metro Line,Zone 5,Zone 5
Check out,31/10/2025,10:03:54,Emirates Metro Station,Emirates Metro Station,Red Metro Line,Zone 5,Zone 5
Check out,31/10/2025,10:03:58,Emirates Metro Station,Emirates Metro Station,Red Metro Line,Zone 5,Zone 5
Check out,31/10/2025,10:05:15,Emirates Metro Station,Emirates Metro Station,Red Metro Line,Zone 5,Zone 5
Check out,31/10/2025,10:05:16,Emirates Metro Station,Emirates Metro Station,Red Metro Line,Zone 5,Zone 5
Check out,31/10/2025,10:05:17,Emirates Metro Station,Emirates Metro Station,Red Metro Line,Zone 5,Zone 5
Check out,31/10/2025,10:05:40,Emirates Metro Station,Emirates Metro Station,Red Metro Line,Zone 5,Zone 5
Check out,31/10/2025,10:05:50,Emirates Metro Station,Emirates Metro Station,Red Metro Line,Zone 5,Zone 5
Check out,31/10/2025,10:05:53,Emirates Metro Station,Emirates Metro Station,Red Metro Line,Zone 5,Zone 5
Check out,31/10/2025,10:05:57,Emirates Metro Station,Emirates Metro Station,Red Metro Line,Zone 5,Zone 5
Check out,31/10/2025,10:07:05,Emirates Metro Station,Emirates Metro Station,Red Metro Line,Zone 5,Zone 5
Check out,31/10/2025,10:07:10,Emirates Metro Station,Emirates Metro Station,Red Metro Line,Zone 5,Zone 5
Check out,31/10/2025,10:07:43,Emirates Metro Station,Emirates Metro Station,Red Metro Line,Zone 5,Zone 5
Check out,31/10/2025,10:08:44,Emirates Metro Station,Emirates Metro Station,Red Metro Line,Zone 5,Zone 5
Check out,31/10/2025,10:08:50,Emirates Metro Station,Emirates Metro Station,Red Metro Line,Zone 5,Zone 5
Check out,31/10/2025,10:08:57,Emirates Metro Station,Emirates Metro Station,Red Metro Line,Zone 5,Zone 5
Check out,31/10/2025,10:09:12,Emirates Metro Station,Emirates Metro Station,Red Metro Line,Zone 5,Zone 5
Check out,31/10/2025,10:09:17,Emirates Metro Station,Emirates Metro Station,Red Metro Line,Zone 5,Zone 5
Check out,31/10/2025,10:11:03,Emirates Metro Station,Emirates Metro Station,Red Metro Line,Zone 5,Zone 5
Check out,31/10/2025,10:11:11,Emirates Metro Station,Emirates Metro Station,Red Metro Line,Zone 5,Zone 5
Check out,31/10/2025,10:11:57,Emirates Metro Station,Emirates Metro Station,Red Metro Line,Zone 5,Zone 5
Check out,31/10/2025,10:12:14,Emirates Metro Station,Emirates Metro Station,Red Metro Line,Zone 5,Zone 5
Check out,31/10/2025,10:12:21,Emirates Metro Station,Emirates Metro Station,Red Metro Line,Zone 5,Zone 5
Check out,31/10/2025,10:13:18,Emirates Metro Station,Emirates Metro Station,Red Metro Line,Zone 5,Zone 5
Check out,31/10/2025,10:15:54,Emirates Metro Station,Emirates Metro Station,Red Metro Line,Zone 5,Zone 5
Check out,31/10/2025,10:15:55,Emirates Metro Station,Emirates Metro Station,Red Metro Line,Zone 5,Zone 5
Check out,31/10/2025,10:16:10,Emirates Metro Station,Emirates Metro Station,Red Metro Line,Zone 5,Zone 5
Check out,31/10/2025,10:16:13,Emirates Metro Station,Emirates Metro Station,Red Metro Line,Zone 5,Zone 5
Check out,31/10/2025,10:16:15,Emirates Metro Station,Emirates Metro Station,Red Metro Line,Zone 5,Zone 5
Check out,31/10/2025,10:16:16,Emirates Metro Station,Emirates Metro Station,Red Metro Line,Zone 5,Zone 5
Check out,31/10/2025,10:16:22,Emirates Metro Station,Emirates Metro Station,Red Metro Line,Zone 5,Zone 5
Check out,31/10/2025,10:16:24,Emirates Metro Station,Emirates Metro Station,Red Metro Line,Zone 5,Zone 5
Check out,31/10/2025,10:16:29,Emirates Metro Station,Emirates Metro Station,Red Metro Line,Zone 5,Zone 5
Check out,31/10/2025,10:16:33,Emirates Metro Station,Emirates Metro Station,Red Metro Line,Zone 5,Zone 5
Check out,31/10/2025,10:16:35,Emirates Metro Station,Emirates Metro Station,Red Metro Line,Zone 5,Zone 5
Check out,31/10/2025,10:16:45,Emirates Metro Station,Emirates Metro Station,Red Metro Line,Zone 5,Zone 5
Check out,31/10/2025,10:17:17,Emirates Metro Station,Emirates Metro Station,Red Metro Line,Zone 5,Zone 5
Check out,31/10/2025,10:18:12,Emirates Metro Station,Emirates Metro Station,Red Metro Line,Zone 5,Zone 5
Check out,31/10/2025,10:18:18,Emirates Metro Station,Emirates Metro Station,Red Metro Line,Zone 5,Zone 5
Check out,31/10/2025,10:18:51,Emirates Metro Station,Emirates Metro Station,Red Metro Line,Zone 5,Zone 5
Check out,31/10/2025,10:20:03,Emirates Metro Station,Emirates Metro Station,Red Metro Line,Zone 5,Zone 5
Check out,31/10/2025,10:20:05,Emirates Metro Station,Emirates Metro Station,Red Metro Line,Zone 5,Zone 5
Check out,31/10/2025,10:20:09,Emirates Metro Station,Emirates Metro Station,Red Metro Line,Zone 5,Zone 5
Check out,31/10/2025,10:20:15,Emirates Metro Station,Emirates Metro Station,Red Metro Line,Zone 5,Zone 5
Check out,31/10/2025,10:20:20,Emirates Metro Station,Emirates Metro Station,Red Metro Line,Zone 5,Zone 5
Check out,31/10/2025,10:20:22,Emirates Metro Station,Emirates Metro Station,Red Metro Line,Zone 5,Zone 5
Check out,31/10/2025,10:21:38,Emirates Metro Station,Emirates Metro Station,Red Metro Line,Zone 5,Zone 5
Check out,31/10/2025,10:23:20,Emirates Metro Station,Emirates Metro Station,Red Metro Line,Zone 5,Zone 5
Check out,31/10/2025,10:23:33,Emirates Metro Station,Emirates Metro Station,Red Metro Line,Zone 5,Zone 5
Check out,31/10/2025,10:23:35,Emirates Metro Station,Emirates Metro Station,Red Metro Line,Zone 5,Zone 5
Check out,31/10/2025,10:23:39,Emirates Metro Station,Emirates Metro Station,Red Metro Line,Zone 5,Zone 5
Check out,31/10/2025,10:23:42,Emirates Metro Station,Emirates Metro Station,Red Metro Line,Zone 5,Zone 5
Check out,31/10/2025,10:23:45,Emirates Metro Station,Emirates Metro Station,Red Metro Line,Zone 5,Zone 5
Check out,31/10/2025,10:23:49,Emirates Metro Station,Emirates Metro Station,Red Metro Line,Zone 5,Zone 5
Check out,31/10/2025,10:23:51,Emirates Metro Station,Emirates Metro Station,Red Metro Line,Zone 5,Zone 5
Check out,31/10/2025,10:23:52,Emirates Metro Station,Emirates Metro Station,Red Metro Line,Zone 5,Zone 5
Check out,31/10/2025,10:24:47,Emirates Metro Station,Emirates Metro Station,Red Metro Line,Zone 5,Zone 5
Check out,31/10/2025,10:27:58,Emirates Metro Station,Emirates Metro Station,Red Metro Line,Zone 5,Zone 5
Check out,31/10/2025,10:28:15,Emirates Metro Station,Emirates Metro Station,Red Metro Line,Zone 5,Zone 5
Check out,31/10/2025,10:28:19,Emirates Metro Station,Emirates Metro Station,Red Metro Line,Zone 5,Zone 5
Check out,31/10/2025,10:28:25,Emirates Metro Station,Emirates Metro Station,Red Metro Line,Zone 5,Zone 5
Check out,31/10/2025,10:28:36,Emirates Metro Station,Emirates Metro Station,Red Metro Line,Zone 5,Zone 5
Check out,31/10/2025,10:29:20,Emirates Metro Station,Emirates Metro Station,Red Metro Line,Zone 5,Zone 5
Check out,31/10/2025,10:29:25,Emirates Metro Station,Emirates Metro Station,Red Metro Line,Zone 5,Zone 5
Check out,31/10/2025,10:29:48,Emirates Metro Station,Emirates Metro Station,Red Metro Line,Zone 5,Zone 5
Check out,31/10/2025,10:33:10,Emirates Metro Station,Emirates Metro Station,Red Metro Line,Zone 5,Zone 5
Check out,31/10/2025,10:33:22,Emirates Metro Station,Emirates Metro Station,Red Metro Line,Zone 5,Zone 5
Check out,31/10/2025,10:33:31,Emirates Metro Station,Emirates Metro Station,Red Metro Line,Zone 5,Zone 5
Check out,31/10/2025,10:33:33,Emirates Metro Station,Emirates Metro Station,Red Metro Line,Zone 5,Zone 5
Check out,31/10/2025,10:33:57,Emirates Metro Station,Emirates Metro Station,Red Metro Line,Zone 5,Zone 5
Check out,31/10/2025,10:34:07,Emirates Metro Station,Emirates Metro Station,Red Metro Line,Zone 5,Zone 5
Check out,31/10/2025,10:35:11,Emirates Metro Station,Emirates Metro Station,Red Metro Line,Zone 5,Zone 5
Check out,31/10/2025,10:35:27,Emirates Metro Station,Emirates Metro Station,Red Metro Line,Zone 5,Zone 5
Check out,31/10/2025,10:36:38,Emirates Metro Station,Emirates Metro Station,Red Metro Line,Zone 5,Zone 5
Check out,31/10/2025,10:36:42,Emirates Metro Station,Emirates Metro Station,Red Metro Line,Zone 5,Zone 5
Check out,31/10/2025,10:36:49,Emirates Metro Station,Emirates Metro Station,Red Metro Line,Zone 5,Zone 5
Check out,31/10/2025,10:36:54,Emirates Metro Station,Emirates Metro Station,Red Metro Line,Zone 5,Zone 5
Check out,31/10/2025,10:37:12,Emirates Metro Station,Emirates Metro Station,Red Metro Line,Zone 5,Zone 5
Check out,31/10/2025,10:38:35,Emirates Metro Station,Emirates Metro Station,Red Metro Line,Zone 5,Zone 5
Check out,31/10/2025,10:38:45,Emirates Metro Station,Emirates Metro Station,Red Metro Line,Zone 5,Zone 5
Check out,31/10/2025,10:38:53,Emirates Metro Station,Emirates Metro Station,Red Metro Line,Zone 5,Zone 5
Check out,31/10/2025,10:39:59,Emirates Metro Station,Emirates Metro Station,Red Metro Line,Zone 5,Zone 5
Check out,31/10/2025,10:40:22,Emirates Metro Station,Emirates Metro Station,Red Metro Line,Zone 5,Zone 5
Check out,31/10/2025,10:40:29,Emirates Metro Station,Emirates Metro Station,Red Metro Line,Zone 5,Zone 5
Check out,31/10/2025,10:43:58,Emirates Metro Station,Emirates Metro Station,Red Metro Line,Zone 5,Zone 5
Check out,31/10/2025,10:44:06,Emirates Metro Station,Emirates Metro Station,Red Metro Line,Zone 5,Zone 5
Check out,31/10/2025,10:44:18,Emirates Metro Station,Emirates Metro Station,Red Metro Line,Zone 5,Zone 5
Check out,31/10/2025,10:44:19,Emirates Metro Station,Emirates Metro Station,Red Metro Line,Zone 5,Zone 5
Check out,31/10/2025,10:44:23,Emirates Metro Station,Emirates Metro Station,Red Metro Line,Zone 5,Zone 5
Check out,31/10/2025,10:44:26,Emirates Metro Station,Emirates Metro Station,Red Metro Line,Zone 5,Zone 5
Check out,31/10/2025,10:44:35,Emirates Metro Station,Emirates Metro Station,Red Metro Line,Zone 5,Zone 5
Check out,31/10/2025,10:46:15,Emirates Metro Station,Emirates Metro Station,Red Metro Line,Zone 5,Zone 5
Check out,31/10/2025,10:46:16,Emirates Metro Station,Emirates Metro Station,Red Metro Line,Zone 5,Zone 5
Check out,31/10/2025,10:46:17,Emirates Metro Station,Emirates Metro Station,Red Metro Line,Zone 5,Zone 5
Check out,31/10/2025,10:47:12,Emirates Metro Station,Emirates Metro Station,Red Metro Line,Zone 5,Zone 5
Check out,31/10/2025,10:48:18,Emirates Metro Station,Emirates Metro Station,Red Metro Line,Zone 5,Zone 5
Check out,31/10/2025,10:48:22,Emirates Metro Station,Emirates Metro Station,Red Metro Line,Zone 5,Zone 5
Check out,31/10/2025,10:52:08,Emirates Metro Station,Emirates Metro Station,Red Metro Line,Zone 5,Zone 5
Check out,31/10/2025,10:52:11,Emirates Metro Station,Emirates Metro Station,Red Metro Line,Zone 5,Zone 5
Check out,31/10/2025,10:52:20,Emirates Metro Station,Emirates Metro Station,Red Metro Line,Zone 5,Zone 5
Check out,31/10/2025,10:52:25,Emirates Metro Station,Emirates Metro Station,Red Metro Line,Zone 5,Zone 5
Check out,31/10/2025,10:52:29,Emirates Metro Station,Emirates Metro Station,Red Metro Line,Zone 5,Zone 5
Check out,31/10/2025,10:52:31,Emirates Metro Station,Emirates Metro Station,Red Metro Line,Zone 5,Zone 5
Check out,31/10/2025,10:52:50,Emirates Metro Station,Emirates Metro Station,Red Metro Line,Zone 5,Zone 5
Check out,31/10/2025,10:53:07,Emirates Metro Station,Emirates Metro Station,Red Metro Line,Zone 5,Zone 5
Check out,31/10/2025,10:53:18,Emirates Metro Station,Emirates Metro Station,Red Metro Line,Zone 5,Zone 5
Check out,31/10/2025,10:54:15,Emirates Metro Station,Emirates Metro Station,Red Metro Line,Zone 5,Zone 5
Check out,31/10/2025,10:54:21,Emirates Metro Station,Emirates Metro Station,Red Metro Line,Zone 5,Zone 5
Check out,31/10/2025,10:55:05,Emirates Metro Station,Emirates Metro Station,Red Metro Line,Zone 5,Zone 5
Check out,31/10/2025,10:56:10,Emirates Metro Station,Emirates Metro Station,Red Metro Line,Zone 5,Zone 5
Check out,31/10/2025,10:56:25,Emirates Metro Station,Emirates Metro Station,Red Metro Line,Zone 5,Zone 5
Check out,31/10/2025,10:56:28,Emirates Metro Station,Emirates Metro Station,Red Metro Line,Zone 5,Zone 5
Check out,31/10/2025,11:00:05,Emirates Metro Station,Emirates Metro Station,Red Metro Line,Zone 5,Zone 5
Check out,31/10/2025,11:00:30,Emirates Metro Station,Emirates Metro Station,Red Metro Line,Zone 5,Zone 5
Check out,31/10/2025,11:00:48,Emirates Metro Station,Emirates Metro Station,Red Metro Line,Zone 5,Zone 5
Check out,31/10/2025,11:02:14,Emirates Metro Station,Emirates Metro Station,Red Metro Line,Zone 5,Zone 5
Check out,31/10/2025,11:02:29,Emirates Metro Station,Emirates Metro Station,Red Metro Line,Zone 5,Zone 5
Check out,31/10/2025,11:02:34,Emirates Metro Station,Emirates Metro Station,Red Metro Line,Zone 5,Zone 5
Check out,31/10/2025,11:02:47,Emirates Metro Station,Emirates Metro Station,Red Metro Line,Zone 5,Zone 5
Check out,31/10/2025,11:03:19,Emirates Metro Station,Emirates Metro Station,Red Metro Line,Zone 5,Zone 5
Check out,31/10/2025,11:03:59,Emirates Metro Station,Emirates Metro Station,Red Metro Line,Zone 5,Zone 5
Check out,31/10/2025,11:04:20,Emirates Metro Station,Emirates Metro Station,Red Metro Line,Zone 5,Zone 5
Check out,31/10/2025,11:04:26,Emirates Metro Station,Emirates Metro Station,Red Metro Line,Zone 5,Zone 5
Check out,31/10/2025,11:04:30,Emirates Metro Station,Emirates Metro Station,Red Metro Line,Zone 5,Zone 5
Check out,31/10/2025,11:05:48,Emirates Metro Station,Emirates Metro Station,Red Metro Line,Zone 5,Zone 5
Check out,31/10/2025,11:07:58,Emirates Metro Station,Emirates Metro Station,Red Metro Line,Zone 5,Zone 5
Check out,31/10/2025,11:08:01,Emirates Metro Station,Emirates Metro Station,Red Metro Line,Zone 5,Zone 5
Check out,31/10/2025,11:08:21,Emirates Metro Station,Emirates Metro Station,Red Metro Line,Zone 5,Zone 5
Check out,31/10/2025,11:08:26,Emirates Metro Station,Emirates Metro Station,Red Metro Line,Zone 5,Zone 5
Check out,31/10/2025,11:08:28,Emirates Metro Station,Emirates Metro Station,Red Metro Line,Zone 5,Zone 5
Check out,31/10/2025,11:08:31,Emirates Metro Station,Emirates Metro Station,Red Metro Line,Zone 5,Zone 5
Check out,31/10/2025,11:08:39,Emirates Metro Station,Emirates Metro Station,Red Metro Line,Zone 5,Zone 5
Check out,31/10/2025,11:10:53,Emirates Metro Station,Emirates Metro Station,Red Metro Line,Zone 5,Zone 5
Check out,31/10/2025,11:11:08,Emirates Metro Station,Emirates Metro Station,Red Metro Line,Zone 5,Zone 5
Check out,31/10/2025,11:11:30,Emirates Metro Station,Emirates Metro Station,Red Metro Line,Zone 5,Zone 5
Check out,31/10/2025,11:11:49,Emirates Metro Station,Emirates Metro Station,Red Metro Line,Zone 5,Zone 5
Check out,31/10/2025,11:11:57,Emirates Metro Station,Emirates Metro Station,Red Metro Line,Zone 5,Zone 5
Check out,31/10/2025,11:13:11,Emirates Metro Station,Emirates Metro Station,Red Metro Line,Zone 5,Zone 5
Check out,31/10/2025,11:13:21,Emirates Metro Station,Emirates Metro Station,Red Metro Line,Zone 5,Zone 5
Check out,31/10/2025,11:15:45,Emirates Metro Station,Emirates Metro Station,Red Metro Line,Zone 5,Zone 5
Check out,31/10/2025,11:16:02,Emirates Metro Station,Emirates Metro Station,Red Metro Line,Zone 5,Zone 5
Check out,31/10/2025,11:16:18,Emirates Metro Station,Emirates Metro Station,Red Metro Line,Zone 5,Zone 5
Check out,31/10/2025,11:16:24,Emirates Metro Station,Emirates Metro Station,Red Metro Line,Zone 5,Zone 5
Check out,31/10/2025,11:18:05,Emirates Metro Station,Emirates Metro Station,Red Metro Line,Zone 5,Zone 5
Check out,31/10/2025,11:18:34,Emirates Metro Station,Emirates Metro Station,Red Metro Line,Zone 5,Zone 5
Check out,31/10/2025,11:20:21,Emirates Metro Station,Emirates Metro Station,Red Metro Line,Zone 5,Zone 5
Check out,31/10/2025,11:20:25,Emirates Metro Station,Emirates Metro Station,Red Metro Line,Zone 5,Zone 5
Check out,31/10/2025,11:21:01,Emirates Metro Station,Emirates Metro Station,Red Metro Line,Zone 5,Zone 5
Check out,31/10/2025,11:21:34,Emirates Metro Station,Emirates Metro Station,Red Metro Line,Zone 5,Zone 5
Check out,31/10/2025,11:24:08,Emirates Metro Station,Emirates Metro Station,Red Metro Line,Zone 5,Zone 5
Check out,31/10/2025,11:24:38,Emirates Metro Station,Emirates Metro Station,Red Metro Line,Zone 5,Zone 5
Check out,31/10/2025,11:24:44,Emirates Metro Station,Emirates Metro Station,Red Metro Line,Zone 5,Zone 5
Check out,31/10/2025,11:24:55,Emirates Metro Station,Emirates Metro Station,Red Metro Line,Zone 5,Zone 5
Check out,31/10/2025,11:25:09,Emirates Metro Station,Emirates Metro Station,Red Metro Line,Zone 5,Zone 5
Check out,31/10/2025,11:25:12,Emirates Metro Station,Emirates Metro Station,Red Metro Line,Zone 5,Zone 5
Check out,31/10/2025,11:28:02,Emirates Metro Station,Emirates Metro Station,Red Metro Line,Zone 5,Zone 5
Check out,31/10/2025,11:28:15,Emirates Metro Station,Emirates Metro Station,Red Metro Line,Zone 5,Zone 5
Check out,31/10/2025,11:28:23,Emirates Metro Station,Emirates Metro Station,Red Metro Line,Zone 5,Zone 5
Check out,31/10/2025,11:28:26,Emirates Metro Station,Emirates Metro Station,Red Metro Line,Zone 5,Zone 5
Check out,31/10/2025,11:28:32,Emirates Metro Station,Emirates Metro Station,Red Metro Line,Zone 5,Zone 5
Check out,31/10/2025,11:28:48,Emirates Metro Station,Emirates Metro Station,Red Metro Line,Zone 5,Zone 5
Check out,31/10/2025,11:31:26,Emirates Metro Station,Emirates Metro Station,Red Metro Line,Zone 5,Zone 5
Check out,31/10/2025,11:32:04,Emirates Metro Station,Emirates Metro Station,Red Metro Line,Zone 5,Zone 5
Check out,31/10/2025,11:32:09,Emirates Metro Station,Emirates Metro Station,Red Metro Line,Zone 5,Zone 5
Check out,31/10/2025,11:32:12,Emirates Metro Station,Emirates Metro Station,Red Metro Line,Zone 5,Zone 5
Check out,31/10/2025,11:32:21,Emirates Metro Station,Emirates Metro Station,Red Metro Line,Zone 5,Zone 5
Check out,31/10/2025,11:32:32,Emirates Metro Station,Emirates Metro Station,Red Metro Line,Zone 5,Zone 5
Check out,31/10/2025,11:32:33,Emirates Metro Station,Emirates Metro Station,Red Metro Line,Zone 5,Zone 5
Check out,31/10/2025,11:32:40,Emirates Metro Station,Emirates Metro Station,Red Metro Line,Zone 5,Zone 5
Check out,31/10/2025,11:35:56,Emirates Metro Station,Emirates Metro Station,Red Metro Line,Zone 5,Zone 5
Check out,31/10/2025,11:36:00,Emirates Metro Station,Emirates Metro Station,Red Metro Line,Zone 5,Zone 5
Check out,31/10/2025,11:36:22,Emirates Metro Station,Emirates Metro Station,Red Metro Line,Zone 5,Zone 5
Check out,31/10/2025,11:36:26,Emirates Metro Station,Emirates Metro Station,Red Metro Line,Zone 5,Zone 5
Check out,31/10/2025,11:36:31,Emirates Metro Station,Emirates Metro Station,Red Metro Line,Zone 5,Zone 5
Check out,31/10/2025,11:36:35,Emirates Metro Station,Emirates Metro Station,Red Metro Line,Zone 5,Zone 5
Check out,31/10/2025,11:39:08,Emirates Metro Station,Emirates Metro Station,Red Metro Line,Zone 5,Zone 5
Check out,31/10/2025,11:40:29,Emirates Metro Station,Emirates Metro Station,Red Metro Line,Zone 5,Zone 5
Check out,31/10/2025,11:40:36,Emirates Metro Station,Emirates Metro Station,Red Metro Line,Zone 5,Zone 5
Check out,31/10/2025,11:40:43,Emirates Metro Station,Emirates Metro Station,Red Metro Line,Zone 5,Zone 5
Check out,31/10/2025,11:40:56,Emirates Metro Station,Emirates Metro Station,Red Metro Line,Zone 5,Zone 5
Check out,31/10/2025,11:41:59,Emirates Metro Station,Emirates Metro Station,Red Metro Line,Zone 5,Zone 5
Check out,31/10/2025,11:44:24,Emirates Metro Station,Emirates Metro Station,Red Metro Line,Zone 5,Zone 5
Check out,31/10/2025,11:48:02,Emirates Metro Station,Emirates Metro Station,Red Metro Line,Zone 5,Zone 5
Check out,31/10/2025,11:48:15,Emirates Metro Station,Emirates Metro Station,Red Metro Line,Zone 5,Zone 5
Check out,31/10/2025,11:48:20,Emirates Metro Station,Emirates Metro Station,Red Metro Line,Zone 5,Zone 5
Check out,31/10/2025,11:48:28,Emirates Metro Station,Emirates Metro Station,Red Metro Line,Zone 5,Zone 5
Check out,31/10/2025,11:48:34,Emirates Metro Station,Emirates Metro Station,Red Metro Line,Zone 5,Zone 5
Check out,31/10/2025,11:49:14,Emirates Metro Station,Emirates Metro Station,Red Metro Line,Zone 5,Zone 5
Check out,31/10/2025,11:49:29,Emirates Metro Station,Emirates Metro Station,Red Metro Line,Zone 5,Zone 5
Check out,31/10/2025,11:49:49,Emirates Metro Station,Emirates Metro Station,Red Metro Line,Zone 5,Zone 5
Check out,31/10/2025,11:51:05,Emirates Metro Station,Emirates Metro Station,Red Metro Line,Zone 5,Zone 5
Check out,31/10/2025,11:51:55,Emirates Metro Station,Emirates Metro Station,Red Metro Line,Zone 5,Zone 5
Check out,31/10/2025,11:52:16,Emirates Metro Station,Emirates Metro Station,Red Metro Line,Zone 5,Zone 5
Check out,31/10/2025,11:52:18,Emirates Metro Station,Emirates Metro Station,Red Metro Line,Zone 5,Zone 5
Check out,31/10/2025,11:52:33,Emirates Metro Station,Emirates Metro Station,Red Metro Line,Zone 5,Zone 5
Check out,31/10/2025,11:53:08,Emirates Metro Station,Emirates Metro Station,Red Metro Line,Zone 5,Zone 5
Check out,31/10/2025,11:56:08,Emirates Metro Station,Emirates Metro Station,Red Metro Line,Zone 5,Zone 5
Check out,31/10/2025,11:56:12,Emirates Metro Station,Emirates Metro Station,Red Metro Line,Zone 5,Zone 5
Check out,31/10/2025,11:56:26,Emirates Metro Station,Emirates Metro Station,Red Metro Line,Zone 5,Zone 5
Check out,31/10/2025,11:56:30,Emirates Metro Station,Emirates Metro Station,Red Metro Line,Zone 5,Zone 5
Check out,31/10/2025,11:56:31,Emirates Metro Station,Emirates Metro Station,Red Metro Line,Zone 5,Zone 5
Check out,31/10/2025,11:59:55,Emirates Metro Station,Emirates Metro Station,Red Metro Line,Zone 5,Zone 5
Check out,31/10/2025,12:00:00,Emirates Metro Station,Emirates Metro Station,Red Metro Line,Zone 5,Zone 5
Check out,31/10/2025,12:00:06,Emirates Metro Station,Emirates Metro Station,Red Metro Line,Zone 5,Zone 5
Check out,31/10/2025,12:00:24,Emirates Metro Station,Emirates Metro Station,Red Metro Line,Zone 5,Zone 5
Check out,31/10/2025,12:01:07,Emirates Metro Station,Emirates Metro Station,Red Metro Line,Zone 5,Zone 5
Check out,31/10/2025,12:01:10,Emirates Metro Station,Emirates Metro Station,Red Metro Line,Zone 5,Zone 5
Check out,31/10/2025,12:01:13,Emirates Metro Station,Emirates Metro Station,Red Metro Line,Zone 5,Zone 5
Check out,31/10/2025,12:02:51,Emirates Metro Station,Emirates Metro Station,Red Metro Line,Zone 5,Zone 5
Check out,31/10/2025,12:02:55,Emirates Metro Station,Emirates Metro Station,Red Metro Line,Zone 5,Zone 5
Check out,31/10/2025,12:04:19,Emirates Metro Station,Emirates Metro Station,Red Metro Line,Zone 5,Zone 5
Check out,31/10/2025,12:04:24,Emirates Metro Station,Emirates Metro Station,Red Metro Line,Zone 5,Zone 5
Check out,31/10/2025,12:04:27,Emirates Metro Station,Emirates Metro Station,Red Metro Line,Zone 5,Zone 5
Check out,31/10/2025,12:04:35,Emirates Metro Station,Emirates Metro Station,Red Metro Line,Zone 5,Zone 5
Check out,31/10/2025,12:04:41,Emirates Metro Station,Emirates Metro Station,Red Metro Line,Zone 5,Zone 5
Check out,31/10/2025,12:05:05,Emirates Metro Station,Emirates Metro Station,Red Metro Line,Zone 5,Zone 5
Check out,31/10/2025,12:05:15,Emirates Metro Station,Emirates Metro Station,Red Metro Line,Zone 5,Zone 5
Check out,31/10/2025,12:05:18,Emirates Metro Station,Emirates Metro Station,Red Metro Line,Zone 5,Zone 5
Check out,31/10/2025,12:06:30,Emirates Metro Station,Emirates Metro Station,Red Metro Line,Zone 5,Zone 5
Check out,31/10/2025,12:07:22,Emirates Metro Station,Emirates Metro Station,Red Metro Line,Zone 5,Zone 5
Check out,31/10/2025,12:08:09,Emirates Metro Station,Emirates Metro Station,Red Metro Line,Zone 5,Zone 5
Check out,31/10/2025,12:08:32,Emirates Metro Station,Emirates Metro Station,Red Metro Line,Zone 5,Zone 5
Check out,31/10/2025,12:11:58,Emirates Metro Station,Emirates Metro Station,Red Metro Line,Zone 5,Zone 5
Check out,31/10/2025,12:12:32,Emirates Metro Station,Emirates Metro Station,Red Metro Line,Zone 5,Zone 5
Check out,31/10/2025,12:16:09,Emirates Metro Station,Emirates Metro Station,Red Metro Line,Zone 5,Zone 5
Check out,31/10/2025,12:16:19,Emirates Metro Station,Emirates Metro Station,Red Metro Line,Zone 5,Zone 5
Check out,31/10/2025,12:16:30,Emirates Metro Station,Emirates Metro Station,Red Metro Line,Zone 5,Zone 5
Check out,31/10/2025,12:16:42,Emirates Metro Station,Emirates Metro Station,Red Metro Line,Zone 5,Zone 5
Check out,31/10/2025,12:20:09,Emirates Metro Station,Emirates Metro Station,Red Metro Line,Zone 5,Zone 5
Check out,31/10/2025,12:20:11,Emirates Metro Station,Emirates Metro Station,Red Metro Line,Zone 5,Zone 5
Check out,31/10/2025,12:20:19,Emirates Metro Station,Emirates Metro Station,Red Metro Line,Zone 5,Zone 5
Check out,31/10/2025,12:20:59,Emirates Metro Station,Emirates Metro Station,Red Metro Line,Zone 5,Zone 5
Check out,31/10/2025,12:21:05,Emirates Metro Station,Emirates Metro Station,Red Metro Line,Zone 5,Zone 5
Check out,31/10/2025,12:22:44,Emirates Metro Station,Emirates Metro Station,Red Metro Line,Zone 5,Zone 5
Check out,31/10/2025,12:23:58,Emirates Metro Station,Emirates Metro Station,Red Metro Line,Zone 5,Zone 5
Check out,31/10/2025,12:24:10,Emirates Metro Station,Emirates Metro Station,Red Metro Line,Zone 5,Zone 5
Check out,31/10/2025,12:24:14,Emirates Metro Station,Emirates Metro Station,Red Metro Line,Zone 5,Zone 5
Check out,31/10/2025,12:24:22,Emirates Metro Station,Emirates Metro Station,Red Metro Line,Zone 5,Zone 5
Check out,31/10/2025,12:24:29,Emirates Metro Station,Emirates Metro Station,Red Metro Line,Zone 5,Zone 5
Check out,31/10/2025,12:24:34,Emirates Metro Station,Emirates Metro Station,Red Metro Line,Zone 5,Zone 5
Check out,31/10/2025,12:24:40,Emirates Metro Station,Emirates Metro Station,Red Metro Line,Zone 5,Zone 5
Check out,31/10/2025,12:24:47,Emirates Metro Station,Emirates Metro Station,Red Metro Line,Zone 5,Zone 5
Check out,31/10/2025,12:27:57,Emirates Metro Station,Emirates Metro Station,Red Metro Line,Zone 5,Zone 5
Check out,31/10/2025,12:28:11,Emirates Metro Station,Emirates Metro Station,Red Metro Line,Zone 5,Zone 5
Check out,31/10/2025,12:28:17,Emirates Metro Station,Emirates Metro Station,Red Metro Line,Zone 5,Zone 5
Check out,31/10/2025,12:28:26,Emirates Metro Station,Emirates Metro Station,Red Metro Line,Zone 5,Zone 5
Check out,31/10/2025,12:28:35,Emirates Metro Station,Emirates Metro Station,Red Metro Line,Zone 5,Zone 5
Check out,31/10/2025,12:28:38,Emirates Metro Station,Emirates Metro Station,Red Metro Line,Zone 5,Zone 5
Check out,31/10/2025,12:28:39,Emirates Metro Station,Emirates Metro Station,Red Metro Line,Zone 5,Zone 5
Check out,31/10/2025,12:31:42,Emirates Metro Station,Emirates Metro Station,Red Metro Line,Zone 5,Zone 5
Check out,31/10/2025,12:31:44,Emirates Metro Station,Emirates Metro Station,Red Metro Line,Zone 5,Zone 5
Check out,31/10/2025,12:31:48,Emirates Metro Station,Emirates Metro Station,Red Metro Line,Zone 5,Zone 5
Check out,31/10/2025,12:32:01,Emirates Metro Station,Emirates Metro Station,Red Metro Line,Zone 5,Zone 5
Check out,31/10/2025,12:32:32,Emirates Metro Station,Emirates Metro Station,Red Metro Line,Zone 5,Zone 5
Check out,31/10/2025,12:35:10,Emirates Metro Station,Emirates Metro Station,Red Metro Line,Zone 5,Zone 5
Check out,31/10/2025,12:35:54,Emirates Metro Station,Emirates Metro Station,Red Metro Line,Zone 5,Zone 5
Check out,31/10/2025,12:36:17,Emirates Metro Station,Emirates Metro Station,Red Metro Line,Zone 5,Zone 5
Check out,31/10/2025,12:36:26,Emirates Metro Station,Emirates Metro Station,Red Metro Line,Zone 5,Zone 5
Check out,31/10/2025,12:39:52,Emirates Metro Station,Emirates Metro Station,Red Metro Line,Zone 5,Zone 5
Check out,31/10/2025,12:39:59,Emirates Metro Station,Emirates Metro Station,Red Metro Line,Zone 5,Zone 5
Check out,31/10/2025,12:40:01,Emirates Metro Station,Emirates Metro Station,Red Metro Line,Zone 5,Zone 5
Check out,31/10/2025,12:40:03,Emirates Metro Station,Emirates Metro Station,Red Metro Line,Zone 5,Zone 5
Check out,31/10/2025,12:40:27,Emirates Metro Station,Emirates Metro Station,Red Metro Line,Zone 5,Zone 5
Check out,31/10/2025,12:40:45,Emirates Metro Station,Emirates Metro Station,Red Metro Line,Zone 5,Zone 5
Check out,31/10/2025,12:40:53,Emirates Metro Station,Emirates Metro Station,Red Metro Line,Zone 5,Zone 5
Check out,31/10/2025,12:42:36,Emirates Metro Station,Emirates Metro Station,Red Metro Line,Zone 5,Zone 5
Check out,31/10/2025,12:44:00,Emirates Metro Station,Emirates Metro Station,Red Metro Line,Zone 5,Zone 5
Check out,31/10/2025,12:44:23,Emirates Metro Station,Emirates Metro Station,Red Metro Line,Zone 5,Zone 5
Check out,31/10/2025,12:46:49,Emirates Metro Station,Emirates Metro Station,Red Metro Line,Zone 5,Zone 5
Check out,31/10/2025,12:46:57,Emirates Metro Station,Emirates Metro Station,Red Metro Line,Zone 5,Zone 5
Check out,31/10/2025,12:47:14,Emirates Metro Station,Emirates Metro Station,Red Metro Line,Zone 5,Zone 5
Check out,31/10/2025,12:47:56,Emirates Metro Station,Emirates Metro Station,Red Metro Line,Zone 5,Zone 5
Check out,31/10/2025,12:48:01,Emirates Metro Station,Emirates Metro Station,Red Metro Line,Zone 5,Zone 5
Check out,31/10/2025,12:48:03,Emirates Metro Station,Emirates Metro Station,Red Metro Line,Zone 5,Zone 5
Check out,31/10/2025,12:48:05,Emirates Metro Station,Emirates Metro Station,Red Metro Line,Zone 5,Zone 5
Check out,31/10/2025,12:48:20,Emirates Metro Station,Emirates Metro Station,Red Metro Line,Zone 5,Zone 5
Check out,31/10/2025,12:48:25,Emirates Metro Station,Emirates Metro Station,Red Metro Line,Zone 5,Zone 5
Check out,31/10/2025,12:51:56,Emirates Metro Station,Emirates Metro Station,Red Metro Line,Zone 5,Zone 5
Check out,31/10/2025,12:52:03,Emirates Metro Station,Emirates Metro Station,Red Metro Line,Zone 5,Zone 5
Check out,31/10/2025,12:52:04,Emirates Metro Station,Emirates Metro Station,Red Metro Line,Zone 5,Zone 5
Check out,31/10/2025,12:52:36,Emirates Metro Station,Emirates Metro Station,Red Metro Line,Zone 5,Zone 5
Check out,31/10/2025,12:52:42,Emirates Metro Station,Emirates Metro Station,Red Metro Line,Zone 5,Zone 5
Check out,31/10/2025,12:52:51,Emirates Metro Station,Emirates Metro Station,Red Metro Line,Zone 5,Zone 5
Check out,31/10/2025,12:52:53,Emirates Metro Station,Emirates Metro Station,Red Metro Line,Zone 5,Zone 5
Check out,31/10/2025,12:56:19,Emirates Metro Station,Emirates Metro Station,Red Metro Line,Zone 5,Zone 5
Check out,31/10/2025,12:56:31,Emirates Metro Station,Emirates Metro Station,Red Metro Line,Zone 5,Zone 5
Check out,31/10/2025,12:56:45,Emirates Metro Station,Emirates Metro Station,Red Metro Line,Zone 5,Zone 5
Check out,31/10/2025,12:57:52,Emirates Metro Station,Emirates Metro Station,Red Metro Line,Zone 5,Zone 5
Check out,31/10/2025,13:00:21,Emirates Metro Station,Emirates Metro Station,Red Metro Line,Zone 5,Zone 5
Check out,31/10/2025,13:00:23,Emirates Metro Station,Emirates Metro Station,Red Metro Line,Zone 5,Zone 5
Check out,31/10/2025,13:00:26,Emirates Metro Station,Emirates Metro Station,Red Metro Line,Zone 5,Zone 5
Check out,31/10/2025,13:01:16,Emirates Metro Station,Emirates Metro Station,Red Metro Line,Zone 5,Zone 5
Check out,31/10/2025,13:03:56,Emirates Metro Station,Emirates Metro Station,Red Metro Line,Zone 5,Zone 5
Check out,31/10/2025,13:04:03,Emirates Metro Station,Emirates Metro Station,Red Metro Line,Zone 5,Zone 5
Check out,31/10/2025,13:04:12,Emirates Metro Station,Emirates Metro Station,Red Metro Line,Zone 5,Zone 5
Check out,31/10/2025,13:04:19,Emirates Metro Station,Emirates Metro Station,Red Metro Line,Zone 5,Zone 5
Check out,31/10/2025,13:04:21,Emirates Metro Station,Emirates Metro Station,Red Metro Line,Zone 5,Zone 5
Check out,31/10/2025,13:04:26,Emirates Metro Station,Emirates Metro Station,Red Metro Line,Zone 5,Zone 5
Check out,31/10/2025,13:04:27,Emirates Metro Station,Emirates Metro Station,Red Metro Line,Zone 5,Zone 5
Check out,31/10/2025,13:04:28,Emirates Metro Station,Emirates Metro Station,Red Metro Line,Zone 5,Zone 5
Check out,31/10/2025,13:04:31,Emirates Metro Station,Emirates Metro Station,Red Metro Line,Zone 5,Zone 5
Check out,31/10/2025,13:04:33,Emirates Metro Station,Emirates Metro Station,Red Metro Line,Zone 5,Zone 5
Check out,31/10/2025,13:05:14,Emirates Metro Station,Emirates Metro Station,Red Metro Line,Zone 5,Zone 5
Check out,31/10/2025,13:05:47,Emirates Metro Station,Emirates Metro Station,Red Metro Line,Zone 5,Zone 5
Check out,31/10/2025,13:07:56,Emirates Metro Station,Emirates Metro Station,Red Metro Line,Zone 5,Zone 5
Check out,31/10/2025,13:07:59,Emirates Metro Station,Emirates Metro Station,Red Metro Line,Zone 5,Zone 5
Check out,31/10/2025,13:08:20,Emirates Metro Station,Emirates Metro Station,Red Metro Line,Zone 5,Zone 5
Check out,31/10/2025,13:08:33,Emirates Metro Station,Emirates Metro Station,Red Metro Line,Zone 5,Zone 5
Check out,31/10/2025,13:10:53,Emirates Metro Station,Emirates Metro Station,Red Metro Line,Zone 5,Zone 5
Check out,31/10/2025,13:11:07,Emirates Metro Station,Emirates Metro Station,Red Metro Line,Zone 5,Zone 5
Check out,31/10/2025,13:12:11,Emirates Metro Station,Emirates Metro Station,Red Metro Line,Zone 5,Zone 5
Check out,31/10/2025,13:12:17,Emirates Metro Station,Emirates Metro Station,Red Metro Line,Zone 5,Zone 5
Check out,31/10/2025,13:12:29,Emirates Metro Station,Emirates Metro Station,Red Metro Line,Zone 5,Zone 5
Check out,31/10/2025,13:12:41,Emirates Metro Station,Emirates Metro Station,Red Metro Line,Zone 5,Zone 5
Check out,31/10/2025,13:16:11,Emirates Metro Station,Emirates Metro Station,Red Metro Line,Zone 5,Zone 5
Check out,31/10/2025,13:16:22,Emirates Metro Station,Emirates Metro Station,Red Metro Line,Zone 5,Zone 5
Check out,31/10/2025,13:16:49,Emirates Metro Station,Emirates Metro Station,Red Metro Line,Zone 5,Zone 5
Check out,31/10/2025,13:16:52,Emirates Metro Station,Emirates Metro Station,Red Metro Line,Zone 5,Zone 5
Check out,31/10/2025,13:16:56,Emirates Metro Station,Emirates Metro Station,Red Metro Line,Zone 5,Zone 5
Check out,31/10/2025,13:16:57,Emirates Metro Station,Emirates Metro Station,Red Metro Line,Zone 5,Zone 5
Check out,31/10/2025,13:17:01,Emirates Metro Station,Emirates Metro Station,Red Metro Line,Zone 5,Zone 5
Check out,31/10/2025,13:19:02,Emirates Metro Station,Emirates Metro Station,Red Metro Line,Zone 5,Zone 5
Check out,31/10/2025,13:19:05,Emirates Metro Station,Emirates Metro Station,Red Metro Line,Zone 5,Zone 5
Check out,31/10/2025,13:20:11,Emirates Metro Station,Emirates Metro Station,Red Metro Line,Zone 5,Zone 5
Check out,31/10/2025,13:20:14,Emirates Metro Station,Emirates Metro Station,Red Metro Line,Zone 5,Zone 5
Check out,31/10/2025,13:20:15,Emirates Metro Station,Emirates Metro Station,Red Metro Line,Zone 5,Zone 5
Check out,31/10/2025,13:20:16,Emirates Metro Station,Emirates Metro Station,Red Metro Line,Zone 5,Zone 5
Check out,31/10/2025,13:20:26,Emirates Metro Station,Emirates Metro Station,Red Metro Line,Zone 5,Zone 5
Check out,31/10/2025,13:20:48,Emirates Metro Station,Emirates Metro Station,Red Metro Line,Zone 5,Zone 5
Check out,31/10/2025,13:23:55,Emirates Metro Station,Emirates Metro Station,Red Metro Line,Zone 5,Zone 5
Check out,31/10/2025,13:24:10,Emirates Metro Station,Emirates Metro Station,Red Metro Line,Zone 5,Zone 5
Check out,31/10/2025,13:24:18,Emirates Metro Station,Emirates Metro Station,Red Metro Line,Zone 5,Zone 5
Check out,31/10/2025,13:24:21,Emirates Metro Station,Emirates Metro Station,Red Metro Line,Zone 5,Zone 5
Check out,31/10/2025,13:24:26,Emirates Metro Station,Emirates Metro Station,Red Metro Line,Zone 5,Zone 5
Check out,31/10/2025,13:24:45,Emirates Metro Station,Emirates Metro Station,Red Metro Line,Zone 5,Zone 5
Check out,31/10/2025,13:28:06,Emirates Metro Station,Emirates Metro Station,Red Metro Line,Zone 5,Zone 5
Check out,31/10/2025,13:28:13,Emirates Metro Station,Emirates Metro Station,Red Metro Line,Zone 5,Zone 5
Check out,31/10/2025,13:28:17,Emirates Metro Station,Emirates Metro Station,Red Metro Line,Zone 5,Zone 5
Check out,31/10/2025,13:28:30,Emirates Metro Station,Emirates Metro Station,Red Metro Line,Zone 5,Zone 5
Check out,31/10/2025,13:28:53,Emirates Metro Station,Emirates Metro Station,Red Metro Line,Zone 5,Zone 5
Check out,31/10/2025,13:31:56,Emirates Metro Station,Emirates Metro Station,Red Metro Line,Zone 5,Zone 5
Check out,31/10/2025,13:32:09,Emirates Metro Station,Emirates Metro Station,Red Metro Line,Zone 5,Zone 5
Check out,31/10/2025,13:32:14,Emirates Metro Station,Emirates Metro Station,Red Metro Line,Zone 5,Zone 5
Check out,31/10/2025,13:32:34,Emirates Metro Station,Emirates Metro Station,Red Metro Line,Zone 5,Zone 5
Check out,31/10/2025,13:32:35,Emirates Metro Station,Emirates Metro Station,Red Metro Line,Zone 5,Zone 5
Check out,31/10/2025,13:32:39,Emirates Metro Station,Emirates Metro Station,Red Metro Line,Zone 5,Zone 5
Check out,31/10/2025,13:32:41,Emirates Metro Station,Emirates Metro Station,Red Metro Line,Zone 5,Zone 5
Check out,31/10/2025,13:32:55,Emirates Metro Station,Emirates Metro Station,Red Metro Line,Zone 5,Zone 5
Check out,31/10/2025,13:33:56,Emirates Metro Station,Emirates Metro Station,Red Metro Line,Zone 5,Zone 5
Check out,31/10/2025,13:36:04,Emirates Metro Station,Emirates Metro Station,Red Metro Line,Zone 5,Zone 5
Check out,31/10/2025,13:36:06,Emirates Metro Station,Emirates Metro Station,Red Metro Line,Zone 5,Zone 5
Check out,31/10/2025,13:36:12,Emirates Metro Station,Emirates Metro Station,Red Metro Line,Zone 5,Zone 5
Check out,31/10/2025,13:36:20,Emirates Metro Station,Emirates Metro Station,Red Metro Line,Zone 5,Zone 5
Check out,31/10/2025,13:36:22,Emirates Metro Station,Emirates Metro Station,Red Metro Line,Zone 5,Zone 5
Check out,31/10/2025,13:36:32,Emirates Metro Station,Emirates Metro Station,Red Metro Line,Zone 5,Zone 5
Check out,31/10/2025,13:36:58,Emirates Metro Station,Emirates Metro Station,Red Metro Line,Zone 5,Zone 5
Check out,31/10/2025,13:36:59,Emirates Metro Station,Emirates Metro Station,Red Metro Line,Zone 5,Zone 5
Check out,31/10/2025,13:37:04,Emirates Metro Station,Emirates Metro Station,Red Metro Line,Zone 5,Zone 5
Check out,31/10/2025,13:37:10,Emirates Metro Station,Emirates Metro Station,Red Metro Line,Zone 5,Zone 5
Check out,31/10/2025,13:38:05,Emirates Metro Station,Emirates Metro Station,Red Metro Line,Zone 5,Zone 5
Check out,31/10/2025,13:40:09,Emirates Metro Station,Emirates Metro Station,Red Metro Line,Zone 5,Zone 5
Check out,31/10/2025,13:40:19,Emirates Metro Station,Emirates Metro Station,Red Metro Line,Zone 5,Zone 5
Check out,31/10/2025,13:40:22,Emirates Metro Station,Emirates Metro Station,Red Metro Line,Zone 5,Zone 5
Check out,31/10/2025,13:40:27,Emirates Metro Station,Emirates Metro Station,Red Metro Line,Zone 5,Zone 5
Check out,31/10/2025,13:40:30,Emirates Metro Station,Emirates Metro Station,Red Metro Line,Zone 5,Zone 5
Check out,31/10/2025,13:40:32,Emirates Metro Station,Emirates Metro Station,Red Metro Line,Zone 5,Zone 5
Check out,31/10/2025,13:40:33,Emirates Metro Station,Emirates Metro Station,Red Metro Line,Zone 5,Zone 5
Check out,31/10/2025,13:40:35,Emirates Metro Station,Emirates Metro Station,Red Metro Line,Zone 5,Zone 5
Check out,31/10/2025,13:40:39,Emirates Metro Station,Emirates Metro Station,Red Metro Line,Zone 5,Zone 5
Check out,31/10/2025,13:40:47,Emirates Metro Station,Emirates Metro Station,Red Metro Line,Zone 5,Zone 5
Check out,31/10/2025,13:43:21,Emirates Metro Station,Emirates Metro Station,Red Metro Line,Zone 5,Zone 5
Check out,31/10/2025,13:43:48,Emirates Metro Station,Emirates Metro Station,Red Metro Line,Zone 5,Zone 5
Check out,31/10/2025,13:44:15,Emirates Metro Station,Emirates Metro Station,Red Metro Line,Zone 5,Zone 5
Check out,31/10/2025,13:44:19,Emirates Metro Station,Emirates Metro Station,Red Metro Line,Zone 5,Zone 5
Check out,31/10/2025,13:45:53,Emirates Metro Station,Emirates Metro Station,Red Metro Line,Zone 5,Zone 5
Check out,31/10/2025,13:46:32,Emirates Metro Station,Emirates Metro Station,Red Metro Line,Zone 5,Zone 5
Check out,31/10/2025,13:47:13,Emirates Metro Station,Emirates Metro Station,Red Metro Line,Zone 5,Zone 5
Check out,31/10/2025,13:47:55,Emirates Metro Station,Emirates Metro Station,Red Metro Line,Zone 5,Zone 5
Check out,31/10/2025,13:48:09,Emirates Metro Station,Emirates Metro Station,Red Metro Line,Zone 5,Zone 5
Check out,31/10/2025,13:48:13,Emirates Metro Station,Emirates Metro Station,Red Metro Line,Zone 5,Zone 5
Check out,31/10/2025,13:48:14,Emirates Metro Station,Emirates Metro Station,Red Metro Line,Zone 5,Zone 5
Check out,31/10/2025,13:48:24,Emirates Metro Station,Emirates Metro Station,Red Metro Line,Zone 5,Zone 5
Check out,31/10/2025,13:48:35,Emirates Metro Station,Emirates Metro Station,Red Metro Line,Zone 5,Zone 5
Check out,31/10/2025,13:51:27,Emirates Metro Station,Emirates Metro Station,Red Metro Line,Zone 5,Zone 5
Check out,31/10/2025,13:51:59,Emirates Metro Station,Emirates Metro Station,Red Metro Line,Zone 5,Zone 5
Check out,31/10/2025,13:52:21,Emirates Metro Station,Emirates Metro Station,Red Metro Line,Zone 5,Zone 5
Check out,31/10/2025,13:52:26,Emirates Metro Station,Emirates Metro Station,Red Metro Line,Zone 5,Zone 5
Check out,31/10/2025,13:52:33,Emirates Metro Station,Emirates Metro Station,Red Metro Line,Zone 5,Zone 5
Check out,31/10/2025,13:55:03,Emirates Metro Station,Emirates Metro Station,Red Metro Line,Zone 5,Zone 5
Check out,31/10/2025,13:56:02,Emirates Metro Station,Emirates Metro Station,Red Metro Line,Zone 5,Zone 5
Check out,31/10/2025,13:56:10,Emirates Metro Station,Emirates Metro Station,Red Metro Line,Zone 5,Zone 5
Check out,31/10/2025,13:56:17,Emirates Metro Station,Emirates Metro Station,Red Metro Line,Zone 5,Zone 5
Check out,31/10/2025,13:56:24,Emirates Metro Station,Emirates Metro Station,Red Metro Line,Zone 5,Zone 5
Check out,31/10/2025,13:56:25,Emirates Metro Station,Emirates Metro Station,Red Metro Line,Zone 5,Zone 5
Check out,31/10/2025,13:56:31,Emirates Metro Station,Emirates Metro Station,Red Metro Line,Zone 5,Zone 5
Check out,31/10/2025,13:56:43,Emirates Metro Station,Emirates Metro Station,Red Metro Line,Zone 5,Zone 5
Check out,31/10/2025,13:59:49,Emirates Metro Station,Emirates Metro Station,Red Metro Line,Zone 5,Zone 5
Check out,31/10/2025,13:59:51,Emirates Metro Station,Emirates Metro Station,Red Metro Line,Zone 5,Zone 5
Check out,31/10/2025,14:00:15,Emirates Metro Station,Emirates Metro Station,Red Metro Line,Zone 5,Zone 5
Check out,31/10/2025,14:00:18,Emirates Metro Station,Emirates Metro Station,Red Metro Line,Zone 5,Zone 5
Check out,31/10/2025,14:00:22,Emirates Metro Station,Emirates Metro Station,Red Metro Line,Zone 5,Zone 5
Check out,31/10/2025,14:00:27,Emirates Metro Station,Emirates Metro Station,Red Metro Line,Zone 5,Zone 5
Check out,31/10/2025,14:00:29,Emirates Metro Station,Emirates Metro Station,Red Metro Line,Zone 5,Zone 5
Check out,31/10/2025,14:00:41,Emirates Metro Station,Emirates Metro Station,Red Metro Line,Zone 5,Zone 5
Check out,31/10/2025,14:01:24,Emirates Metro Station,Emirates Metro Station,Red Metro Line,Zone 5,Zone 5
Check out,31/10/2025,14:03:53,Emirates Metro Station,Emirates Metro Station,Red Metro Line,Zone 5,Zone 5
Check out,31/10/2025,14:04:25,Emirates Metro Station,Emirates Metro Station,Red Metro Line,Zone 5,Zone 5
Check out,31/10/2025,14:04:33,Emirates Metro Station,Emirates Metro Station,Red Metro Line,Zone 5,Zone 5
Check out,31/10/2025,14:04:37,Emirates Metro Station,Emirates Metro Station,Red Metro Line,Zone 5,Zone 5
Check out,31/10/2025,14:04:44,Emirates Metro Station,Emirates Metro Station,Red Metro Line,Zone 5,Zone 5
Check out,31/10/2025,14:05:08,Emirates Metro Station,Emirates Metro Station,Red Metro Line,Zone 5,Zone 5
Check out,31/10/2025,14:06:28,Emirates Metro Station,Emirates Metro Station,Red Metro Line,Zone 5,Zone 5
Check out,31/10/2025,14:06:59,Emirates Metro Station,Emirates Metro Station,Red Metro Line,Zone 5,Zone 5
Check out,31/10/2025,14:08:04,Emirates Metro Station,Emirates Metro Station,Red Metro Line,Zone 5,Zone 5
Check out,31/10/2025,14:08:13,Emirates Metro Station,Emirates Metro Station,Red Metro Line,Zone 5,Zone 5
Check out,31/10/2025,14:08:25,Emirates Metro Station,Emirates Metro Station,Red Metro Line,Zone 5,Zone 5
Check out,31/10/2025,14:11:20,Emirates Metro Station,Emirates Metro Station,Red Metro Line,Zone 5,Zone 5
Check out,31/10/2025,14:11:38,Emirates Metro Station,Emirates Metro Station,Red Metro Line,Zone 5,Zone 5
Check out,31/10/2025,14:12:26,Emirates Metro Station,Emirates Metro Station,Red Metro Line,Zone 5,Zone 5
Check out,31/10/2025,14:12:27,Emirates Metro Station,Emirates Metro Station,Red Metro Line,Zone 5,Zone 5
Check out,31/10/2025,14:12:33,Emirates Metro Station,Emirates Metro Station,Red Metro Line,Zone 5,Zone 5
Check out,31/10/2025,14:15:53,Emirates Metro Station,Emirates Metro Station,Red Metro Line,Zone 5,Zone 5
Check out,31/10/2025,14:16:06,Emirates Metro Station,Emirates Metro Station,Red Metro Line,Zone 5,Zone 5
Check out,31/10/2025,14:16:32,Emirates Metro Station,Emirates Metro Station,Red Metro Line,Zone 5,Zone 5
Check out,31/10/2025,14:17:19,Emirates Metro Station,Emirates Metro Station,Red Metro Line,Zone 5,Zone 5
Check out,31/10/2025,14:22:55,Emirates Metro Station,Emirates Metro Station,Red Metro Line,Zone 5,Zone 5
Check out,31/10/2025,14:23:52,Emirates Metro Station,Emirates Metro Station,Red Metro Line,Zone 5,Zone 5
Check out,31/10/2025,14:24:32,Emirates Metro Station,Emirates Metro Station,Red Metro Line,Zone 5,Zone 5
Check out,31/10/2025,14:24:33,Emirates Metro Station,Emirates Metro Station,Red Metro Line,Zone 5,Zone 5
Check out,31/10/2025,14:27:56,Emirates Metro Station,Emirates Metro Station,Red Metro Line,Zone 5,Zone 5
Check out,31/10/2025,14:30:55,Emirates Metro Station,Emirates Metro Station,Red Metro Line,Zone 5,Zone 5
Check out,31/10/2025,14:32:00,Emirates Metro Station,Emirates Metro Station,Red Metro Line,Zone 5,Zone 5
Check out,31/10/2025,14:32:21,Emirates Metro Station,Emirates Metro Station,Red Metro Line,Zone 5,Zone 5
Check out,31/10/2025,14:34:02,Emirates Metro Station,Emirates Metro Station,Red Metro Line,Zone 5,Zone 5
Check out,31/10/2025,14:36:16,Emirates Metro Station,Emirates Metro Station,Red Metro Line,Zone 5,Zone 5
Check out,31/10/2025,14:36:31,Emirates Metro Station,Emirates Metro Station,Red Metro Line,Zone 5,Zone 5
Check out,31/10/2025,14:39:51,Emirates Metro Station,Emirates Metro Station,Red Metro Line,Zone 5,Zone 5
Check out,31/10/2025,14:39:56,Emirates Metro Station,Emirates Metro Station,Red Metro Line,Zone 5,Zone 5
Check out,31/10/2025,14:40:24,Emirates Metro Station,Emirates Metro Station,Red Metro Line,Zone 5,Zone 5
Check out,31/10/2025,14:42:53,Emirates Metro Station,Emirates Metro Station,Red Metro Line,Zone 5,Zone 5
Check out,31/10/2025,14:44:04,Emirates Metro Station,Emirates Metro Station,Red Metro Line,Zone 5,Zone 5
Check out,31/10/2025,14:44:22,Emirates Metro Station,Emirates Metro Station,Red Metro Line,Zone 5,Zone 5
Check out,31/10/2025,14:44:36,Emirates Metro Station,Emirates Metro Station,Red Metro Line,Zone 5,Zone 5
Check out,31/10/2025,14:44:43,Emirates Metro Station,Emirates Metro Station,Red Metro Line,Zone 5,Zone 5
Check out,31/10/2025,14:44:44,Emirates Metro Station,Emirates Metro Station,Red Metro Line,Zone 5,Zone 5
Check out,31/10/2025,14:46:51,Emirates Metro Station,Emirates Metro Station,Red Metro Line,Zone 5,Zone 5
Check out,31/10/2025,14:48:00,Emirates Metro Station,Emirates Metro Station,Red Metro Line,Zone 5,Zone 5
Check out,31/10/2025,14:48:03,Emirates Metro Station,Emirates Metro Station,Red Metro Line,Zone 5,Zone 5
Check out,31/10/2025,14:48:21,Emirates Metro Station,Emirates Metro Station,Red Metro Line,Zone 5,Zone 5
Check out,31/10/2025,14:48:29,Emirates Metro Station,Emirates Metro Station,Red Metro Line,Zone 5,Zone 5
Check out,31/10/2025,14:48:32,Emirates Metro Station,Emirates Metro Station,Red Metro Line,Zone 5,Zone 5
Check out,31/10/2025,14:48:58,Emirates Metro Station,Emirates Metro Station,Red Metro Line,Zone 5,Zone 5
Check out,31/10/2025,14:50:10,Emirates Metro Station,Emirates Metro Station,Red Metro Line,Zone 5,Zone 5
Check out,31/10/2025,14:50:57,Emirates Metro Station,Emirates Metro Station,Red Metro Line,Zone 5,Zone 5
Check out,31/10/2025,14:52:00,Emirates Metro Station,Emirates Metro Station,Red Metro Line,Zone 5,Zone 5
Check out,31/10/2025,14:52:03,Emirates Metro Station,Emirates Metro Station,Red Metro Line,Zone 5,Zone 5
Check out,31/10/2025,14:52:05,Emirates Metro Station,Emirates Metro Station,Red Metro Line,Zone 5,Zone 5
Check out,31/10/2025,14:52:21,Emirates Metro Station,Emirates Metro Station,Red Metro Line,Zone 5,Zone 5
Check out,31/10/2025,14:52:23,Emirates Metro Station,Emirates Metro Station,Red Metro Line,Zone 5,Zone 5
Check out,31/10/2025,14:52:38,Emirates Metro Station,Emirates Metro Station,Red Metro Line,Zone 5,Zone 5
Check out,31/10/2025,14:52:43,Emirates Metro Station,Emirates Metro Station,Red Metro Line,Zone 5,Zone 5
Check out,31/10/2025,14:55:56,Emirates Metro Station,Emirates Metro Station,Red Metro Line,Zone 5,Zone 5
Check out,31/10/2025,14:56:07,Emirates Metro Station,Emirates Metro Station,Red Metro Line,Zone 5,Zone 5
Check out,31/10/2025,14:56:25,Emirates Metro Station,Emirates Metro Station,Red Metro Line,Zone 5,Zone 5
Check out,31/10/2025,14:56:28,Emirates Metro Station,Emirates Metro Station,Red Metro Line,Zone 5,Zone 5
Check out,31/10/2025,14:56:31,Emirates Metro Station,Emirates Metro Station,Red Metro Line,Zone 5,Zone 5
Check out,31/10/2025,14:56:33,Emirates Metro Station,Emirates Metro Station,Red Metro Line,Zone 5,Zone 5
Check out,31/10/2025,14:58:08,Emirates Metro Station,Emirates Metro Station,Red Metro Line,Zone 5,Zone 5
Check out,31/10/2025,15:00:19,Emirates Metro Station,Emirates Metro Station,Red Metro Line,Zone 5,Zone 5
Check out,31/10/2025,15:00:23,Emirates Metro Station,Emirates Metro Station,Red Metro Line,Zone 5,Zone 5
Check out,31/10/2025,15:00:24,Emirates Metro Station,Emirates Metro Station,Red Metro Line,Zone 5,Zone 5
Check out,31/10/2025,15:00:34,Emirates Metro Station,Emirates Metro Station,Red Metro Line,Zone 5,Zone 5
Check out,31/10/2025,15:00:36,Emirates Metro Station,Emirates Metro Station,Red Metro Line,Zone 5,Zone 5
Check out,31/10/2025,15:00:38,Emirates Metro Station,Emirates Metro Station,Red Metro Line,Zone 5,Zone 5
Check out,31/10/2025,15:00:40,Emirates Metro Station,Emirates Metro Station,Red Metro Line,Zone 5,Zone 5
Check out,31/10/2025,15:00:43,Emirates Metro Station,Emirates Metro Station,Red Metro Line,Zone 5,Zone 5
Check out,31/10/2025,15:03:15,Emirates Metro Station,Emirates Metro Station,Red Metro Line,Zone 5,Zone 5
Check out,31/10/2025,15:03:57,Emirates Metro Station,Emirates Metro Station,Red Metro Line,Zone 5,Zone 5
Check out,31/10/2025,15:04:02,Emirates Metro Station,Emirates Metro Station,Red Metro Line,Zone 5,Zone 5
Check out,31/10/2025,15:04:13,Emirates Metro Station,Emirates Metro Station,Red Metro Line,Zone 5,Zone 5
Check out,31/10/2025,15:04:25,Emirates Metro Station,Emirates Metro Station,Red Metro Line,Zone 5,Zone 5
Check out,31/10/2025,15:04:48,Emirates Metro Station,Emirates Metro Station,Red Metro Line,Zone 5,Zone 5
Check out,31/10/2025,15:04:50,Emirates Metro Station,Emirates Metro Station,Red Metro Line,Zone 5,Zone 5
Check out,31/10/2025,15:08:05,Emirates Metro Station,Emirates Metro Station,Red Metro Line,Zone 5,Zone 5
Check out,31/10/2025,15:08:10,Emirates Metro Station,Emirates Metro Station,Red Metro Line,Zone 5,Zone 5
Check out,31/10/2025,15:08:32,Emirates Metro Station,Emirates Metro Station,Red Metro Line,Zone 5,Zone 5
Check out,31/10/2025,15:09:22,Emirates Metro Station,Emirates Metro Station,Red Metro Line,Zone 5,Zone 5
Check out,31/10/2025,15:11:16,Emirates Metro Station,Emirates Metro Station,Red Metro Line,Zone 5,Zone 5
Check out,31/10/2025,15:11:57,Emirates Metro Station,Emirates Metro Station,Red Metro Line,Zone 5,Zone 5
Check out,31/10/2025,15:12:07,Emirates Metro Station,Emirates Metro Station,Red Metro Line,Zone 5,Zone 5
Check out,31/10/2025,15:12:23,Emirates Metro Station,Emirates Metro Station,Red Metro Line,Zone 5,Zone 5
Check out,31/10/2025,15:16:11,Emirates Metro Station,Emirates Metro Station,Red Metro Line,Zone 5,Zone 5
Check out,31/10/2025,15:16:13,Emirates Metro Station,Emirates Metro Station,Red Metro Line,Zone 5,Zone 5
Check out,31/10/2025,15:16:15,Emirates Metro Station,Emirates Metro Station,Red Metro Line,Zone 5,Zone 5
Check out,31/10/2025,15:16:25,Emirates Metro Station,Emirates Metro Station,Red Metro Line,Zone 5,Zone 5
Check out,31/10/2025,15:16:27,Emirates Metro Station,Emirates Metro Station,Red Metro Line,Zone 5,Zone 5
Check out,31/10/2025,15:20:15,Emirates Metro Station,Emirates Metro Station,Red Metro Line,Zone 5,Zone 5
Check out,31/10/2025,15:20:16,Emirates Metro Station,Emirates Metro Station,Red Metro Line,Zone 5,Zone 5
Check out,31/10/2025,15:20:20,Emirates Metro Station,Emirates Metro Station,Red Metro Line,Zone 5,Zone 5
Check out,31/10/2025,15:20:21,Emirates Metro Station,Emirates Metro Station,Red Metro Line,Zone 5,Zone 5
Check out,31/10/2025,15:20:25,Emirates Metro Station,Emirates Metro Station,Red Metro Line,Zone 5,Zone 5
Check out,31/10/2025,15:20:28,Emirates Metro Station,Emirates Metro Station,Red Metro Line,Zone 5,Zone 5
Check out,31/10/2025,15:20:31,Emirates Metro Station,Emirates Metro Station,Red Metro Line,Zone 5,Zone 5
Check out,31/10/2025,15:20:38,Emirates Metro Station,Emirates Metro Station,Red Metro Line,Zone 5,Zone 5
Check out,31/10/2025,15:23:00,Emirates Metro Station,Emirates Metro Station,Red Metro Line,Zone 5,Zone 5
Check out,31/10/2025,15:24:03,Emirates Metro Station,Emirates Metro Station,Red Metro Line,Zone 5,Zone 5
Check out,31/10/2025,15:24:22,Emirates Metro Station,Emirates Metro Station,Red Metro Line,Zone 5,Zone 5
Check out,31/10/2025,15:24:25,Emirates Metro Station,Emirates Metro Station,Red Metro Line,Zone 5,Zone 5
Check out,31/10/2025,15:24:26,Emirates Metro Station,Emirates Metro Station,Red Metro Line,Zone 5,Zone 5
Check out,31/10/2025,15:24:27,Emirates Metro Station,Emirates Metro Station,Red Metro Line,Zone 5,Zone 5
Check out,31/10/2025,15:24:32,Emirates Metro Station,Emirates Metro Station,Red Metro Line,Zone 5,Zone 5
Check out,31/10/2025,15:24:41,Emirates Metro Station,Emirates Metro Station,Red Metro Line,Zone 5,Zone 5
Check out,31/10/2025,15:24:43,Emirates Metro Station,Emirates Metro Station,Red Metro Line,Zone 5,Zone 5
Check out,31/10/2025,15:27:50,Emirates Metro Station,Emirates Metro Station,Red Metro Line,Zone 5,Zone 5
Check out,31/10/2025,15:28:11,Emirates Metro Station,Emirates Metro Station,Red Metro Line,Zone 5,Zone 5
Check out,31/10/2025,15:28:15,Emirates Metro Station,Emirates Metro Station,Red Metro Line,Zone 5,Zone 5
Check out,31/10/2025,15:28:18,Emirates Metro Station,Emirates Metro Station,Red Metro Line,Zone 5,Zone 5
Check out,31/10/2025,15:28:21,Emirates Metro Station,Emirates Metro Station,Red Metro Line,Zone 5,Zone 5
Check out,31/10/2025,15:28:24,Emirates Metro Station,Emirates Metro Station,Red Metro Line,Zone 5,Zone 5
Check out,31/10/2025,15:28:34,Emirates Metro Station,Emirates Metro Station,Red Metro Line,Zone 5,Zone 5
Check out,31/10/2025,15:28:39,Emirates Metro Station,Emirates Metro Station,Red Metro Line,Zone 5,Zone 5
Check out,31/10/2025,15:28:40,Emirates Metro Station,Emirates Metro Station,Red Metro Line,Zone 5,Zone 5
Check out,31/10/2025,15:29:04,Emirates Metro Station,Emirates Metro Station,Red Metro Line,Zone 5,Zone 5
Check out,31/10/2025,15:31:56,Emirates Metro Station,Emirates Metro Station,Red Metro Line,Zone 5,Zone 5
Check out,31/10/2025,15:32:16,Emirates Metro Station,Emirates Metro Station,Red Metro Line,Zone 5,Zone 5
Check out,31/10/2025,15:32:32,Emirates Metro Station,Emirates Metro Station,Red Metro Line,Zone 5,Zone 5
Check out,31/10/2025,15:36:17,Emirates Metro Station,Emirates Metro Station,Red Metro Line,Zone 5,Zone 5
Check out,31/10/2025,15:36:33,Emirates Metro Station,Emirates Metro Station,Red Metro Line,Zone 5,Zone 5
Check out,31/10/2025,15:40:23,Emirates Metro Station,Emirates Metro Station,Red Metro Line,Zone 5,Zone 5
Check out,31/10/2025,15:40:26,Emirates Metro Station,Emirates Metro Station,Red Metro Line,Zone 5,Zone 5
Check out,31/10/2025,15:41:35,Emirates Metro Station,Emirates Metro Station,Red Metro Line,Zone 5,Zone 5
Check out,31/10/2025,15:44:02,Emirates Metro Station,Emirates Metro Station,Red Metro Line,Zone 5,Zone 5
Check out,31/10/2025,15:44:03,Emirates Metro Station,Emirates Metro Station,Red Metro Line,Zone 5,Zone 5
Check out,31/10/2025,15:44:22,Emirates Metro Station,Emirates Metro Station,Red Metro Line,Zone 5,Zone 5
Check out,31/10/2025,15:44:38,Emirates Metro Station,Emirates Metro Station,Red Metro Line,Zone 5,Zone 5
Check out,31/10/2025,15:47:23,Emirates Metro Station,Emirates Metro Station,Red Metro Line,Zone 5,Zone 5
Check out,31/10/2025,15:47:25,Emirates Metro Station,Emirates Metro Station,Red Metro Line,Zone 5,Zone 5
Check out,31/10/2025,15:47:28,Emirates Metro Station,Emirates Metro Station,Red Metro Line,Zone 5,Zone 5
Check out,31/10/2025,15:47:59,Emirates Metro Station,Emirates Metro Station,Red Metro Line,Zone 5,Zone 5
Check out,31/10/2025,15:48:32,Emirates Metro Station,Emirates Metro Station,Red Metro Line,Zone 5,Zone 5
Check out,31/10/2025,15:52:10,Emirates Metro Station,Emirates Metro Station,Red Metro Line,Zone 5,Zone 5
Check out,31/10/2025,15:52:14,Emirates Metro Station,Emirates Metro Station,Red Metro Line,Zone 5,Zone 5
Check out,31/10/2025,15:52:15,Emirates Metro Station,Emirates Metro Station,Red Metro Line,Zone 5,Zone 5
Check out,31/10/2025,15:52:17,Emirates Metro Station,Emirates Metro Station,Red Metro Line,Zone 5,Zone 5
Check out,31/10/2025,15:52:45,Emirates Metro Station,Emirates Metro Station,Red Metro Line,Zone 5,Zone 5
Check out,31/10/2025,15:56:19,Emirates Metro Station,Emirates Metro Station,Red Metro Line,Zone 5,Zone 5
Check out,31/10/2025,15:56:34,Emirates Metro Station,Emirates Metro Station,Red Metro Line,Zone 5,Zone 5
Check out,31/10/2025,15:59:53,Emirates Metro Station,Emirates Metro Station,Red Metro Line,Zone 5,Zone 5
Check out,31/10/2025,16:00:09,Emirates Metro Station,Emirates Metro Station,Red Metro Line,Zone 5,Zone 5
Check out,31/10/2025,16:00:14,Emirates Metro Station,Emirates Metro Station,Red Metro Line,Zone 5,Zone 5
Check out,31/10/2025,16:00:21,Emirates Metro Station,Emirates Metro Station,Red Metro Line,Zone 5,Zone 5
Check out,31/10/2025,16:00:29,Emirates Metro Station,Emirates Metro Station,Red Metro Line,Zone 5,Zone 5
Check out,31/10/2025,16:00:46,Emirates Metro Station,Emirates Metro Station,Red Metro Line,Zone 5,Zone 5
Check out,31/10/2025,16:02:06,Emirates Metro Station,Emirates Metro Station,Red Metro Line,Zone 5,Zone 5
Check out,31/10/2025,16:04:06,Emirates Metro Station,Emirates Metro Station,Red Metro Line,Zone 5,Zone 5
Check out,31/10/2025,16:04:07,Emirates Metro Station,Emirates Metro Station,Red Metro Line,Zone 5,Zone 5
Check out,31/10/2025,16:04:14,Emirates Metro Station,Emirates Metro Station,Red Metro Line,Zone 5,Zone 5
Check out,31/10/2025,16:04:31,Emirates Metro Station,Emirates Metro Station,Red Metro Line,Zone 5,Zone 5
Check out,31/10/2025,16:08:20,Emirates Metro Station,Emirates Metro Station,Red Metro Line,Zone 5,Zone 5
Check out,31/10/2025,16:12:34,Emirates Metro Station,Emirates Metro Station,Red Metro Line,Zone 5,Zone 5
Check out,31/10/2025,16:14:09,Emirates Metro Station,Emirates Metro Station,Red Metro Line,Zone 5,Zone 5
Check out,31/10/2025,16:15:08,Emirates Metro Station,Emirates Metro Station,Red Metro Line,Zone 5,Zone 5
Check out,31/10/2025,16:16:17,Emirates Metro Station,Emirates Metro Station,Red Metro Line,Zone 5,Zone 5
Check out,31/10/2025,16:16:49,Emirates Metro Station,Emirates Metro Station,Red Metro Line,Zone 5,Zone 5
Check out,31/10/2025,16:16:51,Emirates Metro Station,Emirates Metro Station,Red Metro Line,Zone 5,Zone 5
Check out,31/10/2025,16:17:18,Emirates Metro Station,Emirates Metro Station,Red Metro Line,Zone 5,Zone 5
Check out,31/10/2025,16:21:20,Emirates Metro Station,Emirates Metro Station,Red Metro Line,Zone 5,Zone 5
Check out,31/10/2025,16:28:08,Emirates Metro Station,Emirates Metro Station,Red Metro Line,Zone 5,Zone 5
Check out,31/10/2025,16:28:44,Emirates Metro Station,Emirates Metro Station,Red Metro Line,Zone 5,Zone 5
Check out,31/10/2025,16:29:17,Emirates Metro Station,Emirates Metro Station,Red Metro Line,Zone 5,Zone 5
Check out,31/10/2025,16:31:59,Emirates Metro Station,Emirates Metro Station,Red Metro Line,Zone 5,Zone 5
Check out,31/10/2025,16:32:23,Emirates Metro Station,Emirates Metro Station,Red Metro Line,Zone 5,Zone 5
Check out,31/10/2025,16:32:24,Emirates Metro Station,Emirates Metro Station,Red Metro Line,Zone 5,Zone 5
Check out,31/10/2025,16:32:30,Emirates Metro Station,Emirates Metro Station,Red Metro Line,Zone 5,Zone 5
Check out,31/10/2025,16:32:37,Emirates Metro Station,Emirates Metro Station,Red Metro Line,Zone 5,Zone 5
Check out,31/10/2025,16:32:43,Emirates Metro Station,Emirates Metro Station,Red Metro Line,Zone 5,Zone 5
Check out,31/10/2025,16:36:10,Emirates Metro Station,Emirates Metro Station,Red Metro Line,Zone 5,Zone 5
Check out,31/10/2025,16:36:14,Emirates Metro Station,Emirates Metro Station,Red Metro Line,Zone 5,Zone 5
Check out,31/10/2025,16:36:19,Emirates Metro Station,Emirates Metro Station,Red Metro Line,Zone 5,Zone 5
Check out,31/10/2025,16:36:21,Emirates Metro Station,Emirates Metro Station,Red Metro Line,Zone 5,Zone 5
Check out,31/10/2025,16:36:23,Emirates Metro Station,Emirates Metro Station,Red Metro Line,Zone 5,Zone 5
Check out,31/10/2025,16:36:30,Emirates Metro Station,Emirates Metro Station,Red Metro Line,Zone 5,Zone 5
Check out,31/10/2025,16:36:32,Emirates Metro Station,Emirates Metro Station,Red Metro Line,Zone 5,Zone 5
Check out,31/10/2025,16:36:34,Emirates Metro Station,Emirates Metro Station,Red Metro Line,Zone 5,Zone 5
Check out,31/10/2025,16:39:55,Emirates Metro Station,Emirates Metro Station,Red Metro Line,Zone 5,Zone 5
Check out,31/10/2025,16:40:04,Emirates Metro Station,Emirates Metro Station,Red Metro Line,Zone 5,Zone 5
Check out,31/10/2025,16:40:11,Emirates Metro Station,Emirates Metro Station,Red Metro Line,Zone 5,Zone 5
Check out,31/10/2025,16:40:20,Emirates Metro Station,Emirates Metro Station,Red Metro Line,Zone 5,Zone 5
Check out,31/10/2025,16:40:25,Emirates Metro Station,Emirates Metro Station,Red Metro Line,Zone 5,Zone 5
Check out,31/10/2025,16:40:31,Emirates Metro Station,Emirates Metro Station,Red Metro Line,Zone 5,Zone 5
Check out,31/10/2025,16:41:10,Emirates Metro Station,Emirates Metro Station,Red Metro Line,Zone 5,Zone 5
Check out,31/10/2025,16:43:26,Emirates Metro Station,Emirates Metro Station,Red Metro Line,Zone 5,Zone 5
Check out,31/10/2025,16:43:56,Emirates Metro Station,Emirates Metro Station,Red Metro Line,Zone 5,Zone 5
Check out,31/10/2025,16:44:26,Emirates Metro Station,Emirates Metro Station,Red Metro Line,Zone 5,Zone 5
Check out,31/10/2025,16:44:28,Emirates Metro Station,Emirates Metro Station,Red Metro Line,Zone 5,Zone 5
Check out,31/10/2025,16:44:32,Emirates Metro Station,Emirates Metro Station,Red Metro Line,Zone 5,Zone 5
Check out,31/10/2025,16:45:13,Emirates Metro Station,Emirates Metro Station,Red Metro Line,Zone 5,Zone 5
Check out,31/10/2025,16:46:56,Emirates Metro Station,Emirates Metro Station,Red Metro Line,Zone 5,Zone 5
Check out,31/10/2025,16:47:56,Emirates Metro Station,Emirates Metro Station,Red Metro Line,Zone 5,Zone 5
Check out,31/10/2025,16:48:11,Emirates Metro Station,Emirates Metro Station,Red Metro Line,Zone 5,Zone 5
Check out,31/10/2025,16:48:12,Emirates Metro Station,Emirates Metro Station,Red Metro Line,Zone 5,Zone 5
Check out,31/10/2025,16:48:19,Emirates Metro Station,Emirates Metro Station,Red Metro Line,Zone 5,Zone 5
Check out,31/10/2025,16:48:55,Emirates Metro Station,Emirates Metro Station,Red Metro Line,Zone 5,Zone 5
Check out,31/10/2025,16:51:57,Emirates Metro Station,Emirates Metro Station,Red Metro Line,Zone 5,Zone 5
Check out,31/10/2025,16:52:27,Emirates Metro Station,Emirates Metro Station,Red Metro Line,Zone 5,Zone 5
Check out,31/10/2025,16:52:49,Emirates Metro Station,Emirates Metro Station,Red Metro Line,Zone 5,Zone 5
Check out,31/10/2025,16:56:02,Emirates Metro Station,Emirates Metro Station,Red Metro Line,Zone 5,Zone 5
Check out,31/10/2025,16:56:16,Emirates Metro Station,Emirates Metro Station,Red Metro Line,Zone 5,Zone 5
Check out,31/10/2025,16:56:19,Emirates Metro Station,Emirates Metro Station,Red Metro Line,Zone 5,Zone 5
Check out,31/10/2025,16:56:30,Emirates Metro Station,Emirates Metro Station,Red Metro Line,Zone 5,Zone 5
Check out,31/10/2025,16:59:07,Emirates Metro Station,Emirates Metro Station,Red Metro Line,Zone 5,Zone 5
Check out,31/10/2025,17:00:19,Emirates Metro Station,Emirates Metro Station,Red Metro Line,Zone 5,Zone 5
Check out,31/10/2025,17:00:26,Emirates Metro Station,Emirates Metro Station,Red Metro Line,Zone 5,Zone 5
Check out,31/10/2025,17:00:48,Emirates Metro Station,Emirates Metro Station,Red Metro Line,Zone 5,Zone 5
Check out,31/10/2025,17:00:53,Emirates Metro Station,Emirates Metro Station,Red Metro Line,Zone 5,Zone 5
Check out,31/10/2025,17:03:57,Emirates Metro Station,Emirates Metro Station,Red Metro Line,Zone 5,Zone 5
Check out,31/10/2025,17:04:10,Emirates Metro Station,Emirates Metro Station,Red Metro Line,Zone 5,Zone 5
Check out,31/10/2025,17:04:13,Emirates Metro Station,Emirates Metro Station,Red Metro Line,Zone 5,Zone 5
Check out,31/10/2025,17:04:20,Emirates Metro Station,Emirates Metro Station,Red Metro Line,Zone 5,Zone 5
Check out,31/10/2025,17:04:47,Emirates Metro Station,Emirates Metro Station,Red Metro Line,Zone 5,Zone 5
Check out,31/10/2025,17:06:43,Emirates Metro Station,Emirates Metro Station,Red Metro Line,Zone 5,Zone 5
Check out,31/10/2025,17:06:49,Emirates Metro Station,Emirates Metro Station,Red Metro Line,Zone 5,Zone 5
Check out,31/10/2025,17:08:07,Emirates Metro Station,Emirates Metro Station,Red Metro Line,Zone 5,Zone 5
Check out,31/10/2025,17:08:18,Emirates Metro Station,Emirates Metro Station,Red Metro Line,Zone 5,Zone 5
Check out,31/10/2025,17:08:47,Emirates Metro Station,Emirates Metro Station,Red Metro Line,Zone 5,Zone 5
Check out,31/10/2025,17:08:51,Emirates Metro Station,Emirates Metro Station,Red Metro Line,Zone 5,Zone 5
Check out,31/10/2025,17:08:57,Emirates Metro Station,Emirates Metro Station,Red Metro Line,Zone 5,Zone 5
Check out,31/10/2025,17:08:59,Emirates Metro Station,Emirates Metro Station,Red Metro Line,Zone 5,Zone 5
Check out,31/10/2025,17:09:04,Emirates Metro Station,Emirates Metro Station,Red Metro Line,Zone 5,Zone 5
Check out,31/10/2025,17:09:22,Emirates Metro Station,Emirates Metro Station,Red Metro Line,Zone 5,Zone 5
Check out,31/10/2025,17:09:49,Emirates Metro Station,Emirates Metro Station,Red Metro Line,Zone 5,Zone 5
Check out,31/10/2025,17:12:32,Emirates Metro Station,Emirates Metro Station,Red Metro Line,Zone 5,Zone 5
Check out,31/10/2025,17:12:47,Emirates Metro Station,Emirates Metro Station,Red Metro Line,Zone 5,Zone 5
Check out,31/10/2025,17:16:34,Emirates Metro Station,Emirates Metro Station,Red Metro Line,Zone 5,Zone 5
Check out,31/10/2025,17:17:39,Emirates Metro Station,Emirates Metro Station,Red Metro Line,Zone 5,Zone 5
Check out,31/10/2025,17:20:41,Emirates Metro Station,Emirates Metro Station,Red Metro Line,Zone 5,Zone 5
Check out,31/10/2025,17:21:02,Emirates Metro Station,Emirates Metro Station,Red Metro Line,Zone 5,Zone 5
Check out,31/10/2025,17:21:06,Emirates Metro Station,Emirates Metro Station,Red Metro Line,Zone 5,Zone 5
Check out,31/10/2025,17:21:07,Emirates Metro Station,Emirates Metro Station,Red Metro Line,Zone 5,Zone 5
Check out,31/10/2025,17:21:09,Emirates Metro Station,Emirates Metro Station,Red Metro Line,Zone 5,Zone 5
Check out,31/10/2025,17:21:29,Emirates Metro Station,Emirates Metro Station,Red Metro Line,Zone 5,Zone 5
Check out,31/10/2025,17:21:38,Emirates Metro Station,Emirates Metro Station,Red Metro Line,Zone 5,Zone 5
Check out,31/10/2025,17:24:53,Emirates Metro Station,Emirates Metro Station,Red Metro Line,Zone 5,Zone 5
Check out,31/10/2025,17:24:57,Emirates Metro Station,Emirates Metro Station,Red Metro Line,Zone 5,Zone 5
Check out,31/10/2025,17:25:03,Emirates Metro Station,Emirates Metro Station,Red Metro Line,Zone 5,Zone 5
Check out,31/10/2025,17:25:13,Emirates Metro Station,Emirates Metro Station,Red Metro Line,Zone 5,Zone 5
Check out,31/10/2025,17:28:54,Emirates Metro Station,Emirates Metro Station,Red Metro Line,Zone 5,Zone 5
Check out,31/10/2025,17:28:55,Emirates Metro Station,Emirates Metro Station,Red Metro Line,Zone 5,Zone 5
Check out,31/10/2025,17:29:41,Emirates Metro Station,Emirates Metro Station,Red Metro Line,Zone 5,Zone 5
Check out,31/10/2025,17:30:22,Emirates Metro Station,Emirates Metro Station,Red Metro Line,Zone 5,Zone 5
Check out,31/10/2025,17:31:08,Emirates Metro Station,Emirates Metro Station,Red Metro Line,Zone 5,Zone 5
Check out,31/10/2025,17:31:56,Emirates Metro Station,Emirates Metro Station,Red Metro Line,Zone 5,Zone 5
Check out,31/10/2025,17:32:37,Emirates Metro Station,Emirates Metro Station,Red Metro Line,Zone 5,Zone 5
Check out,31/10/2025,17:32:39,Emirates Metro Station,Emirates Metro Station,Red Metro Line,Zone 5,Zone 5
Check out,31/10/2025,17:32:40,Emirates Metro Station,Emirates Metro Station,Red Metro Line,Zone 5,Zone 5
Check out,31/10/2025,17:32:44,Emirates Metro Station,Emirates Metro Station,Red Metro Line,Zone 5,Zone 5
Check out,31/10/2025,17:32:46,Emirates Metro Station,Emirates Metro Station,Red Metro Line,Zone 5,Zone 5
Check out,31/10/2025,17:32:50,Emirates Metro Station,Emirates Metro Station,Red Metro Line,Zone 5,Zone 5
Check out,31/10/2025,17:35:49,Emirates Metro Station,Emirates Metro Station,Red Metro Line,Zone 5,Zone 5
Check out,31/10/2025,17:36:58,Emirates Metro Station,Emirates Metro Station,Red Metro Line,Zone 5,Zone 5
Check out,31/10/2025,17:36:59,Emirates Metro Station,Emirates Metro Station,Red Metro Line,Zone 5,Zone 5
Check out,31/10/2025,17:39:03,Emirates Metro Station,Emirates Metro Station,Red Metro Line,Zone 5,Zone 5
Check out,31/10/2025,17:39:10,Emirates Metro Station,Emirates Metro Station,Red Metro Line,Zone 5,Zone 5
Check out,31/10/2025,17:40:27,Emirates Metro Station,Emirates Metro Station,Red Metro Line,Zone 5,Zone 5
Check out,31/10/2025,17:40:47,Emirates Metro Station,Emirates Metro Station,Red Metro Line,Zone 5,Zone 5
Check out,31/10/2025,17:41:10,Emirates Metro Station,Emirates Metro Station,Red Metro Line,Zone 5,Zone 5
Check out,31/10/2025,17:43:02,Emirates Metro Station,Emirates Metro Station,Red Metro Line,Zone 5,Zone 5
Check out,31/10/2025,17:43:25,Emirates Metro Station,Emirates Metro Station,Red Metro Line,Zone 5,Zone 5
Check out,31/10/2025,17:43:30,Emirates Metro Station,Emirates Metro Station,Red Metro Line,Zone 5,Zone 5
Check out,31/10/2025,17:44:45,Emirates Metro Station,Emirates Metro Station,Red Metro Line,Zone 5,Zone 5
Check out,31/10/2025,17:45:04,Emirates Metro Station,Emirates Metro Station,Red Metro Line,Zone 5,Zone 5
Check out,31/10/2025,17:45:08,Emirates Metro Station,Emirates Metro Station,Red Metro Line,Zone 5,Zone 5
Check out,31/10/2025,17:45:11,Emirates Metro Station,Emirates Metro Station,Red Metro Line,Zone 5,Zone 5
Check out,31/10/2025,17:45:21,Emirates Metro Station,Emirates Metro Station,Red Metro Line,Zone 5,Zone 5
Check out,31/10/2025,17:45:28,Emirates Metro Station,Emirates Metro Station,Red Metro Line,Zone 5,Zone 5
Check out,31/10/2025,17:48:29,Emirates Metro Station,Emirates Metro Station,Red Metro Line,Zone 5,Zone 5
Check out,31/10/2025,17:48:42,Emirates Metro Station,Emirates Metro Station,Red Metro Line,Zone 5,Zone 5
Check out,31/10/2025,17:48:43,Emirates Metro Station,Emirates Metro Station,Red Metro Line,Zone 5,Zone 5
Check out,31/10/2025,17:48:47,Emirates Metro Station,Emirates Metro Station,Red Metro Line,Zone 5,Zone 5
Check out,31/10/2025,17:48:56,Emirates Metro Station,Emirates Metro Station,Red Metro Line,Zone 5,Zone 5
Check out,31/10/2025,17:50:59,Emirates Metro Station,Emirates Metro Station,Red Metro Line,Zone 5,Zone 5
Check out,31/10/2025,17:51:23,Emirates Metro Station,Emirates Metro Station,Red Metro Line,Zone 5,Zone 5
Check out,31/10/2025,17:51:24,Emirates Metro Station,Emirates Metro Station,Red Metro Line,Zone 5,Zone 5
Check out,31/10/2025,17:51:55,Emirates Metro Station,Emirates Metro Station,Red Metro Line,Zone 5,Zone 5
Check out,31/10/2025,17:52:55,Emirates Metro Station,Emirates Metro Station,Red Metro Line,Zone 5,Zone 5
Check out,31/10/2025,17:53:00,Emirates Metro Station,Emirates Metro Station,Red Metro Line,Zone 5,Zone 5
Check out,31/10/2025,17:53:20,Emirates Metro Station,Emirates Metro Station,Red Metro Line,Zone 5,Zone 5
Check out,31/10/2025,17:56:33,Emirates Metro Station,Emirates Metro Station,Red Metro Line,Zone 5,Zone 5
Check out,31/10/2025,17:56:42,Emirates Metro Station,Emirates Metro Station,Red Metro Line,Zone 5,Zone 5
Check out,31/10/2025,17:56:46,Emirates Metro Station,Emirates Metro Station,Red Metro Line,Zone 5,Zone 5
Check out,31/10/2025,17:56:50,Emirates Metro Station,Emirates Metro Station,Red Metro Line,Zone 5,Zone 5
Check out,31/10/2025,17:56:52,Emirates Metro Station,Emirates Metro Station,Red Metro Line,Zone 5,Zone 5
Check out,31/10/2025,17:56:58,Emirates Metro Station,Emirates Metro Station,Red Metro Line,Zone 5,Zone 5
Check out,31/10/2025,17:57:02,Emirates Metro Station,Emirates Metro Station,Red Metro Line,Zone 5,Zone 5
Check out,31/10/2025,17:57:03,Emirates Metro Station,Emirates Metro Station,Red Metro Line,Zone 5,Zone 5
Check out,31/10/2025,17:57:10,Emirates Metro Station,Emirates Metro Station,Red Metro Line,Zone 5,Zone 5
Check out,31/10/2025,17:59:18,Emirates Metro Station,Emirates Metro Station,Red Metro Line,Zone 5,Zone 5
Check out,31/10/2025,17:59:36,Emirates Metro Station,Emirates Metro Station,Red Metro Line,Zone 5,Zone 5
Check out,31/10/2025,17:59:47,Emirates Metro Station,Emirates Metro Station,Red Metro Line,Zone 5,Zone 5
Check out,31/10/2025,18:00:38,Emirates Metro Station,Emirates Metro Station,Red Metro Line,Zone 5,Zone 5
Check out,31/10/2025,18:00:42,Emirates Metro Station,Emirates Metro Station,Red Metro Line,Zone 5,Zone 5
Check out,31/10/2025,18:00:49,Emirates Metro Station,Emirates Metro Station,Red Metro Line,Zone 5,Zone 5
Check out,31/10/2025,18:00:53,Emirates Metro Station,Emirates Metro Station,Red Metro Line,Zone 5,Zone 5
Check out,31/10/2025,18:01:39,Emirates Metro Station,Emirates Metro Station,Red Metro Line,Zone 5,Zone 5
Check out,31/10/2025,18:01:42,Emirates Metro Station,Emirates Metro Station,Red Metro Line,Zone 5,Zone 5
Check out,31/10/2025,18:02:24,Emirates Metro Station,Emirates Metro Station,Red Metro Line,Zone 5,Zone 5
Check out,31/10/2025,18:03:57,Emirates Metro Station,Emirates Metro Station,Red Metro Line,Zone 5,Zone 5
Check out,31/10/2025,18:05:12,Emirates Metro Station,Emirates Metro Station,Red Metro Line,Zone 5,Zone 5
Check out,31/10/2025,18:05:14,Emirates Metro Station,Emirates Metro Station,Red Metro Line,Zone 5,Zone 5
Check out,31/10/2025,18:05:18,Emirates Metro Station,Emirates Metro Station,Red Metro Line,Zone 5,Zone 5
Check out,31/10/2025,18:05:26,Emirates Metro Station,Emirates Metro Station,Red Metro Line,Zone 5,Zone 5
Check out,31/10/2025,18:06:59,Emirates Metro Station,Emirates Metro Station,Red Metro Line,Zone 5,Zone 5
Check out,31/10/2025,18:07:24,Emirates Metro Station,Emirates Metro Station,Red Metro Line,Zone 5,Zone 5
Check out,31/10/2025,18:09:24,Emirates Metro Station,Emirates Metro Station,Red Metro Line,Zone 5,Zone 5
Check out,31/10/2025,18:10:06,Emirates Metro Station,Emirates Metro Station,Red Metro Line,Zone 5,Zone 5
Check out,31/10/2025,18:10:15,Emirates Metro Station,Emirates Metro Station,Red Metro Line,Zone 5,Zone 5
Check out,31/10/2025,18:10:25,Emirates Metro Station,Emirates Metro Station,Red Metro Line,Zone 5,Zone 5
Check out,31/10/2025,18:13:05,Emirates Metro Station,Emirates Metro Station,Red Metro Line,Zone 5,Zone 5
Check out,31/10/2025,18:13:11,Emirates Metro Station,Emirates Metro Station,Red Metro Line,Zone 5,Zone 5
Check out,31/10/2025,18:16:43,Emirates Metro Station,Emirates Metro Station,Red Metro Line,Zone 5,Zone 5
Check out,31/10/2025,18:16:51,Emirates Metro Station,Emirates Metro Station,Red Metro Line,Zone 5,Zone 5
Check out,31/10/2025,18:17:03,Emirates Metro Station,Emirates Metro Station,Red Metro Line,Zone 5,Zone 5
Check out,31/10/2025,18:17:17,Emirates Metro Station,Emirates Metro Station,Red Metro Line,Zone 5,Zone 5
Check out,31/10/2025,18:18:24,Emirates Metro Station,Emirates Metro Station,Red Metro Line,Zone 5,Zone 5
Check out,31/10/2025,18:18:27,Emirates Metro Station,Emirates Metro Station,Red Metro Line,Zone 5,Zone 5
Check out,31/10/2025,18:20:11,Emirates Metro Station,Emirates Metro Station,Red Metro Line,Zone 5,Zone 5
Check out,31/10/2025,18:20:12,Emirates Metro Station,Emirates Metro Station,Red Metro Line,Zone 5,Zone 5
Check out,31/10/2025,18:20:20,Emirates Metro Station,Emirates Metro Station,Red Metro Line,Zone 5,Zone 5
Check out,31/10/2025,18:21:25,Emirates Metro Station,Emirates Metro Station,Red Metro Line,Zone 5,Zone 5
Check out,31/10/2025,18:21:58,Emirates Metro Station,Emirates Metro Station,Red Metro Line,Zone 5,Zone 5
Check out,31/10/2025,18:22:09,Emirates Metro Station,Emirates Metro Station,Red Metro Line,Zone 5,Zone 5
Check out,31/10/2025,18:22:12,Emirates Metro Station,Emirates Metro Station,Red Metro Line,Zone 5,Zone 5
Check out,31/10/2025,18:23:41,Emirates Metro Station,Emirates Metro Station,Red Metro Line,Zone 5,Zone 5
Check out,31/10/2025,18:24:05,Emirates Metro Station,Emirates Metro Station,Red Metro Line,Zone 5,Zone 5
Check out,31/10/2025,18:24:13,Emirates Metro Station,Emirates Metro Station,Red Metro Line,Zone 5,Zone 5
Check out,31/10/2025,18:24:15,Emirates Metro Station,Emirates Metro Station,Red Metro Line,Zone 5,Zone 5
Check out,31/10/2025,18:24:19,Emirates Metro Station,Emirates Metro Station,Red Metro Line,Zone 5,Zone 5
Check out,31/10/2025,18:24:32,Emirates Metro Station,Emirates Metro Station,Red Metro Line,Zone 5,Zone 5
Check out,31/10/2025,18:25:29,Emirates Metro Station,Emirates Metro Station,Red Metro Line,Zone 5,Zone 5
Check out,31/10/2025,18:27:04,Emirates Metro Station,Emirates Metro Station,Red Metro Line,Zone 5,Zone 5
Check out,31/10/2025,18:27:21,Emirates Metro Station,Emirates Metro Station,Red Metro Line,Zone 5,Zone 5
Check out,31/10/2025,18:27:28,Emirates Metro Station,Emirates Metro Station,Red Metro Line,Zone 5,Zone 5
Check out,31/10/2025,18:27:33,Emirates Metro Station,Emirates Metro Station,Red Metro Line,Zone 5,Zone 5
Check out,31/10/2025,18:27:59,Emirates Metro Station,Emirates Metro Station,Red Metro Line,Zone 5,Zone 5
Check out,31/10/2025,18:30:45,Emirates Metro Station,Emirates Metro Station,Red Metro Line,Zone 5,Zone 5
Check out,31/10/2025,18:31:19,Emirates Metro Station,Emirates Metro Station,Red Metro Line,Zone 5,Zone 5
Check out,31/10/2025,18:33:24,Emirates Metro Station,Emirates Metro Station,Red Metro Line,Zone 5,Zone 5
Check out,31/10/2025,18:34:32,Emirates Metro Station,Emirates Metro Station,Red Metro Line,Zone 5,Zone 5
Check out,31/10/2025,18:35:17,Emirates Metro Station,Emirates Metro Station,Red Metro Line,Zone 5,Zone 5
Check out,31/10/2025,18:35:19,Emirates Metro Station,Emirates Metro Station,Red Metro Line,Zone 5,Zone 5
Check out,31/10/2025,18:35:30,Emirates Metro Station,Emirates Metro Station,Red Metro Line,Zone 5,Zone 5
Check out,31/10/2025,18:36:47,Emirates Metro Station,Emirates Metro Station,Red Metro Line,Zone 5,Zone 5
Check out,31/10/2025,18:36:49,Emirates Metro Station,Emirates Metro Station,Red Metro Line,Zone 5,Zone 5
Check out,31/10/2025,18:37:02,Emirates Metro Station,Emirates Metro Station,Red Metro Line,Zone 5,Zone 5
Check out,31/10/2025,18:37:11,Emirates Metro Station,Emirates Metro Station,Red Metro Line,Zone 5,Zone 5
Check out,31/10/2025,18:37:16,Emirates Metro Station,Emirates Metro Station,Red Metro Line,Zone 5,Zone 5
Check out,31/10/2025,18:37:21,Emirates Metro Station,Emirates Metro Station,Red Metro Line,Zone 5,Zone 5
Check out,31/10/2025,18:37:29,Emirates Metro Station,Emirates Metro Station,Red Metro Line,Zone 5,Zone 5
Check out,31/10/2025,18:37:36,Emirates Metro Station,Emirates Metro Station,Red Metro Line,Zone 5,Zone 5
Check out,31/10/2025,18:39:11,Emirates Metro Station,Emirates Metro Station,Red Metro Line,Zone 5,Zone 5
Check out,31/10/2025,18:39:26,Emirates Metro Station,Emirates Metro Station,Red Metro Line,Zone 5,Zone 5
Check out,31/10/2025,18:40:16,Emirates Metro Station,Emirates Metro Station,Red Metro Line,Zone 5,Zone 5
Check out,31/10/2025,18:41:04,Emirates Metro Station,Emirates Metro Station,Red Metro Line,Zone 5,Zone 5
Check out,31/10/2025,18:41:08,Emirates Metro Station,Emirates Metro Station,Red Metro Line,Zone 5,Zone 5
Check out,31/10/2025,18:41:09,Emirates Metro Station,Emirates Metro Station,Red Metro Line,Zone 5,Zone 5
Check out,31/10/2025,18:41:35,Emirates Metro Station,Emirates Metro Station,Red Metro Line,Zone 5,Zone 5
Check out,31/10/2025,18:42:55,Emirates Metro Station,Emirates Metro Station,Red Metro Line,Zone 5,Zone 5
Check out,31/10/2025,18:43:01,Emirates Metro Station,Emirates Metro Station,Red Metro Line,Zone 5,Zone 5
Check out,31/10/2025,18:43:04,Emirates Metro Station,Emirates Metro Station,Red Metro Line,Zone 5,Zone 5
Check out,31/10/2025,18:43:13,Emirates Metro Station,Emirates Metro Station,Red Metro Line,Zone 5,Zone 5
Check out,31/10/2025,18:43:48,Emirates Metro Station,Emirates Metro Station,Red Metro Line,Zone 5,Zone 5
Check out,31/10/2025,18:43:58,Emirates Metro Station,Emirates Metro Station,Red Metro Line,Zone 5,Zone 5
Check out,31/10/2025,18:44:29,Emirates Metro Station,Emirates Metro Station,Red Metro Line,Zone 5,Zone 5
Check out,31/10/2025,18:45:11,Emirates Metro Station,Emirates Metro Station,Red Metro Line,Zone 5,Zone 5
Check out,31/10/2025,18:45:15,Emirates Metro Station,Emirates Metro Station,Red Metro Line,Zone 5,Zone 5
Check out,31/10/2025,18:45:32,Emirates Metro Station,Emirates Metro Station,Red Metro Line,Zone 5,Zone 5
Check out,31/10/2025,18:46:47,Emirates Metro Station,Emirates Metro Station,Red Metro Line,Zone 5,Zone 5
Check out,31/10/2025,18:47:45,Emirates Metro Station,Emirates Metro Station,Red Metro Line,Zone 5,Zone 5
Check out,31/10/2025,18:47:48,Emirates Metro Station,Emirates Metro Station,Red Metro Line,Zone 5,Zone 5
Check out,31/10/2025,18:47:52,Emirates Metro Station,Emirates Metro Station,Red Metro Line,Zone 5,Zone 5
Check out,31/10/2025,18:49:25,Emirates Metro Station,Emirates Metro Station,Red Metro Line,Zone 5,Zone 5
Check out,31/10/2025,18:49:45,Emirates Metro Station,Emirates Metro Station,Red Metro Line,Zone 5,Zone 5
Check out,31/10/2025,18:50:13,Emirates Metro Station,Emirates Metro Station,Red Metro Line,Zone 5,Zone 5
Check out,31/10/2025,18:50:38,Emirates Metro Station,Emirates Metro Station,Red Metro Line,Zone 5,Zone 5
Check out,31/10/2025,18:51:34,Emirates Metro Station,Emirates Metro Station,Red Metro Line,Zone 5,Zone 5
Check out,31/10/2025,18:51:44,Emirates Metro Station,Emirates Metro Station,Red Metro Line,Zone 5,Zone 5
Check out,31/10/2025,18:52:14,Emirates Metro Station,Emirates Metro Station,Red Metro Line,Zone 5,Zone 5
Check out,31/10/2025,18:52:28,Emirates Metro Station,Emirates Metro Station,Red Metro Line,Zone 5,Zone 5
Check out,31/10/2025,18:52:33,Emirates Metro Station,Emirates Metro Station,Red Metro Line,Zone 5,Zone 5
Check out,31/10/2025,18:53:49,Emirates Metro Station,Emirates Metro Station,Red Metro Line,Zone 5,Zone 5
Check out,31/10/2025,18:54:04,Emirates Metro Station,Emirates Metro Station,Red Metro Line,Zone 5,Zone 5
Check out,31/10/2025,18:54:08,Emirates Metro Station,Emirates Metro Station,Red Metro Line,Zone 5,Zone 5
Check out,31/10/2025,18:54:13,Emirates Metro Station,Emirates Metro Station,Red Metro Line,Zone 5,Zone 5
Check out,31/10/2025,18:54:17,Emirates Metro Station,Emirates Metro Station,Red Metro Line,Zone 5,Zone 5
Check out,31/10/2025,18:54:20,Emirates Metro Station,Emirates Metro Station,Red Metro Line,Zone 5,Zone 5
Check out,31/10/2025,18:58:09,Emirates Metro Station,Emirates Metro Station,Red Metro Line,Zone 5,Zone 5
Check out,31/10/2025,18:58:32,Emirates Metro Station,Emirates Metro Station,Red Metro Line,Zone 5,Zone 5
Check out,31/10/2025,18:58:36,Emirates Metro Station,Emirates Metro Station,Red Metro Line,Zone 5,Zone 5
Check out,31/10/2025,18:59:59,Emirates Metro Station,Emirates Metro Station,Red Metro Line,Zone 5,Zone 5
Check out,31/10/2025,19:00:33,Emirates Metro Station,Emirates Metro Station,Red Metro Line,Zone 5,Zone 5
Check out,31/10/2025,19:01:39,Emirates Metro Station,Emirates Metro Station,Red Metro Line,Zone 5,Zone 5
Check out,31/10/2025,19:01:52,Emirates Metro Station,Emirates Metro Station,Red Metro Line,Zone 5,Zone 5
Check out,31/10/2025,19:02:14,Emirates Metro Station,Emirates Metro Station,Red Metro Line,Zone 5,Zone 5
Check out,31/10/2025,19:02:17,Emirates Metro Station,Emirates Metro Station,Red Metro Line,Zone 5,Zone 5
Check out,31/10/2025,19:04:11,Emirates Metro Station,Emirates Metro Station,Red Metro Line,Zone 5,Zone 5
Check out,31/10/2025,19:04:29,Emirates Metro Station,Emirates Metro Station,Red Metro Line,Zone 5,Zone 5
Check out,31/10/2025,19:05:55,Emirates Metro Station,Emirates Metro Station,Red Metro Line,Zone 5,Zone 5
Check out,31/10/2025,19:06:18,Emirates Metro Station,Emirates Metro Station,Red Metro Line,Zone 5,Zone 5
Check out,31/10/2025,19:06:20,Emirates Metro Station,Emirates Metro Station,Red Metro Line,Zone 5,Zone 5
Check out,31/10/2025,19:06:39,Emirates Metro Station,Emirates Metro Station,Red Metro Line,Zone 5,Zone 5
Check out,31/10/2025,19:07:26,Emirates Metro Station,Emirates Metro Station,Red Metro Line,Zone 5,Zone 5
Check out,31/10/2025,19:07:32,Emirates Metro Station,Emirates Metro Station,Red Metro Line,Zone 5,Zone 5
Check out,31/10/2025,19:07:53,Emirates Metro Station,Emirates Metro Station,Red Metro Line,Zone 5,Zone 5
Check out,31/10/2025,19:07:58,Emirates Metro Station,Emirates Metro Station,Red Metro Line,Zone 5,Zone 5
Check out,31/10/2025,19:08:18,Emirates Metro Station,Emirates Metro Station,Red Metro Line,Zone 5,Zone 5
Check out,31/10/2025,19:08:47,Emirates Metro Station,Emirates Metro Station,Red Metro Line,Zone 5,Zone 5
Check out,31/10/2025,19:09:47,Emirates Metro Station,Emirates Metro Station,Red Metro Line,Zone 5,Zone 5
Check out,31/10/2025,19:09:57,Emirates Metro Station,Emirates Metro Station,Red Metro Line,Zone 5,Zone 5
Check out,31/10/2025,19:10:00,Emirates Metro Station,Emirates Metro Station,Red Metro Line,Zone 5,Zone 5
Check out,31/10/2025,19:10:05,Emirates Metro Station,Emirates Metro Station,Red Metro Line,Zone 5,Zone 5
Check out,31/10/2025,19:11:41,Emirates Metro Station,Emirates Metro Station,Red Metro Line,Zone 5,Zone 5
Check out,31/10/2025,19:12:00,Emirates Metro Station,Emirates Metro Station,Red Metro Line,Zone 5,Zone 5
Check out,31/10/2025,19:12:02,Emirates Metro Station,Emirates Metro Station,Red Metro Line,Zone 5,Zone 5
Check out,31/10/2025,19:12:06,Emirates Metro Station,Emirates Metro Station,Red Metro Line,Zone 5,Zone 5
Check out,31/10/2025,19:12:45,Emirates Metro Station,Emirates Metro Station,Red Metro Line,Zone 5,Zone 5
Check out,31/10/2025,19:13:17,Emirates Metro Station,Emirates Metro Station,Red Metro Line,Zone 5,Zone 5
Check out,31/10/2025,19:14:12,Emirates Metro Station,Emirates Metro Station,Red Metro Line,Zone 5,Zone 5
Check out,31/10/2025,19:14:28,Emirates Metro Station,Emirates Metro Station,Red Metro Line,Zone 5,Zone 5
Check out,31/10/2025,19:15:34,Emirates Metro Station,Emirates Metro Station,Red Metro Line,Zone 5,Zone 5
Check out,31/10/2025,19:17:09,Emirates Metro Station,Emirates Metro Station,Red Metro Line,Zone 5,Zone 5
Check out,31/10/2025,19:18:23,Emirates Metro Station,Emirates Metro Station,Red Metro Line,Zone 5,Zone 5
Check out,31/10/2025,19:18:24,Emirates Metro Station,Emirates Metro Station,Red Metro Line,Zone 5,Zone 5
Check out,31/10/2025,19:18:25,Emirates Metro Station,Emirates Metro Station,Red Metro Line,Zone 5,Zone 5
Check out,31/10/2025,19:18:27,Emirates Metro Station,Emirates Metro Station,Red Metro Line,Zone 5,Zone 5
Check out,31/10/2025,19:18:31,Emirates Metro Station,Emirates Metro Station,Red Metro Line,Zone 5,Zone 5
Check out,31/10/2025,19:18:35,Emirates Metro Station,Emirates Metro Station,Red Metro Line,Zone 5,Zone 5
Check out,31/10/2025,19:18:52,Emirates Metro Station,Emirates Metro Station,Red Metro Line,Zone 5,Zone 5
Check out,31/10/2025,19:21:02,Emirates Metro Station,Emirates Metro Station,Red Metro Line,Zone 5,Zone 5
Check out,31/10/2025,19:21:21,Emirates Metro Station,Emirates Metro Station,Red Metro Line,Zone 5,Zone 5
Check out,31/10/2025,19:21:44,Emirates Metro Station,Emirates Metro Station,Red Metro Line,Zone 5,Zone 5
Check out,31/10/2025,19:21:54,Emirates Metro Station,Emirates Metro Station,Red Metro Line,Zone 5,Zone 5
Check out,31/10/2025,19:22:51,Emirates Metro Station,Emirates Metro Station,Red Metro Line,Zone 5,Zone 5
Check out,31/10/2025,19:23:00,Emirates Metro Station,Emirates Metro Station,Red Metro Line,Zone 5,Zone 5
Check out,31/10/2025,19:23:08,Emirates Metro Station,Emirates Metro Station,Red Metro Line,Zone 5,Zone 5
Check out,31/10/2025,19:25:10,Emirates Metro Station,Emirates Metro Station,Red Metro Line,Zone 5,Zone 5
Check out,31/10/2025,19:25:49,Emirates Metro Station,Emirates Metro Station,Red Metro Line,Zone 5,Zone 5
Check out,31/10/2025,19:26:18,Emirates Metro Station,Emirates Metro Station,Red Metro Line,Zone 5,Zone 5
Check out,31/10/2025,19:26:59,Emirates Metro Station,Emirates Metro Station,Red Metro Line,Zone 5,Zone 5
Check out,31/10/2025,19:27:04,Emirates Metro Station,Emirates Metro Station,Red Metro Line,Zone 5,Zone 5
Check out,31/10/2025,19:27:36,Emirates Metro Station,Emirates Metro Station,Red Metro Line,Zone 5,Zone 5
Check out,31/10/2025,19:28:35,Emirates Metro Station,Emirates Metro Station,Red Metro Line,Zone 5,Zone 5
Check out,31/10/2025,19:30:23,Emirates Metro Station,Emirates Metro Station,Red Metro Line,Zone 5,Zone 5
Check out,31/10/2025,19:31:24,Emirates Metro Station,Emirates Metro Station,Red Metro Line,Zone 5,Zone 5
Check out,31/10/2025,19:31:41,Emirates Metro Station,Emirates Metro Station,Red Metro Line,Zone 5,Zone 5
Check out,31/10/2025,19:35:23,Emirates Metro Station,Emirates Metro Station,Red Metro Line,Zone 5,Zone 5
Check out,31/10/2025,19:37:12,Emirates Metro Station,Emirates Metro Station,Red Metro Line,Zone 5,Zone 5
Check out,31/10/2025,19:38:30,Emirates Metro Station,Emirates Metro Station,Red Metro Line,Zone 5,Zone 5
Check out,31/10/2025,19:39:24,Emirates Metro Station,Emirates Metro Station,Red Metro Line,Zone 5,Zone 5
Check out,31/10/2025,19:40:02,Emirates Metro Station,Emirates Metro Station,Red Metro Line,Zone 5,Zone 5
Check out,31/10/2025,19:40:39,Emirates Metro Station,Emirates Metro Station,Red Metro Line,Zone 5,Zone 5
Check out,31/10/2025,19:40:43,Emirates Metro Station,Emirates Metro Station,Red Metro Line,Zone 5,Zone 5
Check out,31/10/2025,19:42:46,Emirates Metro Station,Emirates Metro Station,Red Metro Line,Zone 5,Zone 5
Check out,31/10/2025,19:42:59,Emirates Metro Station,Emirates Metro Station,Red Metro Line,Zone 5,Zone 5
Check out,31/10/2025,19:43:00,Emirates Metro Station,Emirates Metro Station,Red Metro Line,Zone 5,Zone 5
Check out,31/10/2025,19:43:02,Emirates Metro Station,Emirates Metro Station,Red Metro Line,Zone 5,Zone 5
Check out,31/10/2025,19:43:11,Emirates Metro Station,Emirates Metro Station,Red Metro Line,Zone 5,Zone 5
Check out,31/10/2025,19:44:30,Emirates Metro Station,Emirates Metro Station,Red Metro Line,Zone 5,Zone 5
Check out,31/10/2025,19:46:54,Emirates Metro Station,Emirates Metro Station,Red Metro Line,Zone 5,Zone 5
Check out,31/10/2025,19:47:14,Emirates Metro Station,Emirates Metro Station,Red Metro Line,Zone 5,Zone 5
Check out,31/10/2025,19:52:08,Emirates Metro Station,Emirates Metro Station,Red Metro Line,Zone 5,Zone 5
Check out,31/10/2025,19:52:18,Emirates Metro Station,Emirates Metro Station,Red Metro Line,Zone 5,Zone 5
Check out,31/10/2025,19:52:30,Emirates Metro Station,Emirates Metro Station,Red Metro Line,Zone 5,Zone 5
Check out,31/10/2025,19:52:44,Emirates Metro Station,Emirates Metro Station,Red Metro Line,Zone 5,Zone 5
Check out,31/10/2025,19:53:06,Emirates Metro Station,Emirates Metro Station,Red Metro Line,Zone 5,Zone 5
Check out,31/10/2025,19:53:31,Emirates Metro Station,Emirates Metro Station,Red Metro Line,Zone 5,Zone 5
Check out,31/10/2025,19:54:03,Emirates Metro Station,Emirates Metro Station,Red Metro Line,Zone 5,Zone 5
Check out,31/10/2025,19:55:37,Emirates Metro Station,Emirates Metro Station,Red Metro Line,Zone 5,Zone 5
Check out,31/10/2025,19:57:55,Emirates Metro Station,Emirates Metro Station,Red Metro Line,Zone 5,Zone 5
Check out,31/10/2025,19:58:02,Emirates Metro Station,Emirates Metro Station,Red Metro Line,Zone 5,Zone 5
Check out,31/10/2025,19:59:11,Emirates Metro Station,Emirates Metro Station,Red Metro Line,Zone 5,Zone 5
Check out,31/10/2025,19:59:48,Emirates Metro Station,Emirates Metro Station,Red Metro Line,Zone 5,Zone 5
Check out,31/10/2025,20:01:15,Emirates Metro Station,Emirates Metro Station,Red Metro Line,Zone 5,Zone 5
Check out,31/10/2025,20:01:28,Emirates Metro Station,Emirates Metro Station,Red Metro Line,Zone 5,Zone 5
Check out,31/10/2025,20:02:00,Emirates Metro Station,Emirates Metro Station,Red Metro Line,Zone 5,Zone 5
Check out,31/10/2025,20:05:05,Emirates Metro Station,Emirates Metro Station,Red Metro Line,Zone 5,Zone 5
Check out,31/10/2025,20:06:21,Emirates Metro Station,Emirates Metro Station,Red Metro Line,Zone 5,Zone 5
Check out,31/10/2025,20:06:26,Emirates Metro Station,Emirates Metro Station,Red Metro Line,Zone 5,Zone 5
Check out,31/10/2025,20:06:34,Emirates Metro Station,Emirates Metro Station,Red Metro Line,Zone 5,Zone 5
Check out,31/10/2025,20:06:48,Emirates Metro Station,Emirates Metro Station,Red Metro Line,Zone 5,Zone 5
Check out,31/10/2025,20:08:21,Emirates Metro Station,Emirates Metro Station,Red Metro Line,Zone 5,Zone 5
Check out,31/10/2025,20:08:22,Emirates Metro Station,Emirates Metro Station,Red Metro Line,Zone 5,Zone 5
Check out,31/10/2025,20:08:23,Emirates Metro Station,Emirates Metro Station,Red Metro Line,Zone 5,Zone 5
Check out,31/10/2025,20:08:32,Emirates Metro Station,Emirates Metro Station,Red Metro Line,Zone 5,Zone 5
Check out,31/10/2025,20:08:34,Emirates Metro Station,Emirates Metro Station,Red Metro Line,Zone 5,Zone 5
Check out,31/10/2025,20:10:22,Emirates Metro Station,Emirates Metro Station,Red Metro Line,Zone 5,Zone 5
Check out,31/10/2025,20:16:13,Emirates Metro Station,Emirates Metro Station,Red Metro Line,Zone 5,Zone 5
Check out,31/10/2025,20:16:32,Emirates Metro Station,Emirates Metro Station,Red Metro Line,Zone 5,Zone 5
Check out,31/10/2025,20:18:27,Emirates Metro Station,Emirates Metro Station,Red Metro Line,Zone 5,Zone 5
Check out,31/10/2025,20:19:00,Emirates Metro Station,Emirates Metro Station,Red Metro Line,Zone 5,Zone 5
Check out,31/10/2025,20:20:52,Emirates Metro Station,Emirates Metro Station,Red Metro Line,Zone 5,Zone 5
Check out,31/10/2025,20:21:03,Emirates Metro Station,Emirates Metro Station,Red Metro Line,Zone 5,Zone 5
Check out,31/10/2025,20:22:57,Emirates Metro Station,Emirates Metro Station,Red Metro Line,Zone 5,Zone 5
Check out,31/10/2025,20:23:05,Emirates Metro Station,Emirates Metro Station,Red Metro Line,Zone 5,Zone 5
Check out,31/10/2025,20:23:06,Emirates Metro Station,Emirates Metro Station,Red Metro Line,Zone 5,Zone 5
Check out,31/10/2025,20:23:53,Emirates Metro Station,Emirates Metro Station,Red Metro Line,Zone 5,Zone 5
Check out,31/10/2025,20:25:12,Emirates Metro Station,Emirates Metro Station,Red Metro Line,Zone 5,Zone 5
Check out,31/10/2025,20:25:32,Emirates Metro Station,Emirates Metro Station,Red Metro Line,Zone 5,Zone 5
Check out,31/10/2025,20:25:34,Emirates Metro Station,Emirates Metro Station,Red Metro Line,Zone 5,Zone 5
Check out,31/10/2025,20:25:47,Emirates Metro Station,Emirates Metro Station,Red Metro Line,Zone 5,Zone 5
Check out,31/10/2025,20:27:46,Emirates Metro Station,Emirates Metro Station,Red Metro Line,Zone 5,Zone 5
Check out,31/10/2025,20:27:58,Emirates Metro Station,Emirates Metro Station,Red Metro Line,Zone 5,Zone 5
Check out,31/10/2025,20:27:59,Emirates Metro Station,Emirates Metro Station,Red Metro Line,Zone 5,Zone 5
Check out,31/10/2025,20:30:45,Emirates Metro Station,Emirates Metro Station,Red Metro Line,Zone 5,Zone 5
Check out,31/10/2025,20:31:15,Emirates Metro Station,Emirates Metro Station,Red Metro Line,Zone 5,Zone 5
Check out,31/10/2025,20:33:33,Emirates Metro Station,Emirates Metro Station,Red Metro Line,Zone 5,Zone 5
Check out,31/10/2025,20:34:45,Emirates Metro Station,Emirates Metro Station,Red Metro Line,Zone 5,Zone 5
Check out,31/10/2025,20:35:18,Emirates Metro Station,Emirates Metro Station,Red Metro Line,Zone 5,Zone 5
Check out,31/10/2025,20:38:43,Emirates Metro Station,Emirates Metro Station,Red Metro Line,Zone 5,Zone 5
Check out,31/10/2025,20:39:14,Emirates Metro Station,Emirates Metro Station,Red Metro Line,Zone 5,Zone 5
Check out,31/10/2025,20:39:15,Emirates Metro Station,Emirates Metro Station,Red Metro Line,Zone 5,Zone 5
Check out,31/10/2025,20:39:43,Emirates Metro Station,Emirates Metro Station,Red Metro Line,Zone 5,Zone 5
Check out,31/10/2025,20:40:04,Emirates Metro Station,Emirates Metro Station,Red Metro Line,Zone 5,Zone 5
Check out,31/10/2025,20:40:51,Emirates Metro Station,Emirates Metro Station,Red Metro Line,Zone 5,Zone 5
Check out,31/10/2025,20:41:07,Emirates Metro Station,Emirates Metro Station,Red Metro Line,Zone 5,Zone 5
Check out,31/10/2025,20:41:25,Emirates Metro Station,Emirates Metro Station,Red Metro Line,Zone 5,Zone 5
Check out,31/10/2025,20:42:41,Emirates Metro Station,Emirates Metro Station,Red Metro Line,Zone 5,Zone 5
Check out,31/10/2025,20:42:57,Emirates Metro Station,Emirates Metro Station,Red Metro Line,Zone 5,Zone 5
Check out,31/10/2025,20:43:08,Emirates Metro Station,Emirates Metro Station,Red Metro Line,Zone 5,Zone 5
Check out,31/10/2025,20:45:59,Emirates Metro Station,Emirates Metro Station,Red Metro Line,Zone 5,Zone 5
Check out,31/10/2025,20:46:04,Emirates Metro Station,Emirates Metro Station,Red Metro Line,Zone 5,Zone 5
Check out,31/10/2025,20:46:14,Emirates Metro Station,Emirates Metro Station,Red Metro Line,Zone 5,Zone 5
Check out,31/10/2025,20:46:16,Emirates Metro Station,Emirates Metro Station,Red Metro Line,Zone 5,Zone 5
Check out,31/10/2025,20:46:25,Emirates Metro Station,Emirates Metro Station,Red Metro Line,Zone 5,Zone 5
Check out,31/10/2025,20:46:26,Emirates Metro Station,Emirates Metro Station,Red Metro Line,Zone 5,Zone 5
Check out,31/10/2025,20:46:31,Emirates Metro Station,Emirates Metro Station,Red Metro Line,Zone 5,Zone 5
Check out,31/10/2025,20:46:34,Emirates Metro Station,Emirates Metro Station,Red Metro Line,Zone 5,Zone 5
Check out,31/10/2025,20:48:08,Emirates Metro Station,Emirates Metro Station,Red Metro Line,Zone 5,Zone 5
Check out,31/10/2025,20:48:32,Emirates Metro Station,Emirates Metro Station,Red Metro Line,Zone 5,Zone 5
Check out,31/10/2025,20:48:33,Emirates Metro Station,Emirates Metro Station,Red Metro Line,Zone 5,Zone 5
Check out,31/10/2025,20:50:06,Emirates Metro Station,Emirates Metro Station,Red Metro Line,Zone 5,Zone 5
Check out,31/10/2025,20:50:18,Emirates Metro Station,Emirates Metro Station,Red Metro Line,Zone 5,Zone 5
Check out,31/10/2025,20:50:20,Emirates Metro Station,Emirates Metro Station,Red Metro Line,Zone 5,Zone 5
Check out,31/10/2025,20:50:21,Emirates Metro Station,Emirates Metro Station,Red Metro Line,Zone 5,Zone 5
Check out,31/10/2025,20:50:50,Emirates Metro Station,Emirates Metro Station,Red Metro Line,Zone 5,Zone 5
Check out,31/10/2025,20:53:14,Emirates Metro Station,Emirates Metro Station,Red Metro Line,Zone 5,Zone 5
Check out,31/10/2025,20:53:42,Emirates Metro Station,Emirates Metro Station,Red Metro Line,Zone 5,Zone 5
Check out,31/10/2025,20:54:48,Emirates Metro Station,Emirates Metro Station,Red Metro Line,Zone 5,Zone 5
Check out,31/10/2025,20:55:05,Emirates Metro Station,Emirates Metro Station,Red Metro Line,Zone 5,Zone 5
Check out,31/10/2025,20:55:07,Emirates Metro Station,Emirates Metro Station,Red Metro Line,Zone 5,Zone 5
Check out,31/10/2025,20:55:14,Emirates Metro Station,Emirates Metro Station,Red Metro Line,Zone 5,Zone 5
Check out,31/10/2025,20:57:39,Emirates Metro Station,Emirates Metro Station,Red Metro Line,Zone 5,Zone 5
Check out,31/10/2025,20:57:57,Emirates Metro Station,Emirates Metro Station,Red Metro Line,Zone 5,Zone 5
Check out,31/10/2025,20:58:31,Emirates Metro Station,Emirates Metro Station,Red Metro Line,Zone 5,Zone 5
Check out,31/10/2025,21:03:15,Emirates Metro Station,Emirates Metro Station,Red Metro Line,Zone 5,Zone 5
Check out,31/10/2025,21:03:26,Emirates Metro Station,Emirates Metro Station,Red Metro Line,Zone 5,Zone 5
Check out,31/10/2025,21:03:41,Emirates Metro Station,Emirates Metro Station,Red Metro Line,Zone 5,Zone 5
Check out,31/10/2025,21:03:42,Emirates Metro Station,Emirates Metro Station,Red Metro Line,Zone 5,Zone 5
Check out,31/10/2025,21:04:18,Emirates Metro Station,Emirates Metro Station,Red Metro Line,Zone 5,Zone 5
Check out,31/10/2025,21:04:41,Emirates Metro Station,Emirates Metro Station,Red Metro Line,Zone 5,Zone 5
Check out,31/10/2025,21:06:45,Emirates Metro Station,Emirates Metro Station,Red Metro Line,Zone 5,Zone 5
Check out,31/10/2025,21:06:46,Emirates Metro Station,Emirates Metro Station,Red Metro Line,Zone 5,Zone 5
Check out,31/10/2025,21:07:00,Emirates Metro Station,Emirates Metro Station,Red Metro Line,Zone 5,Zone 5
Check out,31/10/2025,21:08:07,Emirates Metro Station,Emirates Metro Station,Red Metro Line,Zone 5,Zone 5
Check out,31/10/2025,21:09:41,Emirates Metro Station,Emirates Metro Station,Red Metro Line,Zone 5,Zone 5
Check out,31/10/2025,21:13:58,Emirates Metro Station,Emirates Metro Station,Red Metro Line,Zone 5,Zone 5
Check out,31/10/2025,21:14:02,Emirates Metro Station,Emirates Metro Station,Red Metro Line,Zone 5,Zone 5
Check out,31/10/2025,21:16:04,Emirates Metro Station,Emirates Metro Station,Red Metro Line,Zone 5,Zone 5
Check out,31/10/2025,21:16:38,Emirates Metro Station,Emirates Metro Station,Red Metro Line,Zone 5,Zone 5
Check out,31/10/2025,21:17:34,Emirates Metro Station,Emirates Metro Station,Red Metro Line,Zone 5,Zone 5
Check out,31/10/2025,21:18:01,Emirates Metro Station,Emirates Metro Station,Red Metro Line,Zone 5,Zone 5
Check out,31/10/2025,21:21:45,Emirates Metro Station,Emirates Metro Station,Red Metro Line,Zone 5,Zone 5
Check out,31/10/2025,21:21:55,Emirates Metro Station,Emirates Metro Station,Red Metro Line,Zone 5,Zone 5
Check out,31/10/2025,21:25:52,Emirates Metro Station,Emirates Metro Station,Red Metro Line,Zone 5,Zone 5
Check out,31/10/2025,21:28:22,Emirates Metro Station,Emirates Metro Station,Red Metro Line,Zone 5,Zone 5
Check out,31/10/2025,21:29:24,Emirates Metro Station,Emirates Metro Station,Red Metro Line,Zone 5,Zone 5
Check out,31/10/2025,21:29:30,Emirates Metro Station,Emirates Metro Station,Red Metro Line,Zone 5,Zone 5
Check out,31/10/2025,21:29:38,Emirates Metro Station,Emirates Metro Station,Red Metro Line,Zone 5,Zone 5
Check out,31/10/2025,21:29:42,Emirates Metro Station,Emirates Metro Station,Red Metro Line,Zone 5,Zone 5
Check out,31/10/2025,21:33:32,Emirates Metro Station,Emirates Metro Station,Red Metro Line,Zone 5,Zone 5
Check out,31/10/2025,21:33:36,Emirates Metro Station,Emirates Metro Station,Red Metro Line,Zone 5,Zone 5
Check out,31/10/2025,21:33:40,Emirates Metro Station,Emirates Metro Station,Red Metro Line,Zone 5,Zone 5
Check out,31/10/2025,21:33:47,Emirates Metro Station,Emirates Metro Station,Red Metro Line,Zone 5,Zone 5
Check out,31/10/2025,21:34:13,Emirates Metro Station,Emirates Metro Station,Red Metro Line,Zone 5,Zone 5
Check out,31/10/2025,21:35:50,Emirates Metro Station,Emirates Metro Station,Red Metro Line,Zone 5,Zone 5
Check out,31/10/2025,21:39:19,Emirates Metro Station,Emirates Metro Station,Red Metro Line,Zone 5,Zone 5
Check out,31/10/2025,21:39:21,Emirates Metro Station,Emirates Metro Station,Red Metro Line,Zone 5,Zone 5
Check out,31/10/2025,21:39:26,Emirates Metro Station,Emirates Metro Station,Red Metro Line,Zone 5,Zone 5
Check out,31/10/2025,21:39:36,Emirates Metro Station,Emirates Metro Station,Red Metro Line,Zone 5,Zone 5
Check out,31/10/2025,21:40:43,Emirates Metro Station,Emirates Metro Station,Red Metro Line,Zone 5,Zone 5
Check out,31/10/2025,21:42:16,Emirates Metro Station,Emirates Metro Station,Red Metro Line,Zone 5,Zone 5
Check out,31/10/2025,21:42:23,Emirates Metro Station,Emirates Metro Station,Red Metro Line,Zone 5,Zone 5
Check out,31/10/2025,21:42:28,Emirates Metro Station,Emirates Metro Station,Red Metro Line,Zone 5,Zone 5
Check out,31/10/2025,21:44:06,Emirates Metro Station,Emirates Metro Station,Red Metro Line,Zone 5,Zone 5
Check out,31/10/2025,21:45:20,Emirates Metro Station,Emirates Metro Station,Red Metro Line,Zone 5,Zone 5
Check out,31/10/2025,21:45:29,Emirates Metro Station,Emirates Metro Station,Red Metro Line,Zone 5,Zone 5
Check out,31/10/2025,21:47:23,Emirates Metro Station,Emirates Metro Station,Red Metro Line,Zone 5,Zone 5
Check out,31/10/2025,21:47:46,Emirates Metro Station,Emirates Metro Station,Red Metro Line,Zone 5,Zone 5
Check out,31/10/2025,21:47:56,Emirates Metro Station,Emirates Metro Station,Red Metro Line,Zone 5,Zone 5
Check out,31/10/2025,21:49:58,Emirates Metro Station,Emirates Metro Station,Red Metro Line,Zone 5,Zone 5
Check out,31/10/2025,21:49:59,Emirates Metro Station,Emirates Metro Station,Red Metro Line,Zone 5,Zone 5
Check out,31/10/2025,21:50:53,Emirates Metro Station,Emirates Metro Station,Red Metro Line,Zone 5,Zone 5
Check out,31/10/2025,21:53:06,Emirates Metro Station,Emirates Metro Station,Red Metro Line,Zone 5,Zone 5
Check out,31/10/2025,21:55:49,Emirates Metro Station,Emirates Metro Station,Red Metro Line,Zone 5,Zone 5
Check out,31/10/2025,21:56:43,Emirates Metro Station,Emirates Metro Station,Red Metro Line,Zone 5,Zone 5
Check out,31/10/2025,21:59:43,Emirates Metro Station,Emirates Metro Station,Red Metro Line,Zone 5,Zone 5
Check out,31/10/2025,22:00:03,Emirates Metro Station,Emirates Metro Station,Red Metro Line,Zone 5,Zone 5
Check out,31/10/2025,22:01:37,Emirates Metro Station,Emirates Metro Station,Red Metro Line,Zone 5,Zone 5
Check out,31/10/2025,22:05:12,Emirates Metro Station,Emirates Metro Station,Red Metro Line,Zone 5,Zone 5
Check out,31/10/2025,22:08:58,Emirates Metro Station,Emirates Metro Station,Red Metro Line,Zone 5,Zone 5
Check out,31/10/2025,22:09:27,Emirates Metro Station,Emirates Metro Station,Red Metro Line,Zone 5,Zone 5
Check out,31/10/2025,22:09:36,Emirates Metro Station,Emirates Metro Station,Red Metro Line,Zone 5,Zone 5
Check out,31/10/2025,22:10:56,Emirates Metro Station,Emirates Metro Station,Red Metro Line,Zone 5,Zone 5
Check out,31/10/2025,22:11:02,Emirates Metro Station,Emirates Metro Station,Red Metro Line,Zone 5,Zone 5
Check out,31/10/2025,22:12:54,Emirates Metro Station,Emirates Metro Station,Red Metro Line,Zone 5,Zone 5
Check out,31/10/2025,22:13:18,Emirates Metro Station,Emirates Metro Station,Red Metro Line,Zone 5,Zone 5
Check out,31/10/2025,22:13:20,Emirates Metro Station,Emirates Metro Station,Red Metro Line,Zone 5,Zone 5
Check out,31/10/2025,22:13:42,Emirates Metro Station,Emirates Metro Station,Red Metro Line,Zone 5,Zone 5
Check out,31/10/2025,22:14:40,Emirates Metro Station,Emirates Metro Station,Red Metro Line,Zone 5,Zone 5
Check out,31/10/2025,22:14:42,Emirates Metro Station,Emirates Metro Station,Red Metro Line,Zone 5,Zone 5
Check out,31/10/2025,22:16:37,Emirates Metro Station,Emirates Metro Station,Red Metro Line,Zone 5,Zone 5
Check out,31/10/2025,22:16:47,Emirates Metro Station,Emirates Metro Station,Red Metro Line,Zone 5,Zone 5
Check out,31/10/2025,22:16:51,Emirates Metro Station,Emirates Metro Station,Red Metro Line,Zone 5,Zone 5
Check out,31/10/2025,22:20:56,Emirates Metro Station,Emirates Metro Station,Red Metro Line,Zone 5,Zone 5
Check out,31/10/2025,22:21:02,Emirates Metro Station,Emirates Metro Station,Red Metro Line,Zone 5,Zone 5
Check out,31/10/2025,22:22:40,Emirates Metro Station,Emirates Metro Station,Red Metro Line,Zone 5,Zone 5
Check out,31/10/2025,22:22:56,Emirates Metro Station,Emirates Metro Station,Red Metro Line,Zone 5,Zone 5
Check out,31/10/2025,22:23:10,Emirates Metro Station,Emirates Metro Station,Red Metro Line,Zone 5,Zone 5
Check out,31/10/2025,22:23:22,Emirates Metro Station,Emirates Metro Station,Red Metro Line,Zone 5,Zone 5
Check out,31/10/2025,22:23:25,Emirates Metro Station,Emirates Metro Station,Red Metro Line,Zone 5,Zone 5
Check out,31/10/2025,22:23:40,Emirates Metro Station,Emirates Metro Station,Red Metro Line,Zone 5,Zone 5
Check out,31/10/2025,22:25:22,Emirates Metro Station,Emirates Metro Station,Red Metro Line,Zone 5,Zone 5
Check out,31/10/2025,22:25:56,Emirates Metro Station,Emirates Metro Station,Red Metro Line,Zone 5,Zone 5
Check out,31/10/2025,22:29:21,Emirates Metro Station,Emirates Metro Station,Red Metro Line,Zone 5,Zone 5
Check out,31/10/2025,22:29:46,Emirates Metro Station,Emirates Metro Station,Red Metro Line,Zone 5,Zone 5
Check out,31/10/2025,22:29:47,Emirates Metro Station,Emirates Metro Station,Red Metro Line,Zone 5,Zone 5
Check out,31/10/2025,22:32:20,Emirates Metro Station,Emirates Metro Station,Red Metro Line,Zone 5,Zone 5
Check out,31/10/2025,22:32:57,Emirates Metro Station,Emirates Metro Station,Red Metro Line,Zone 5,Zone 5
Check out,31/10/2025,22:33:15,Emirates Metro Station,Emirates Metro Station,Red Metro Line,Zone 5,Zone 5
Check out,31/10/2025,22:33:20,Emirates Metro Station,Emirates Metro Station,Red Metro Line,Zone 5,Zone 5
Check out,31/10/2025,22:35:48,Emirates Metro Station,Emirates Metro Station,Red Metro Line,Zone 5,Zone 5
Check out,31/10/2025,22:36:08,Emirates Metro Station,Emirates Metro Station,Red Metro Line,Zone 5,Zone 5
Check out,31/10/2025,22:36:43,Emirates Metro Station,Emirates Metro Station,Red Metro Line,Zone 5,Zone 5
Check out,31/10/2025,22:36:49,Emirates Metro Station,Emirates Metro Station,Red Metro Line,Zone 5,Zone 5
Check out,31/10/2025,22:36:56,Emirates Metro Station,Emirates Metro Station,Red Metro Line,Zone 5,Zone 5
Check out,31/10/2025,22:41:22,Emirates Metro Station,Emirates Metro Station,Red Metro Line,Zone 5,Zone 5
Check out,31/10/2025,22:42:18,Emirates Metro Station,Emirates Metro Station,Red Metro Line,Zone 5,Zone 5
Check out,31/10/2025,22:43:03,Emirates Metro Station,Emirates Metro Station,Red Metro Line,Zone 5,Zone 5
Check out,31/10/2025,22:46:57,Emirates Metro Station,Emirates Metro Station,Red Metro Line,Zone 5,Zone 5
Check out,31/10/2025,22:48:27,Emirates Metro Station,Emirates Metro Station,Red Metro Line,Zone 5,Zone 5
Check out,31/10/2025,22:50:11,Emirates Metro Station,Emirates Metro Station,Red Metro Line,Zone 5,Zone 5
Check out,31/10/2025,22:52:27,Emirates Metro Station,Emirates Metro Station,Red Metro Line,Zone 5,Zone 5
Check out,31/10/2025,22:52:41,Emirates Metro Station,Emirates Metro Station,Red Metro Line,Zone 5,Zone 5
Check out,31/10/2025,22:53:39,Emirates Metro Station,Emirates Metro Station,Red Metro Line,Zone 5,Zone 5
Check out,31/10/2025,22:56:51,Emirates Metro Station,Emirates Metro Station,Red Metro Line,Zone 5,Zone 5
Check out,31/10/2025,22:59:36,Emirates Metro Station,Emirates Metro Station,Red Metro Line,Zone 5,Zone 5
Check out,31/10/2025,23:00:07,Emirates Metro Station,Emirates Metro Station,Red Metro Line,Zone 5,Zone 5
Check out,31/10/2025,23:01:29,Emirates Metro Station,Emirates Metro Station,Red Metro Line,Zone 5,Zone 5
Check out,31/10/2025,23:04:44,Emirates Metro Station,Emirates Metro Station,Red Metro Line,Zone 5,Zone 5
Check out,31/10/2025,23:04:50,Emirates Metro Station,Emirates Metro Station,Red Metro Line,Zone 5,Zone 5
Check out,31/10/2025,23:08:31,Emirates Metro Station,Emirates Metro Station,Red Metro Line,Zone 5,Zone 5
Check out,31/10/2025,23:08:41,Emirates Metro Station,Emirates Metro Station,Red Metro Line,Zone 5,Zone 5
Check out,31/10/2025,23:08:45,Emirates Metro Station,Emirates Metro Station,Red Metro Line,Zone 5,Zone 5
Check out,31/10/2025,23:09:03,Emirates Metro Station,Emirates Metro Station,Red Metro Line,Zone 5,Zone 5
Check out,31/10/2025,23:09:36,Emirates Metro Station,Emirates Metro Station,Red Metro Line,Zone 5,Zone 5
Check out,31/10/2025,23:12:09,Emirates Metro Station,Emirates Metro Station,Red Metro Line,Zone 5,Zone 5
Check out,31/10/2025,23:13:07,Emirates Metro Station,Emirates Metro Station,Red Metro Line,Zone 5,Zone 5
Check out,31/10/2025,23:13:17,Emirates Metro Station,Emirates Metro Station,Red Metro Line,Zone 5,Zone 5
Check out,31/10/2025,23:16:49,Emirates Metro Station,Emirates Metro Station,Red Metro Line,Zone 5,Zone 5
Check out,31/10/2025,23:17:01,Emirates Metro Station,Emirates Metro Station,Red Metro Line,Zone 5,Zone 5
Check out,31/10/2025,23:21:07,Emirates Metro Station,Emirates Metro Station,Red Metro Line,Zone 5,Zone 5
Check out,31/10/2025,23:24:29,Emirates Metro Station,Emirates Metro Station,Red Metro Line,Zone 5,Zone 5
Check out,31/10/2025,23:24:31,Emirates Metro Station,Emirates Metro Station,Red Metro Line,Zone 5,Zone 5
Check out,31/10/2025,23:24:32,Emirates Metro Station,Emirates Metro Station,Red Metro Line,Zone 5,Zone 5
Check out,31/10/2025,23:24:47,Emirates Metro Station,Emirates Metro Station,Red Metro Line,Zone 5,Zone 5
Check out,31/10/2025,23:28:32,Emirates Metro Station,Emirates Metro Station,Red Metro Line,Zone 5,Zone 5
Check out,31/10/2025,23:28:58,Emirates Metro Station,Emirates Metro Station,Red Metro Line,Zone 5,Zone 5
Check out,31/10/2025,23:29:04,Emirates Metro Station,Emirates Metro Station,Red Metro Line,Zone 5,Zone 5
Check out,31/10/2025,23:29:05,Emirates Metro Station,Emirates Metro Station,Red Metro Line,Zone 5,Zone 5
Check out,31/10/2025,23:36:37,Emirates Metro Station,Emirates Metro Station,Red Metro Line,Zone 5,Zone 5
Check out,31/10/2025,23:36:47,Emirates Metro Station,Emirates Metro Station,Red Metro Line,Zone 5,Zone 5
Check out,31/10/2025,23:36:48,Emirates Metro Station,Emirates Metro Station,Red Metro Line,Zone 5,Zone 5
Check out,31/10/2025,23:36:53,Emirates Metro Station,Emirates Metro Station,Red Metro Line,Zone 5,Zone 5
Check out,31/10/2025,23:37:03,Emirates Metro Station,Emirates Metro Station,Red Metro Line,Zone 5,Zone 5
Check out,31/10/2025,23:37:41,Emirates Metro Station,Emirates Metro Station,Red Metro Line,Zone 5,Zone 5
Check out,31/10/2025,23:38:59,Emirates Metro Station,Emirates Metro Station,Red Metro Line,Zone 5,Zone 5
Check out,31/10/2025,23:40:32,Emirates Metro Station,Emirates Metro Station,Red Metro Line,Zone 5,Zone 5
Check out,31/10/2025,23:40:52,Emirates Metro Station,Emirates Metro Station,Red Metro Line,Zone 5,Zone 5
Check out,31/10/2025,23:52:56,Emirates Metro Station,Emirates Metro Station,Red Metro Line,Zone 5,Zone 5
Check out,31/10/2025,23:52:58,Emirates Metro Station,Emirates Metro Station,Red Metro Line,Zone 5,Zone 5
Check out,31/10/2025,23:53:10,Emirates Metro Station,Emirates Metro Station,Red Metro Line,Zone 5,Zone 5
Check out,31/10/2025,23:56:57,Emirates Metro Station,Emirates Metro Station,Red Metro Line,Zone 5,Zone 5
